stamp,aimms_running,aimms_RSS_GB,free_GB,commit_GB,cpu_pct
2026-08-19 10:51:42,False,0.00,25.16,6.54,1.4
2026-08-19 10:52:13,False,0.00,25.18,6.51,0.7
2026-08-19 10:52:44,True,0.18,24.96,6.73,0.5
2026-08-19 10:53:15,True,0.19,24.92,6.78,3.1
2026-08-19 10:53:46,True,1.02,25.27,6.43,5.3
2026-08-19 10:54:17,True,3.01,23.01,8.69,53.3
2026-08-19 10:54:49,True,2.61,23.22,8.47,43.6
2026-08-19 10:55:20,True,2.83,23.16,8.54,11.7
2026-08-19 10:55:51,True,2.45,23.27,8.42,32.7
2026-08-19 10:56:22,True,3.25,22.56,9.14,42.0
2026-08-19 10:56:53,True,2.42,23.20,8.50,35.7
2026-08-19 10:57:24,True,3.31,22.36,9.33,52.3
2026-08-19 10:57:55,True,3.30,22.34,9.36,37.5
2026-08-19 10:58:27,True,1.44,24.07,7.62,7.6
2026-08-19 10:58:58,True,1.51,23.85,7.84,23.7
2026-08-19 10:59:29,True,3.28,22.33,9.37,31.3
2026-08-19 11:00:00,True,3.32,22.19,9.50,49.8
2026-08-19 11:00:31,True,1.39,24.08,7.61,50.3
2026-08-19 11:01:02,True,2.15,23.16,8.53,12.1
2026-08-19 11:01:34,True,1.24,24.07,7.63,5.0
2026-08-19 11:02:05,True,3.25,22.02,9.68,44.6
2026-08-19 11:02:36,True,3.29,21.62,10.08,46.1
2026-08-19 11:03:07,True,1.21,23.67,8.03,12.0
2026-08-19 11:03:38,True,3.33,21.58,10.11,48.9
2026-08-19 11:04:09,True,3.37,21.52,10.18,45.3
2026-08-19 11:04:41,True,1.49,23.42,8.28,46.4
2026-08-19 11:05:12,True,3.33,21.61,10.09,40.5
2026-08-19 11:05:43,True,2.64,22.24,9.45,4.3
2026-08-19 11:06:14,True,3.18,21.60,10.10,50.0
2026-08-19 11:06:45,True,3.25,21.68,10.02,36.5
2026-08-19 11:07:16,True,2.38,22.44,9.26,27.2
2026-08-19 11:07:48,True,3.37,21.47,10.22,46.6
2026-08-19 11:08:19,True,1.72,23.13,8.56,42.7
2026-08-19 11:08:50,True,2.74,22.05,9.65,32.2
2026-08-19 11:09:21,True,1.72,23.13,8.57,42.4
2026-08-19 11:09:52,True,2.29,22.47,9.22,23.7
2026-08-19 11:10:23,True,1.40,23.44,8.26,8.2
2026-08-19 11:10:54,True,2.79,22.10,9.60,34.5
2026-08-19 11:11:26,True,2.80,22.07,9.62,28.4
2026-08-19 11:11:57,True,1.66,23.10,8.59,21.5
2026-08-19 11:12:28,True,1.33,23.44,8.26,1.8
2026-08-19 11:12:59,True,1.33,23.41,8.29,1.1
2026-08-19 11:13:30,True,1.33,23.35,8.35,0.7
2026-08-19 11:14:01,True,1.33,23.35,8.35,1.6
2026-08-19 11:14:32,False,0.00,24.64,7.05,1.0
2026-08-19 11:15:03,False,0.00,24.65,7.05,1.4
2026-08-19 11:15:34,True,0.18,24.41,7.29,3.9
2026-08-19 11:16:05,True,1.09,23.50,8.20,5.8
2026-08-19 11:16:36,True,2.56,22.00,9.70,37.5
2026-08-19 11:17:08,True,2.39,22.21,9.48,31.8
2026-08-19 11:17:39,True,2.61,21.96,9.73,44.6
2026-08-19 11:18:10,True,3.12,21.42,10.27,29.4
2026-08-19 11:18:41,True,1.55,23.03,8.67,27.7
2026-08-19 11:19:12,True,1.69,22.90,8.79,47.3
2026-08-19 11:19:43,True,2.35,22.15,9.54,30.3
2026-08-19 11:20:14,True,3.28,21.30,10.40,46.3
2026-08-19 11:20:46,True,2.32,22.28,9.41,28.4
2026-08-19 11:21:17,True,3.08,21.47,10.22,49.7
2026-08-19 11:21:48,True,2.76,22.09,9.60,11.8
2026-08-19 11:22:19,True,1.45,23.09,8.60,43.2
2026-08-19 11:22:50,True,1.24,23.32,8.38,3.8
2026-08-19 11:23:21,True,1.24,23.28,8.42,2.0
2026-08-19 11:23:52,True,1.24,23.31,8.39,1.9
2026-08-19 11:24:23,True,1.24,23.24,8.45,2.9
2026-08-19 11:24:54,True,1.24,23.22,8.48,1.1
2026-08-19 11:25:26,True,1.24,23.22,8.48,0.3
2026-08-19 11:25:57,True,1.24,23.22,8.48,2.5
2026-08-19 11:26:28,True,1.24,23.21,8.49,1.1
2026-08-19 11:26:59,True,1.24,23.20,8.49,2.8
2026-08-19 11:27:30,True,1.24,23.17,8.53,2.9
2026-08-19 11:28:01,True,1.24,23.18,8.52,2.4
2026-08-19 11:28:32,True,1.24,23.17,8.52,1.3
2026-08-19 11:29:03,True,1.24,23.15,8.54,2.8
2026-08-19 11:29:34,True,1.25,23.16,8.54,2.2
2026-08-19 11:30:05,True,1.20,23.12,8.58,1.1
2026-08-19 11:30:36,True,1.20,23.04,8.66,0.0
2026-08-19 11:31:07,False,0.00,24.21,7.49,0.5
2026-08-19 11:31:38,False,0.00,24.21,7.48,0.6
2026-08-19 11:32:09,False,0.00,24.23,7.46,2.3
2026-08-19 11:32:41,False,0.00,24.24,7.46,0.8
2026-08-19 11:33:12,False,0.00,24.24,7.45,1.0
2026-08-19 11:33:43,False,0.00,24.25,7.45,0.0
2026-08-19 11:34:14,False,0.00,24.26,7.44,1.0
2026-08-19 11:34:45,False,0.00,24.26,7.44,1.0
2026-08-19 11:35:16,False,0.00,24.25,7.45,3.2
2026-08-19 11:35:47,False,0.00,24.20,7.49,1.3
2026-08-19 11:36:18,False,0.00,24.21,7.48,2.1
2026-08-19 11:36:49,False,0.00,24.24,7.46,2.7
2026-08-19 11:37:20,False,0.00,24.24,7.46,1.0
2026-08-19 11:37:51,False,0.00,24.22,7.48,0.6
2026-08-19 11:38:22,False,0.00,24.14,7.55,5.3
2026-08-19 11:38:53,False,0.00,24.15,7.55,0.0
2026-08-19 11:39:25,False,0.00,24.15,7.55,1.1
2026-08-19 11:39:56,False,0.00,24.14,7.55,2.1
2026-08-19 11:40:27,False,0.00,24.14,7.55,0.0
2026-08-19 11:40:58,False,0.00,24.15,7.55,0.8
2026-08-19 11:41:29,False,0.00,24.15,7.54,2.0
2026-08-19 11:42:00,False,0.00,24.15,7.54,2.5
2026-08-19 11:42:31,False,0.00,24.15,7.55,1.3
2026-08-19 11:43:02,False,0.00,24.14,7.55,0.5
2026-08-19 11:43:33,False,0.00,24.15,7.55,1.5
2026-08-19 11:44:04,False,0.00,24.14,7.55,0.2
2026-08-19 11:44:35,False,0.00,22.25,9.44,5.1
2026-08-19 11:45:06,False,0.00,22.49,9.20,4.8
2026-08-19 11:45:37,False,0.00,22.38,9.31,0.5
2026-08-19 11:46:09,False,0.00,22.36,9.33,1.4
2026-08-19 11:46:40,False,0.00,22.44,9.26,2.5
2026-08-19 11:47:11,False,0.00,22.48,9.22,2.3
2026-08-19 11:47:42,False,0.00,22.47,9.22,0.3
2026-08-19 11:48:13,False,0.00,22.49,9.21,0.1
2026-08-19 11:48:44,False,0.00,22.41,9.28,2.9
2026-08-19 11:49:15,True,0.19,22.26,9.44,0.0
2026-08-19 11:49:46,True,1.09,21.37,10.33,9.6
2026-08-19 11:50:17,True,2.56,19.94,11.76,41.8
2026-08-19 11:50:48,True,2.21,20.80,10.90,29.4
2026-08-19 11:51:19,True,2.60,20.56,11.13,37.4
2026-08-19 11:51:51,True,3.25,19.95,11.75,45.5
2026-08-19 11:52:22,True,1.34,21.81,9.89,8.4
2026-08-19 11:52:53,True,1.50,21.65,10.04,60.1
2026-08-19 11:53:24,True,1.65,21.49,10.21,19.2
2026-08-19 11:53:55,True,2.64,20.49,11.21,35.7
2026-08-19 11:54:27,True,3.23,19.87,11.82,54.1
2026-08-19 11:54:58,True,1.32,21.75,9.95,20.5
2026-08-19 11:55:29,True,2.78,20.31,11.38,41.2
2026-08-19 11:56:00,True,3.28,19.74,11.96,49.7
2026-08-19 11:56:31,True,1.26,21.85,9.84,7.0
2026-08-19 11:57:02,True,1.62,21.53,10.17,26.9
2026-08-19 11:57:34,True,2.93,20.11,11.59,46.5
2026-08-19 11:58:05,True,3.31,19.86,11.84,43.1
2026-08-19 11:58:36,True,2.58,20.50,11.19,41.8
2026-08-19 11:59:07,True,3.09,19.93,11.76,52.7
2026-08-19 11:59:38,True,3.21,20.30,11.40,42.1
2026-08-19 12:00:10,True,1.30,22.10,9.60,7.3
2026-08-19 12:00:41,True,1.65,21.42,10.28,56.3
2026-08-19 12:01:12,True,2.35,20.71,10.99,24.1
2026-08-19 12:01:43,True,3.31,19.82,11.87,33.4
2026-08-19 12:02:14,True,2.99,20.15,11.54,53.3
2026-08-19 12:02:45,True,1.33,21.82,9.88,6.6
2026-08-19 12:03:17,True,2.68,20.40,11.29,37.2
2026-08-19 12:03:48,True,2.67,20.44,11.26,27.1
2026-08-19 12:04:19,True,1.59,21.51,10.18,13.7
2026-08-19 12:04:50,True,3.27,19.71,11.99,50.4
2026-08-19 12:05:21,True,2.89,20.42,11.28,9.4
2026-08-19 12:05:52,True,2.51,20.53,11.16,27.0
2026-08-19 12:06:23,True,2.99,19.95,11.75,45.2
2026-08-19 12:06:55,True,1.38,21.67,10.03,6.2
2026-08-19 12:07:26,True,1.86,21.19,10.51,50.5
2026-08-19 12:07:57,True,2.71,20.30,11.39,35.8
2026-08-19 12:08:28,True,2.81,20.34,11.35,11.5
2026-08-19 12:08:59,True,2.73,20.29,11.41,25.0
2026-08-19 12:09:30,True,3.33,19.67,12.02,45.5
2026-08-19 12:10:02,True,2.92,20.12,11.58,24.5
2026-08-19 12:10:33,True,1.33,21.58,10.12,0.1
2026-08-19 12:11:04,True,1.33,21.72,9.98,4.3
2026-08-19 12:11:35,True,1.33,21.73,9.96,0.3
2026-08-19 12:12:06,True,1.33,21.72,9.98,0.0
2026-08-19 12:12:37,True,1.33,21.71,9.99,3.9
2026-08-19 12:13:08,True,1.33,21.72,9.97,1.1
2026-08-19 12:13:39,True,1.33,21.71,9.98,2.2
2026-08-19 12:14:10,True,1.33,21.73,9.96,1.8
2026-08-19 12:14:42,True,1.33,21.71,9.98,1.2
2026-08-19 12:15:13,True,1.33,21.44,10.26,5.6
2026-08-19 12:15:44,False,0.00,22.62,9.08,3.5
2026-08-19 12:16:15,False,0.00,23.34,8.36,2.8
2026-08-19 12:16:46,False,0.00,23.30,8.39,1.1
2026-08-19 12:17:17,False,0.00,23.31,8.38,0.6
2026-08-19 12:17:48,True,0.19,23.14,8.56,1.5
2026-08-19 12:18:19,True,1.15,24.81,6.88,47.3
2026-08-19 12:18:50,True,4.23,21.07,10.63,37.5
2026-08-19 12:19:21,True,4.03,21.01,10.69,34.7
2026-08-19 12:19:53,True,5.29,19.66,12.04,48.8
2026-08-19 12:20:24,True,4.28,20.70,10.99,53.6
2026-08-19 12:20:55,True,5.59,19.38,12.32,52.0
2026-08-19 12:21:26,True,4.41,20.60,11.09,43.7
2026-08-19 12:21:57,True,5.35,19.44,12.25,58.0
2026-08-19 12:22:29,True,4.37,20.46,11.23,42.6
2026-08-19 12:23:00,True,4.67,19.66,12.03,55.8
2026-08-19 12:23:31,True,3.15,21.43,10.26,24.7
2026-08-19 12:24:02,True,5.30,19.08,12.61,63.1
2026-08-19 12:24:33,True,3.65,20.78,10.92,33.6
2026-08-19 12:25:04,True,4.83,19.06,12.64,51.4
2026-08-19 12:25:36,True,3.01,21.04,10.65,25.5
2026-08-19 12:26:07,True,4.63,19.62,12.08,46.2
2026-08-19 12:26:38,True,1.96,22.27,9.42,19.9
2026-08-19 12:27:09,True,4.41,19.84,11.86,36.7
2026-08-19 12:27:40,True,2.28,21.98,9.72,51.9
2026-08-19 12:28:11,True,4.40,19.85,11.84,44.9
2026-08-19 12:28:42,True,2.48,21.76,9.94,49.2
2026-08-19 12:29:14,True,4.48,19.78,11.92,32.7
2026-08-19 12:29:45,True,2.03,22.21,9.48,23.9
2026-08-19 12:30:16,True,4.49,19.75,11.94,37.4
2026-08-19 12:30:47,True,1.62,22.61,9.08,14.4
2026-08-19 12:31:18,True,5.35,18.75,12.95,51.0
2026-08-19 12:31:49,True,2.55,21.67,10.02,21.4
2026-08-19 12:32:20,True,5.40,18.57,13.13,51.8
2026-08-19 12:32:52,True,4.16,20.13,11.57,32.5
2026-08-19 12:33:23,True,5.65,18.63,13.07,52.9
2026-08-19 12:33:54,True,4.10,20.20,11.50,28.4
2026-08-19 12:34:25,True,4.50,19.79,11.90,35.7
2026-08-19 12:34:56,True,2.08,22.22,9.47,25.2
2026-08-19 12:35:27,True,4.73,19.51,12.18,42.5
2026-08-19 12:35:58,True,3.24,21.02,10.67,23.8
2026-08-19 12:36:30,True,4.50,19.89,11.81,34.5
2026-08-19 12:37:01,True,2.13,22.24,9.45,50.6
2026-08-19 12:37:32,True,2.03,22.37,9.33,9.5
2026-08-19 12:38:03,True,1.98,22.32,9.38,8.9
2026-08-19 12:38:34,True,4.49,19.84,11.86,16.9
2026-08-19 12:39:05,True,1.82,22.55,9.15,7.6
2026-08-19 12:39:36,True,5.42,19.15,12.55,33.3
2026-08-19 12:40:07,True,1.84,22.49,9.20,6.1
2026-08-19 12:40:39,True,5.75,18.57,13.13,45.5
2026-08-19 12:41:10,True,1.84,22.50,9.19,6.1
2026-08-19 12:41:41,True,5.71,18.66,13.04,49.2
2026-08-19 12:42:12,True,1.85,22.49,9.21,5.5
2026-08-19 12:42:43,True,5.59,18.70,12.99,49.5
2026-08-19 12:43:14,True,1.85,22.48,9.22,4.8
2026-08-19 12:43:45,True,5.57,18.76,12.94,50.4
2026-08-19 12:44:17,True,5.66,18.60,13.10,49.9
2026-08-19 12:44:48,True,4.56,19.76,11.94,37.5
2026-08-19 12:45:19,True,5.71,18.54,13.16,46.9
2026-08-19 12:45:50,True,4.51,19.79,11.90,38.9
2026-08-19 12:46:21,True,5.78,18.45,13.24,46.3
2026-08-19 12:46:52,True,4.03,20.24,11.45,30.6
2026-08-19 12:47:24,True,5.74,18.51,13.18,48.7
2026-08-19 12:47:55,True,2.46,21.73,9.96,19.6
2026-08-19 12:48:26,True,4.52,19.75,11.95,36.0
2026-08-19 12:48:57,True,2.70,21.61,10.09,51.9
2026-08-19 12:49:28,True,4.56,19.61,12.08,25.3
2026-08-19 12:49:59,True,2.59,21.57,10.12,53.4
2026-08-19 12:50:31,True,4.53,19.64,12.06,24.4
2026-08-19 12:51:02,True,2.74,21.64,10.05,40.7
2026-08-19 12:51:33,True,5.10,18.27,13.43,45.8
2026-08-19 12:52:04,True,2.36,21.20,10.50,13.7
2026-08-19 12:52:35,True,5.74,17.76,13.94,51.9
2026-08-19 12:53:07,True,4.51,19.03,12.66,31.8
2026-08-19 12:53:38,True,5.56,17.93,13.77,52.9
2026-08-19 12:54:09,True,4.74,18.73,12.97,34.6
2026-08-19 12:54:40,True,5.37,18.16,13.54,35.1
2026-08-19 12:55:11,True,5.75,17.75,13.95,50.1
2026-08-19 12:55:42,True,1.96,21.59,10.11,5.5
2026-08-19 12:56:14,True,5.82,17.72,13.97,50.4
2026-08-19 12:56:45,True,2.86,20.79,10.91,4.4
2026-08-19 12:57:16,True,5.80,17.74,13.95,52.4
2026-08-19 12:57:47,True,2.26,21.31,10.39,10.4
2026-08-19 12:58:18,True,5.80,17.63,14.06,52.3
2026-08-19 12:58:49,True,1.87,21.61,10.09,6.5
2026-08-19 12:59:20,True,5.75,17.70,14.00,51.3
2026-08-19 12:59:52,True,1.86,21.63,10.07,5.0
2026-08-19 13:00:23,True,5.78,17.66,14.04,51.3
2026-08-19 13:00:54,True,1.82,21.65,10.04,6.4
2026-08-19 13:01:25,True,5.68,17.77,13.93,46.8
2026-08-19 13:01:56,True,5.65,17.81,13.88,45.4
2026-08-19 13:02:27,True,4.73,18.67,13.02,45.3
2026-08-19 13:02:58,True,5.78,17.67,14.03,48.9
2026-08-19 13:03:30,True,4.56,18.87,12.83,32.1
2026-08-19 13:04:01,True,5.83,17.62,14.07,50.6
2026-08-19 13:04:32,True,3.96,19.47,12.22,26.8
2026-08-19 13:05:03,True,4.74,18.52,13.17,40.6
2026-08-19 13:05:34,True,2.85,20.42,11.28,56.3
2026-08-19 13:06:05,True,4.13,19.09,12.60,15.7
2026-08-19 13:06:37,True,2.04,21.18,10.51,2.9
2026-08-19 13:07:08,True,5.54,17.74,13.95,43.7
2026-08-19 13:07:39,True,2.04,21.27,10.43,3.3
2026-08-19 13:08:10,True,5.63,17.62,14.08,50.7
2026-08-19 13:08:41,True,1.90,21.41,10.29,0.0
2026-08-19 13:09:12,True,1.88,21.43,10.27,0.8
2026-08-19 13:09:43,True,1.88,21.42,10.27,2.6
2026-08-19 13:10:14,True,1.88,21.43,10.27,1.2
2026-08-19 13:10:45,True,1.88,21.43,10.26,1.8
2026-08-19 13:11:17,False,0.00,23.27,8.42,0.8
2026-08-19 13:11:48,False,0.00,23.25,8.45,0.7
2026-08-19 13:12:19,False,0.00,23.21,8.49,0.9
2026-08-19 13:12:50,False,0.00,23.22,8.47,5.7
2026-08-19 13:13:21,False,0.00,23.21,8.49,0.0
2026-08-19 13:13:52,True,0.18,26.08,5.62,4.2
2026-08-19 13:14:23,True,0.19,25.50,6.19,5.8
2026-08-19 13:14:54,True,0.95,25.26,6.44,8.8
2026-08-19 13:15:25,True,5.29,20.78,10.92,33.3
2026-08-19 13:15:56,True,2.67,23.14,8.55,39.4
2026-08-19 13:16:28,True,2.02,23.68,8.02,11.8
2026-08-19 13:16:59,True,1.92,23.78,7.92,5.2
2026-08-19 13:17:30,True,5.31,20.17,11.52,32.7
2026-08-19 13:18:01,True,5.34,20.17,11.53,36.9
2026-08-19 13:18:32,True,2.61,23.01,8.69,31.9
2026-08-19 13:19:03,True,6.94,18.66,13.04,50.4
2026-08-19 13:19:34,True,7.01,18.60,13.10,48.0
2026-08-19 13:20:05,True,3.84,21.63,10.06,22.3
2026-08-19 13:20:37,True,4.85,20.65,11.05,37.1
2026-08-19 13:21:08,True,2.01,23.53,8.16,4.0
2026-08-19 13:21:39,True,6.90,18.67,13.02,49.2
2026-08-19 13:22:10,True,6.89,18.59,13.11,50.0
2026-08-19 13:22:41,True,5.12,20.38,11.31,27.6
2026-08-19 13:23:12,True,5.34,20.01,11.69,37.7
2026-08-19 13:23:43,True,2.05,23.35,8.35,3.7
2026-08-19 13:24:15,True,5.33,20.02,11.67,35.1
2026-08-19 13:24:46,True,6.71,18.43,13.26,49.5
2026-08-19 13:25:17,True,3.06,22.22,9.47,45.5
2026-08-19 13:25:48,True,6.12,19.14,12.55,28.0
2026-08-19 13:26:19,True,6.95,18.30,13.40,52.3
2026-08-19 13:26:50,True,5.16,20.09,11.61,29.8
2026-08-19 13:27:22,True,5.40,19.75,11.95,40.8
2026-08-19 13:27:53,True,2.08,22.93,8.76,7.3
2026-08-19 13:28:24,True,5.43,19.55,12.14,39.3
2026-08-19 13:28:55,True,6.35,18.54,13.15,47.5
2026-08-19 13:29:26,True,2.67,22.25,9.44,12.9
2026-08-19 13:29:57,True,6.98,17.95,13.75,53.8
2026-08-19 13:30:28,True,6.97,17.52,14.18,54.4
2026-08-19 13:31:00,True,2.57,22.29,9.41,51.8
2026-08-19 13:31:31,True,6.99,17.89,13.80,50.7
2026-08-19 13:32:02,True,6.98,17.88,13.82,51.5
2026-08-19 13:32:33,True,3.24,21.60,10.10,57.7
2026-08-19 13:33:05,True,4.98,19.82,11.88,14.5
2026-08-19 13:33:36,True,3.77,21.20,10.49,8.8
2026-08-19 13:34:07,True,5.00,19.69,12.01,37.0
2026-08-19 13:34:38,True,3.01,21.45,10.25,22.1
2026-08-19 13:35:09,True,3.81,20.66,11.03,5.9
2026-08-19 13:35:40,True,2.99,21.44,10.25,34.0
2026-08-19 13:36:11,True,4.99,19.51,12.19,26.0
2026-08-19 13:36:42,True,6.96,17.48,14.21,55.2
2026-08-19 13:37:13,True,3.18,21.31,10.38,47.8
2026-08-19 13:37:45,True,6.99,17.42,14.27,47.3
2026-08-19 13:38:16,True,6.99,17.47,14.22,48.3
2026-08-19 13:38:47,True,2.59,21.66,10.03,39.4
2026-08-19 13:39:18,True,6.99,17.42,14.27,47.7
2026-08-19 13:39:49,True,6.95,17.43,14.27,59.5
2026-08-19 13:40:21,True,2.32,22.06,9.63,10.2
2026-08-19 13:40:52,True,6.90,17.47,14.23,45.9
2026-08-19 13:41:23,True,5.49,18.96,12.74,34.9
2026-08-19 13:41:54,True,2.24,22.20,9.49,4.9
2026-08-19 13:42:25,True,5.51,18.80,12.90,30.2
2026-08-19 13:42:56,True,5.44,18.97,12.73,23.1
2026-08-19 13:43:27,True,4.45,19.98,11.72,16.0
2026-08-19 13:43:58,True,3.21,21.22,10.47,16.3
2026-08-19 13:44:30,True,6.25,18.22,13.48,31.2
2026-08-19 13:45:01,True,7.04,17.36,14.34,51.9
2026-08-19 13:45:32,True,2.92,21.50,10.20,52.5
2026-08-19 13:46:03,True,7.05,17.34,14.36,47.6
2026-08-19 13:46:34,True,7.00,17.41,14.28,56.0
2026-08-19 13:47:06,True,2.10,22.32,9.37,10.2
2026-08-19 13:47:37,True,6.95,17.43,14.27,55.4
2026-08-19 13:48:08,True,6.27,18.07,13.62,46.2
2026-08-19 13:48:39,True,2.32,22.09,9.61,4.1
2026-08-19 13:49:10,True,5.94,18.39,13.31,44.9
2026-08-19 13:49:41,True,5.80,18.67,13.02,35.5
2026-08-19 13:50:12,True,2.35,22.10,9.59,6.0
2026-08-19 13:50:43,True,5.56,18.88,12.81,28.9
2026-08-19 13:51:15,True,5.46,18.87,12.83,20.3
2026-08-19 13:51:46,True,2.27,22.31,9.38,19.5
2026-08-19 13:52:17,True,4.13,20.24,11.46,26.6
2026-08-19 13:52:48,True,4.76,19.72,11.98,25.7
2026-08-19 13:53:19,True,3.29,21.17,10.53,14.1
2026-08-19 13:53:50,True,4.81,19.57,12.13,26.8
2026-08-19 13:54:21,True,3.05,21.33,10.36,22.8
2026-08-19 13:54:52,True,5.86,18.54,13.15,24.8
2026-08-19 13:55:23,True,3.32,21.11,10.58,31.0
2026-08-19 13:55:55,True,3.72,20.73,10.97,10.8
2026-08-19 13:56:26,True,6.62,17.77,13.92,47.2
2026-08-19 13:56:57,True,3.38,20.98,10.71,48.8
2026-08-19 13:57:28,True,7.02,17.39,14.30,50.2
2026-08-19 13:57:59,True,7.03,17.35,14.35,48.6
2026-08-19 13:58:31,True,2.96,21.40,10.29,8.3
2026-08-19 13:59:02,True,6.96,17.33,14.37,54.1
2026-08-19 13:59:33,True,6.99,17.30,14.40,58.3
2026-08-19 14:00:04,True,2.22,22.14,9.55,10.9
2026-08-19 14:00:35,True,6.29,18.01,13.69,43.8
2026-08-19 14:01:06,True,5.77,18.60,13.09,30.8
2026-08-19 14:01:37,True,2.40,21.97,9.73,3.0
2026-08-19 14:02:09,True,5.74,18.76,12.94,38.2
2026-08-19 14:02:40,True,5.49,18.85,12.84,19.5
2026-08-19 14:03:11,True,2.41,21.93,9.76,6.8
2026-08-19 14:03:42,True,5.58,18.86,12.84,31.4
2026-08-19 14:04:13,True,4.49,19.85,11.84,34.3
2026-08-19 14:04:44,True,5.82,18.55,13.14,13.7
2026-08-19 14:05:15,True,4.78,19.51,12.19,26.2
2026-08-19 14:05:46,True,5.40,18.94,12.76,15.9
2026-08-19 14:06:17,True,2.42,21.96,9.73,3.6
2026-08-19 14:06:48,True,5.54,18.82,12.87,32.6
2026-08-19 14:07:20,True,6.51,17.83,13.87,47.4
2026-08-19 14:07:51,True,2.98,21.45,10.24,6.7
2026-08-19 14:08:22,True,7.08,17.35,14.34,48.1
2026-08-19 14:08:53,True,6.67,17.73,13.97,39.6
2026-08-19 14:09:24,True,3.30,21.13,10.57,49.8
2026-08-19 14:09:56,True,3.69,20.80,10.90,5.6
2026-08-19 14:10:27,True,2.70,21.83,9.87,2.6
2026-08-19 14:10:58,True,5.10,19.30,12.40,23.7
2026-08-19 14:11:29,True,5.63,18.67,13.03,33.4
2026-08-19 14:12:00,True,2.22,22.12,9.57,6.1
2026-08-19 14:12:31,True,6.99,17.32,14.37,45.8
2026-08-19 14:13:02,True,7.06,17.40,14.29,49.5
2026-08-19 14:13:33,True,3.18,21.21,10.49,8.6
2026-08-19 14:14:05,True,5.58,18.85,12.84,21.1
2026-08-19 14:14:36,True,2.49,21.92,9.78,4.7
2026-08-19 14:15:07,True,6.31,17.95,13.75,41.4
2026-08-19 14:15:38,True,7.08,17.30,14.39,46.2
2026-08-19 14:16:09,True,3.09,21.29,10.40,13.9
2026-08-19 14:16:40,True,7.09,17.32,14.38,47.6
2026-08-19 14:17:12,True,7.09,17.28,14.41,50.2
2026-08-19 14:17:43,True,3.22,21.08,10.61,52.5
2026-08-19 14:18:14,True,7.16,17.29,14.40,46.3
2026-08-19 14:18:45,True,7.07,17.35,14.35,48.8
2026-08-19 14:19:16,True,3.44,21.01,10.69,43.5
2026-08-19 14:19:47,True,7.07,17.40,14.29,49.9
2026-08-19 14:20:19,True,7.12,17.38,14.32,56.4
2026-08-19 14:20:50,True,3.49,21.06,10.64,50.2
2026-08-19 14:21:21,True,2.82,21.66,10.03,23.0
2026-08-19 14:21:52,True,2.33,22.22,9.48,9.0
2026-08-19 14:22:23,True,4.86,19.56,12.14,28.0
2026-08-19 14:22:54,True,5.35,19.05,12.65,17.4
2026-08-19 14:23:25,True,2.52,21.95,9.74,4.6
2026-08-19 14:23:57,True,5.53,18.89,12.80,18.3
2026-08-19 14:24:28,True,5.52,18.91,12.78,20.5
2026-08-19 14:24:59,True,2.55,21.90,9.80,5.9
2026-08-19 14:25:30,True,5.56,18.84,12.85,29.9
2026-08-19 14:26:01,True,5.76,18.72,12.97,19.4
2026-08-19 14:26:32,True,2.33,22.09,9.60,0.0
2026-08-19 14:27:03,True,2.33,22.09,9.61,0.8
2026-08-19 14:27:34,True,2.33,22.11,9.59,2.7
2026-08-19 14:28:05,True,2.33,22.11,9.58,3.8
2026-08-19 14:28:37,True,2.33,22.11,9.58,0.0
2026-08-19 14:29:08,True,2.33,22.12,9.58,1.2
2026-08-19 14:29:39,True,2.33,22.11,9.58,0.8
2026-08-19 14:30:10,True,2.33,22.12,9.57,1.7
2026-08-19 14:30:41,True,2.33,22.06,9.64,0.5
2026-08-19 14:31:12,True,2.33,22.07,9.63,1.0
2026-08-19 14:31:43,True,2.33,22.08,9.62,1.5
2026-08-19 14:32:14,True,2.33,22.08,9.61,0.0
2026-08-19 14:32:45,True,2.33,22.07,9.63,0.6
2026-08-19 14:33:16,True,2.33,22.06,9.63,2.7
2026-08-19 14:33:47,True,2.33,22.07,9.62,2.3
2026-08-19 14:34:18,True,2.33,22.07,9.63,0.0
2026-08-19 14:34:49,True,2.33,22.08,9.61,2.9
2026-08-19 14:35:21,True,2.33,22.07,9.63,1.8
2026-08-19 14:35:52,True,2.33,22.10,9.60,1.6
2026-08-19 14:36:23,True,2.33,22.10,9.59,1.0
2026-08-19 14:36:54,True,2.33,22.10,9.59,1.7
2026-08-19 14:37:25,True,2.33,22.10,9.59,1.0
2026-08-19 14:37:56,True,2.33,22.07,9.63,0.0
2026-08-19 14:38:27,True,2.33,22.08,9.62,2.4
2026-08-19 14:38:58,True,2.33,22.09,9.60,1.8
2026-08-19 14:39:29,True,2.33,22.06,9.63,1.1
2026-08-19 14:40:00,True,2.33,22.04,9.65,3.1
2026-08-19 14:40:31,True,2.33,22.05,9.64,0.3
2026-08-19 14:41:02,True,2.33,22.05,9.64,1.4
2026-08-19 14:41:34,True,2.33,22.06,9.64,0.6
2026-08-19 14:42:05,True,2.33,21.95,9.75,2.2
2026-08-19 14:42:36,True,2.33,21.96,9.73,2.0
2026-08-19 14:43:07,True,2.33,21.96,9.74,1.6
2026-08-19 14:43:38,True,2.33,21.96,9.74,1.2
2026-08-19 14:44:09,True,2.33,21.96,9.73,0.0
2026-08-19 14:44:40,True,2.33,21.96,9.73,1.2
2026-08-19 14:45:11,True,2.33,21.96,9.73,0.8
2026-08-19 14:45:42,True,2.33,21.99,9.70,1.4
2026-08-19 14:46:13,True,2.33,21.98,9.72,3.7
2026-08-19 14:46:44,True,2.33,21.97,9.72,1.3
2026-08-19 14:47:15,True,2.33,21.97,9.72,1.3
2026-08-19 14:47:46,True,2.33,21.96,9.74,2.5
2026-08-19 14:48:17,True,2.33,21.96,9.74,0.2
2026-08-19 14:48:49,True,2.33,21.97,9.73,1.3
2026-08-19 14:49:20,True,2.33,21.96,9.74,0.0
2026-08-19 14:49:51,True,2.33,21.94,9.75,1.9
2026-08-19 14:50:22,True,2.33,21.96,9.73,0.9
2026-08-19 14:50:53,True,2.32,21.92,9.78,1.1
2026-08-19 14:51:24,True,2.32,21.89,9.80,0.1
2026-08-19 14:51:55,True,2.32,21.90,9.80,2.4
2026-08-19 14:52:26,True,2.32,21.90,9.79,5.6
2026-08-19 14:52:57,True,2.32,21.91,9.79,0.7
2026-08-19 14:53:28,True,2.30,21.89,9.81,1.6
2026-08-19 14:53:59,True,2.30,21.91,9.79,1.0
2026-08-19 14:54:30,True,2.30,21.92,9.78,0.2
2026-08-19 14:55:01,True,2.30,21.92,9.78,2.8
2026-08-19 14:55:33,True,2.30,21.92,9.78,2.0
2026-08-19 14:56:04,True,2.30,21.93,9.77,0.4
2026-08-19 14:56:35,True,2.30,21.93,9.77,2.4
2026-08-19 14:57:06,True,2.30,21.93,9.77,0.6
2026-08-19 14:57:37,True,2.30,21.93,9.77,1.0
2026-08-19 14:58:08,True,2.30,21.93,9.77,0.9
2026-08-19 14:58:39,True,2.30,21.91,9.79,0.1
2026-08-19 14:59:10,True,2.30,21.91,9.79,1.1
2026-08-19 14:59:41,True,2.30,21.91,9.78,0.9
2026-08-19 15:00:12,True,2.30,21.92,9.78,1.6
2026-08-19 15:00:43,True,2.30,21.96,9.73,0.0
2026-08-19 15:01:14,True,2.30,21.95,9.75,1.0
2026-08-19 15:01:45,True,2.30,21.94,9.75,2.1
2026-08-19 15:02:16,True,2.30,21.95,9.75,2.9
2026-08-19 15:02:48,True,2.30,21.92,9.77,1.0
2026-08-19 15:03:19,True,2.30,21.92,9.78,0.5
2026-08-19 15:03:50,True,2.30,21.92,9.77,1.9
2026-08-19 15:04:21,True,2.30,21.92,9.78,8.2
2026-08-19 15:04:52,True,2.30,21.91,9.78,0.3
2026-08-19 15:05:23,True,2.30,21.97,9.72,5.3
2026-08-19 15:05:54,True,2.30,21.98,9.72,2.2
2026-08-19 15:06:25,True,2.30,21.98,9.72,1.3
2026-08-19 15:06:56,True,2.30,21.99,9.71,2.5
2026-08-19 15:07:27,True,2.30,21.99,9.70,0.0
2026-08-19 15:07:58,True,2.30,21.98,9.72,1.0
2026-08-19 15:08:29,True,2.30,21.97,9.72,4.3
2026-08-19 15:09:00,True,2.30,21.98,9.72,0.5
2026-08-19 15:09:32,True,2.30,21.95,9.74,3.3
2026-08-19 15:10:03,True,2.30,21.95,9.75,2.1
2026-08-19 15:10:34,True,2.30,21.95,9.74,0.7
2026-08-19 15:11:05,True,2.30,21.95,9.75,0.0
2026-08-19 15:11:36,True,2.30,21.95,9.75,0.3
2026-08-19 15:12:07,True,2.30,21.95,9.75,1.9
2026-08-19 15:12:38,True,2.30,21.95,9.75,1.1
2026-08-19 15:13:09,True,2.30,21.95,9.74,2.2
2026-08-19 15:13:40,True,2.30,21.95,9.75,0.9
2026-08-19 15:14:11,True,2.30,21.96,9.74,1.9
2026-08-19 15:14:42,True,2.30,21.95,9.75,1.3
2026-08-19 15:15:13,True,2.30,21.95,9.75,0.4
2026-08-19 15:15:44,True,2.30,21.88,9.81,1.4
2026-08-19 15:16:16,True,2.30,21.91,9.79,0.8
2026-08-19 15:16:47,True,2.30,21.91,9.78,2.0
2026-08-19 15:17:18,True,2.30,21.92,9.78,1.9
2026-08-19 15:17:49,True,2.30,21.90,9.79,2.2
2026-08-19 15:18:20,True,2.30,21.90,9.80,1.9
2026-08-19 15:18:51,True,2.30,21.91,9.79,1.3
2026-08-19 15:19:22,True,2.30,21.92,9.78,2.9
2026-08-19 15:19:53,True,2.30,21.92,9.77,0.0
2026-08-19 15:20:24,True,2.30,21.94,9.76,0.4
2026-08-19 15:20:55,True,2.30,21.94,9.75,4.6
2026-08-19 15:21:26,True,2.30,21.95,9.74,1.3
2026-08-19 15:21:57,True,2.30,21.95,9.74,4.1
2026-08-19 15:22:29,True,2.30,21.91,9.78,2.0
2026-08-19 15:23:00,True,2.30,21.90,9.80,0.4
2026-08-19 15:23:31,True,2.30,21.89,9.81,0.0
2026-08-19 15:24:02,True,2.30,21.91,9.79,3.8
2026-08-19 15:24:33,True,2.30,21.91,9.79,0.0
2026-08-19 15:25:04,True,2.30,21.91,9.79,1.0
2026-08-19 15:25:35,True,2.30,21.91,9.79,7.8
2026-08-19 15:26:06,True,2.30,21.90,9.79,1.2
2026-08-19 15:26:37,True,2.30,21.90,9.79,3.2
2026-08-19 15:27:08,True,2.30,21.91,9.79,0.8
2026-08-19 15:27:39,True,2.30,21.90,9.79,3.7
2026-08-19 15:28:10,True,2.30,21.91,9.78,2.8
2026-08-19 15:28:41,True,2.30,21.89,9.81,0.0
2026-08-19 15:29:13,True,2.30,21.89,9.81,1.0
2026-08-19 15:29:44,True,2.30,21.89,9.80,0.0
2026-08-19 15:30:15,True,2.30,21.89,9.81,1.8
2026-08-19 15:30:46,True,2.30,21.90,9.80,0.5
2026-08-19 15:31:17,True,2.30,21.89,9.80,0.6
2026-08-19 15:31:48,True,2.30,21.89,9.80,0.0
2026-08-19 15:32:19,True,2.30,21.89,9.80,0.0
2026-08-19 15:32:50,True,2.30,21.88,9.82,4.3
2026-08-19 15:33:21,True,2.30,21.88,9.82,2.3
2026-08-19 15:33:52,True,2.30,21.90,9.80,0.3
2026-08-19 15:34:23,True,2.30,21.86,9.84,3.5
2026-08-19 15:34:54,True,2.30,21.87,9.82,2.7
2026-08-19 15:35:25,True,2.30,21.89,9.81,0.0
2026-08-19 15:35:57,True,2.30,21.87,9.82,1.7
2026-08-19 15:36:28,True,2.30,21.85,9.85,4.0
2026-08-19 15:36:59,True,2.30,21.85,9.85,2.1
2026-08-19 15:37:30,True,2.30,21.84,9.85,0.7
2026-08-19 15:38:01,True,2.30,21.81,9.88,1.0
2026-08-19 15:38:32,True,2.30,21.72,9.97,0.4
2026-08-19 15:39:03,True,2.30,21.72,9.98,1.8
2026-08-19 15:39:34,True,2.30,21.73,9.97,0.5
2026-08-19 15:40:05,True,2.30,21.73,9.97,1.5
2026-08-19 15:40:36,True,2.30,21.73,9.96,1.4
2026-08-19 15:41:07,True,2.30,21.69,10.01,1.2
2026-08-19 15:41:38,True,2.30,21.61,10.08,2.1
2026-08-19 15:42:09,True,2.30,21.59,10.11,3.1
2026-08-19 15:42:40,False,0.00,23.86,7.83,1.0
2026-08-19 15:43:12,True,0.18,23.66,8.03,0.7
2026-08-19 15:43:43,True,1.44,24.59,7.11,40.8
2026-08-19 15:44:14,True,4.41,21.18,10.52,24.7
2026-08-19 15:44:45,True,2.18,23.35,8.35,5.9
2026-08-19 15:45:16,True,7.07,18.27,13.42,49.6
2026-08-19 15:45:47,True,7.09,18.19,13.50,50.0
2026-08-19 15:46:19,True,5.18,20.06,11.64,33.7
2026-08-19 15:46:50,True,5.17,20.12,11.58,31.6
2026-08-19 15:47:21,True,1.98,23.20,8.50,5.2
2026-08-19 15:47:52,True,6.34,18.79,12.91,47.5
2026-08-19 15:48:23,True,6.82,18.04,13.66,53.2
2026-08-19 15:48:54,True,2.98,22.14,9.55,37.1
2026-08-19 15:49:26,True,6.85,18.37,13.32,40.1
2026-08-19 15:49:57,True,7.13,17.93,13.76,44.9
2026-08-19 15:50:28,True,5.45,19.52,12.17,33.4
2026-08-19 15:50:59,True,5.50,19.34,12.35,39.5
2026-08-19 15:51:30,True,2.07,23.01,8.68,3.1
2026-08-19 15:52:01,True,5.97,18.80,12.90,41.4
2026-08-19 15:52:33,True,5.82,19.21,12.49,37.9
2026-08-19 15:53:04,True,2.62,22.35,9.34,8.6
2026-08-19 15:53:35,True,7.15,16.85,14.85,53.4
2026-08-19 15:54:06,True,7.19,16.90,14.80,60.5
2026-08-19 15:54:37,True,2.89,21.15,10.55,13.2
2026-08-19 15:55:09,True,6.72,17.31,14.39,38.4
2026-08-19 15:55:40,True,7.14,16.90,14.79,48.7
2026-08-19 15:56:11,True,2.40,21.59,10.11,13.8
2026-08-19 15:56:42,True,4.75,19.16,12.53,25.5
2026-08-19 15:57:13,True,2.13,21.89,9.81,3.5
2026-08-19 15:57:44,True,6.37,17.57,14.13,42.7
2026-08-19 15:58:16,True,7.14,16.78,14.92,50.0
2026-08-19 15:58:47,True,2.52,20.98,10.72,14.1
2026-08-19 15:59:18,True,7.14,16.57,15.12,49.4
2026-08-19 15:59:49,True,7.19,16.60,15.09,51.7
2026-08-19 16:00:20,True,3.18,20.73,10.97,54.2
2026-08-19 16:00:52,True,7.20,16.71,14.99,49.0
2026-08-19 16:01:23,True,7.14,16.77,14.92,48.6
2026-08-19 16:01:54,True,2.72,21.27,10.42,14.6
2026-08-19 16:02:25,True,7.15,16.83,14.86,46.5
2026-08-19 16:02:56,True,7.04,16.79,14.90,47.8
2026-08-19 16:03:28,True,2.64,21.71,9.99,5.5
2026-08-19 16:03:59,True,7.20,16.80,14.90,48.9
2026-08-19 16:04:30,True,7.23,16.82,14.88,49.6
2026-08-19 16:05:01,True,3.20,20.84,10.85,45.8
2026-08-19 16:05:32,True,7.19,16.83,14.86,49.5
2026-08-19 16:06:03,True,6.83,17.21,14.49,42.8
2026-08-19 16:06:35,True,3.16,20.73,10.97,46.6
2026-08-19 16:07:06,True,7.24,16.74,14.96,51.6
2026-08-19 16:07:37,True,7.27,16.68,15.02,48.2
2026-08-19 16:08:09,True,3.25,20.70,11.00,49.4
2026-08-19 16:08:40,True,7.22,16.76,14.94,49.5
2026-08-19 16:09:11,True,7.17,16.77,14.92,47.8
2026-08-19 16:09:42,True,2.94,20.99,10.71,11.2
2026-08-19 16:10:13,True,7.19,16.76,14.94,45.7
2026-08-19 16:10:44,True,5.93,17.91,13.79,37.8
2026-08-19 16:11:16,True,2.30,21.81,9.89,8.4
2026-08-19 16:11:47,True,6.94,16.89,14.81,52.4
2026-08-19 16:12:18,True,5.80,18.25,13.44,35.7
2026-08-19 16:12:49,True,2.29,21.62,10.07,4.3
2026-08-19 16:13:20,True,6.44,17.39,14.30,53.9
2026-08-19 16:13:51,True,5.93,17.99,13.70,38.9
2026-08-19 16:14:22,True,2.32,21.56,10.14,2.6
2026-08-19 16:14:53,True,6.42,17.39,14.30,41.9
2026-08-19 16:15:25,True,5.85,17.94,13.76,37.7
2026-08-19 16:15:56,True,2.34,21.49,10.21,4.2
2026-08-19 16:16:27,True,6.67,17.14,14.56,46.2
2026-08-19 16:16:58,True,5.64,18.19,13.51,35.4
2026-08-19 16:17:29,True,2.34,21.50,10.20,3.3
2026-08-19 16:18:00,True,5.72,18.18,13.51,31.1
2026-08-19 16:18:31,True,5.65,18.15,13.54,40.0
2026-08-19 16:19:03,True,2.35,21.52,10.18,5.9
2026-08-19 16:19:34,True,5.63,18.16,13.53,22.5
2026-08-19 16:20:05,True,5.65,18.19,13.50,21.0
2026-08-19 16:20:36,True,2.36,21.52,10.18,5.1
2026-08-19 16:21:07,True,5.73,18.11,13.59,33.1
2026-08-19 16:21:38,True,5.99,17.86,13.84,37.6
2026-08-19 16:22:09,True,2.38,21.48,10.22,7.1
2026-08-19 16:22:40,True,6.61,17.07,14.63,44.0
2026-08-19 16:23:12,True,6.48,17.31,14.39,44.1
2026-08-19 16:23:43,True,2.39,21.43,10.27,5.5
2026-08-19 16:24:14,True,7.21,16.51,15.19,47.3
2026-08-19 16:24:45,True,7.22,16.56,15.14,51.8
2026-08-19 16:25:16,True,2.80,20.96,10.74,18.1
2026-08-19 16:25:47,True,7.21,16.51,15.19,47.7
2026-08-19 16:26:19,True,7.22,16.54,15.16,46.6
2026-08-19 16:26:50,True,3.31,20.46,11.24,46.7
2026-08-19 16:27:21,True,7.28,16.47,15.23,44.1
2026-08-19 16:27:52,True,6.79,16.92,14.77,39.2
2026-08-19 16:28:23,True,3.39,20.35,11.35,48.7
2026-08-19 16:28:55,True,4.99,18.89,12.80,3.6
2026-08-19 16:29:26,True,5.97,17.79,13.91,21.1
2026-08-19 16:29:57,True,3.48,20.35,11.35,50.9
2026-08-19 16:30:28,True,7.18,16.29,15.41,48.1
2026-08-19 16:30:59,True,6.95,16.86,14.83,41.3
2026-08-19 16:31:30,True,3.35,20.33,11.36,8.4
2026-08-19 16:32:02,True,4.72,19.03,12.66,6.3
2026-08-19 16:32:33,True,6.83,16.80,14.90,41.8
2026-08-19 16:33:04,True,3.45,20.21,11.49,43.6
2026-08-19 16:33:35,True,7.24,16.40,15.30,53.9
2026-08-19 16:34:07,True,7.24,16.44,15.26,51.2
2026-08-19 16:34:38,True,3.41,20.24,11.46,45.0
2026-08-19 16:35:09,True,5.94,17.98,13.71,17.5
2026-08-19 16:35:40,True,6.67,17.11,14.59,21.1
2026-08-19 16:36:11,True,3.15,20.49,11.21,22.9
2026-08-19 16:36:42,True,5.05,18.42,13.28,31.8
2026-08-19 16:37:14,True,2.47,21.17,10.53,5.3
2026-08-19 16:37:45,True,5.74,17.90,13.79,25.5
2026-08-19 16:38:16,True,5.81,17.84,13.86,34.3
2026-08-19 16:38:47,True,2.81,20.87,10.83,5.9
2026-08-19 16:39:18,True,5.64,17.91,13.79,27.9
2026-08-19 16:39:49,True,5.68,17.88,13.82,20.6
2026-08-19 16:40:20,True,2.49,21.09,10.61,7.0
2026-08-19 16:40:51,True,5.94,17.59,14.11,32.1
2026-08-19 16:41:22,True,6.88,16.62,15.07,45.2
2026-08-19 16:41:54,True,2.25,21.30,10.39,7.9
2026-08-19 16:42:25,True,7.24,16.33,15.37,49.4
2026-08-19 16:42:56,True,7.27,16.31,15.39,51.4
2026-08-19 16:43:27,True,3.07,20.48,11.21,31.7
2026-08-19 16:43:58,True,7.30,16.30,15.40,55.3
2026-08-19 16:44:30,True,7.26,16.38,15.32,48.0
2026-08-19 16:45:01,True,3.17,20.51,11.19,45.6
2026-08-19 16:45:32,True,7.28,16.36,15.34,47.9
2026-08-19 16:46:03,True,6.87,16.78,14.91,43.1
2026-08-19 16:46:34,True,3.51,20.13,11.57,46.7
2026-08-19 16:47:06,True,6.77,17.00,14.70,21.8
2026-08-19 16:47:37,True,6.45,17.15,14.55,26.7
2026-08-19 16:48:08,True,2.98,20.63,11.07,10.9
2026-08-19 16:48:39,True,3.82,19.84,11.86,7.1
2026-08-19 16:49:10,True,6.88,16.72,14.98,42.6
2026-08-19 16:49:41,True,3.47,20.12,11.58,50.8
2026-08-19 16:50:12,True,3.64,20.00,11.70,9.9
2026-08-19 16:50:44,True,6.08,17.52,14.18,24.0
2026-08-19 16:51:15,True,3.54,20.06,11.63,17.5
2026-08-19 16:51:46,True,3.92,19.55,12.15,22.7
2026-08-19 16:52:17,True,2.54,21.03,10.66,4.0
2026-08-19 16:52:48,True,5.38,18.23,13.47,24.9
2026-08-19 16:53:19,True,5.70,17.89,13.81,15.9
2026-08-19 16:53:50,True,2.57,21.03,10.66,4.4
2026-08-19 16:54:21,True,5.77,17.86,13.84,29.3
2026-08-19 16:54:53,True,5.67,17.91,13.78,21.7
2026-08-19 16:55:24,True,2.36,21.24,10.46,0.2
2026-08-19 16:55:55,True,2.36,21.27,10.43,0.6
2026-08-19 16:56:26,True,2.36,21.29,10.40,2.7
2026-08-19 16:56:57,True,2.34,21.32,10.38,1.3
2026-08-19 16:57:28,True,2.34,21.31,10.38,0.9
2026-08-19 16:57:59,True,2.34,21.31,10.39,0.4
2026-08-19 16:58:30,True,2.34,21.29,10.40,0.0
2026-08-19 16:59:01,True,2.34,21.29,10.41,3.1
2026-08-19 16:59:32,True,2.34,21.29,10.40,2.6
2026-08-19 17:00:03,True,2.34,21.24,10.45,5.6
2026-08-19 17:00:34,True,2.34,21.26,10.44,0.8
2026-08-19 17:01:05,True,2.34,21.28,10.42,0.5
2026-08-19 17:01:37,True,2.34,21.28,10.42,0.2
2026-08-19 17:02:08,True,2.34,21.28,10.41,1.9
2026-08-19 17:02:39,True,2.34,21.28,10.41,2.4
2026-08-19 17:03:10,True,2.34,21.28,10.42,1.2
2026-08-19 17:03:41,True,2.34,21.27,10.43,0.1
2026-08-19 17:04:12,True,2.34,21.29,10.41,0.7
2026-08-19 17:04:43,True,2.34,21.29,10.40,1.3
2026-08-19 17:05:14,False,0.00,23.37,8.33,0.0
2026-08-19 17:05:45,False,0.00,23.39,8.30,2.0
2026-08-19 17:06:16,False,0.00,23.44,8.26,0.6
2026-08-19 17:06:47,False,0.00,23.45,8.25,3.0
2026-08-19 17:07:18,False,0.00,23.45,8.24,0.2
2026-08-19 17:07:50,False,0.00,23.46,8.24,0.2
2026-08-19 17:08:21,False,0.00,23.46,8.24,3.0
2026-08-19 17:08:52,True,0.18,23.30,8.39,1.6
2026-08-19 17:09:23,True,0.02,26.60,5.10,0.1
2026-08-19 17:09:54,True,2.93,23.15,8.54,45.5
2026-08-19 17:10:25,True,9.37,16.43,15.27,37.0
2026-08-19 17:10:56,True,6.45,19.52,12.18,14.2
2026-08-19 17:11:27,True,10.85,14.64,17.05,47.6
2026-08-19 17:11:58,True,8.32,17.27,14.43,26.8
2026-08-19 17:12:30,True,10.95,14.65,17.05,46.2
2026-08-19 17:13:01,True,3.68,21.83,9.87,7.7
2026-08-19 17:13:32,True,4.42,20.87,10.82,9.8
2026-08-19 17:14:03,True,10.81,14.51,17.18,47.3
2026-08-19 17:14:34,True,8.25,17.11,14.59,30.5
2026-08-19 17:15:05,True,10.77,14.42,17.27,39.2
2026-08-19 17:15:37,True,8.19,17.15,14.55,25.2
2026-08-19 17:16:08,True,10.79,14.42,17.28,45.5
2026-08-19 17:16:39,True,3.43,21.65,10.04,3.6
2026-08-19 17:17:10,True,4.93,19.92,11.78,51.1
2026-08-19 17:17:41,True,8.37,16.17,15.53,34.6
2026-08-19 17:18:12,True,5.85,18.97,12.72,4.4
2026-08-19 17:18:43,True,10.88,14.05,17.65,50.6
2026-08-19 17:19:15,True,3.48,21.39,10.31,10.3
2026-08-19 17:19:46,True,10.93,13.94,17.76,53.7
2026-08-19 17:20:17,True,3.54,21.37,10.33,6.4
2026-08-19 17:20:48,True,4.95,19.94,11.76,58.2
2026-08-19 17:21:19,True,8.38,16.54,15.16,33.0
2026-08-19 17:21:50,True,9.82,15.08,16.62,35.8
2026-08-19 17:22:21,True,10.76,13.93,17.76,42.6
2026-08-19 17:22:53,True,4.98,19.64,12.06,4.8
2026-08-19 17:23:24,True,10.84,13.56,18.13,41.5
2026-08-19 17:23:55,True,3.62,20.86,10.84,4.9
2026-08-19 17:24:26,True,5.19,19.22,12.48,52.0
2026-08-19 17:24:57,True,8.57,15.79,15.91,35.8
2026-08-19 17:25:28,True,10.97,13.33,18.37,42.7
2026-08-19 17:25:59,True,8.37,15.90,15.80,25.8
2026-08-19 17:26:31,True,8.90,15.43,16.27,24.3
2026-08-19 17:27:02,True,9.61,14.53,17.17,44.3
2026-08-19 17:27:33,True,2.97,21.48,10.21,7.1
2026-08-19 17:28:04,True,3.64,20.83,10.87,4.3
2026-08-19 17:28:35,True,4.65,19.80,11.89,54.7
2026-08-19 17:29:06,True,10.93,13.56,18.13,42.0
2026-08-19 17:29:37,True,8.04,16.37,15.33,38.3
2026-08-19 17:30:09,True,10.78,13.65,18.05,42.7
2026-08-19 17:30:40,True,8.73,15.66,16.04,30.3
2026-08-19 17:31:11,True,10.82,13.57,18.13,45.7
2026-08-19 17:31:42,True,3.61,20.81,10.89,2.7
2026-08-19 17:32:13,True,5.02,19.36,12.34,48.3
2026-08-19 17:32:44,True,8.58,15.61,16.08,36.5
2026-08-19 17:33:15,True,7.31,17.33,14.37,7.0
2026-08-19 17:33:46,True,10.98,13.63,18.06,41.5
2026-08-19 17:34:18,True,7.57,17.10,14.60,18.2
2026-08-19 17:34:49,True,10.96,13.61,18.08,45.8
2026-08-19 17:35:20,True,3.61,21.00,10.69,3.8
2026-08-19 17:35:51,True,5.00,19.62,12.08,49.0
2026-08-19 17:36:22,True,8.38,16.17,15.52,25.6
2026-08-19 17:36:53,True,10.05,14.58,17.12,34.0
2026-08-19 17:37:24,True,9.12,15.46,16.23,32.3
2026-08-19 17:37:56,True,8.93,15.57,16.13,24.3
2026-08-19 17:38:27,True,10.78,13.72,17.98,44.7
2026-08-19 17:38:58,True,3.64,20.94,10.76,3.3
2026-08-19 17:39:29,True,3.67,20.90,10.79,4.8
2026-08-19 17:40:00,True,4.70,19.88,11.81,49.7
2026-08-19 17:40:31,True,10.80,13.75,17.94,52.6
2026-08-19 17:41:02,True,6.46,18.10,13.59,17.4
2026-08-19 17:41:34,True,10.99,13.68,18.01,43.1
2026-08-19 17:42:05,True,7.54,16.80,14.90,21.7
2026-08-19 17:42:36,True,10.93,13.62,18.08,39.7
2026-08-19 17:43:07,True,3.65,20.93,10.77,7.1
2026-08-19 17:43:38,True,3.70,20.87,10.82,5.5
2026-08-19 17:44:09,True,4.70,19.86,11.84,15.0
2026-08-19 17:44:40,True,10.81,13.71,17.99,45.1
2026-08-19 17:45:12,True,8.32,16.21,15.49,26.1
2026-08-19 17:45:43,True,11.00,13.56,18.13,47.3
2026-08-19 17:46:14,True,5.05,19.45,12.24,18.6
2026-08-19 17:46:45,True,10.97,13.62,18.08,51.0
2026-08-19 17:47:16,True,3.66,20.91,10.79,3.9
2026-08-19 17:47:47,True,3.69,20.89,10.80,7.6
2026-08-19 17:48:18,True,4.69,19.81,11.89,57.2
2026-08-19 17:48:49,True,9.07,15.42,16.28,24.8
2026-08-19 17:49:21,True,4.30,20.25,11.45,7.2
2026-08-19 17:49:52,True,11.07,13.49,18.21,44.3
2026-08-19 17:50:23,True,5.79,18.27,13.42,20.1
2026-08-19 17:50:54,True,10.89,13.65,18.04,48.5
2026-08-19 17:51:25,True,3.70,20.79,10.90,6.9
2026-08-19 17:51:56,True,3.73,20.72,10.98,5.6
2026-08-19 17:52:27,True,5.13,19.26,12.44,42.4
2026-08-19 17:52:59,True,8.72,15.84,15.86,24.8
2026-08-19 17:53:30,True,9.72,14.72,16.98,29.1
2026-08-19 17:54:01,True,9.06,15.43,16.27,28.5
2026-08-19 17:54:32,True,8.93,15.42,16.27,23.2
2026-08-19 17:55:03,True,8.47,15.91,15.78,27.0
2026-08-19 17:55:34,True,10.96,13.31,18.38,51.6
2026-08-19 17:56:05,True,3.77,20.68,11.01,5.3
2026-08-19 17:56:36,True,5.42,18.98,12.72,53.5
2026-08-19 17:57:08,True,8.95,15.64,16.06,21.1
2026-08-19 17:57:39,True,10.95,13.35,18.34,44.8
2026-08-19 17:58:10,True,8.47,14.99,16.70,37.0
2026-08-19 17:58:41,True,10.83,12.84,18.85,46.7
2026-08-19 17:59:12,True,8.33,15.24,16.46,26.2
2026-08-19 17:59:43,True,10.91,12.63,19.07,41.7
2026-08-19 18:00:15,True,3.73,19.92,11.78,4.9
2026-08-19 18:00:46,True,3.76,19.89,11.81,3.1
2026-08-19 18:01:17,True,5.00,18.60,13.09,45.0
2026-08-19 18:01:48,True,10.85,12.78,18.92,55.8
2026-08-19 18:02:19,True,4.10,19.48,12.22,15.0
2026-08-19 18:02:50,True,10.88,12.69,19.01,40.6
2026-08-19 18:03:22,True,5.14,18.49,13.21,26.4
2026-08-19 18:03:53,True,10.91,12.80,18.90,49.7
2026-08-19 18:04:24,True,3.61,19.98,11.72,3.8
2026-08-19 18:04:55,True,3.79,19.87,11.82,5.3
2026-08-19 18:05:26,True,5.38,18.21,13.49,48.7
2026-08-19 18:05:57,True,8.36,15.08,16.62,24.7
2026-08-19 18:06:28,True,10.95,12.73,18.96,52.3
2026-08-19 18:06:59,True,8.49,15.12,16.57,30.7
2026-08-19 18:07:31,True,11.02,12.60,19.09,40.5
2026-08-19 18:08:02,True,8.46,15.21,16.48,22.3
2026-08-19 18:08:33,True,11.09,12.55,19.14,46.7
2026-08-19 18:09:04,True,3.73,19.96,11.73,7.8
2026-08-19 18:09:35,True,3.77,19.91,11.78,3.8
2026-08-19 18:10:06,True,5.40,18.25,13.44,45.1
2026-08-19 18:10:37,True,10.93,12.75,18.94,45.9
2026-08-19 18:11:09,True,3.88,19.82,11.87,14.4
2026-08-19 18:11:40,True,10.95,12.73,18.97,44.8
2026-08-19 18:12:11,True,8.10,15.66,16.04,25.3
2026-08-19 18:12:42,True,11.04,12.80,18.89,44.3
2026-08-19 18:13:13,True,3.75,19.95,11.75,11.7
2026-08-19 18:13:44,True,3.78,19.95,11.75,3.3
2026-08-19 18:14:15,True,4.76,18.89,12.81,42.1
2026-08-19 18:14:47,True,9.17,14.44,17.25,30.8
2026-08-19 18:15:18,True,10.90,13.31,18.39,32.0
2026-08-19 18:15:49,True,10.26,13.31,18.38,43.0
2026-08-19 18:16:20,True,9.04,14.62,17.07,18.3
2026-08-19 18:16:51,True,10.51,12.94,18.76,42.1
2026-08-19 18:17:22,True,10.95,12.58,19.11,34.3
2026-08-19 18:17:54,True,3.77,19.90,11.79,4.0
2026-08-19 18:18:25,True,4.68,19.11,12.59,17.2
2026-08-19 18:18:56,True,7.27,16.40,15.29,22.6
2026-08-19 18:19:27,True,10.95,12.73,18.97,49.2
2026-08-19 18:19:58,True,6.71,16.91,14.78,12.7
2026-08-19 18:20:29,True,10.85,12.69,19.01,35.6
2026-08-19 18:21:00,True,6.65,16.97,14.73,16.8
2026-08-19 18:21:31,True,10.97,12.61,19.09,43.7
2026-08-19 18:22:03,True,3.26,20.37,11.33,12.7
2026-08-19 18:22:34,True,3.84,19.80,11.90,3.2
2026-08-19 18:23:05,True,5.37,18.22,13.48,44.8
2026-08-19 18:23:36,True,8.66,15.02,16.68,22.7
2026-08-19 18:24:07,True,10.96,12.68,19.02,44.5
2026-08-19 18:24:38,True,8.51,15.15,16.54,27.9
2026-08-19 18:25:09,True,10.94,12.70,18.99,47.4
2026-08-19 18:25:41,True,8.89,14.92,16.78,33.2
2026-08-19 18:26:12,True,10.89,12.67,19.02,49.9
2026-08-19 18:26:43,True,3.84,19.82,11.87,3.0
2026-08-19 18:27:14,True,3.86,19.80,11.89,4.5
2026-08-19 18:27:45,True,5.52,18.08,13.62,43.5
2026-08-19 18:28:16,True,10.94,12.75,18.95,48.0
2026-08-19 18:28:47,True,7.35,16.29,15.40,17.2
2026-08-19 18:29:18,True,10.88,12.81,18.89,44.2
2026-08-19 18:29:50,True,4.37,19.21,12.49,10.8
2026-08-19 18:30:21,True,10.79,12.79,18.91,42.8
2026-08-19 18:30:52,True,4.17,19.49,12.21,6.6
2026-08-19 18:31:23,True,3.84,19.84,11.86,4.2
2026-08-19 18:31:54,True,4.53,19.18,12.51,9.9
2026-08-19 18:32:25,True,8.48,15.00,16.70,23.3
2026-08-19 18:32:56,True,10.91,12.68,19.01,42.5
2026-08-19 18:33:27,True,8.37,15.26,16.44,30.4
2026-08-19 18:33:59,True,10.87,12.57,19.12,42.2
2026-08-19 18:34:30,True,8.38,15.20,16.50,19.2
2026-08-19 18:35:01,True,11.05,12.52,19.17,41.8
2026-08-19 18:35:32,True,3.79,19.73,11.97,4.5
2026-08-19 18:36:03,True,3.86,19.69,12.00,2.7
2026-08-19 18:36:34,True,5.24,18.23,13.47,47.9
2026-08-19 18:37:06,True,8.63,14.88,16.82,28.0
2026-08-19 18:37:37,True,10.98,12.69,19.01,45.4
2026-08-19 18:38:08,True,8.52,15.01,16.68,27.1
2026-08-19 18:38:39,True,10.78,12.55,19.15,51.1
2026-08-19 18:39:10,True,8.40,15.00,16.70,30.3
2026-08-19 18:39:41,True,11.03,12.50,19.19,39.2
2026-08-19 18:40:13,True,3.81,19.28,12.42,7.6
2026-08-19 18:40:44,True,3.89,19.24,12.45,4.3
2026-08-19 18:41:15,True,5.41,17.66,14.04,46.5
2026-08-19 18:41:46,True,8.67,14.50,17.20,29.9
2026-08-19 18:42:17,True,10.99,12.17,19.52,47.7
2026-08-19 18:42:48,True,8.84,14.34,17.35,27.0
2026-08-19 18:43:19,True,10.05,13.08,18.61,35.4
2026-08-19 18:43:51,True,9.06,13.97,17.72,35.8
2026-08-19 18:44:22,True,10.97,12.10,19.60,44.2
2026-08-19 18:44:53,True,3.89,19.28,12.41,4.6
2026-08-19 18:45:24,True,3.49,19.69,12.01,3.5
2026-08-19 18:45:55,True,3.66,19.51,12.18,9.0
2026-08-19 18:46:26,True,10.91,12.28,19.41,46.4
2026-08-19 18:46:57,True,6.07,17.09,14.61,6.5
2026-08-19 18:47:28,True,8.67,14.48,17.22,22.3
2026-08-19 18:47:59,True,9.93,13.19,18.51,31.6
2026-08-19 18:48:31,True,9.07,13.97,17.73,30.0
2026-08-19 18:49:02,True,10.95,12.05,19.65,46.4
2026-08-19 18:49:33,True,3.91,19.25,12.45,3.5
2026-08-19 18:50:04,True,3.52,19.61,12.09,5.1
2026-08-19 18:50:35,True,4.71,18.49,13.20,8.7
2026-08-19 18:51:06,True,10.87,12.30,19.40,48.4
2026-08-19 18:51:37,True,5.06,18.06,13.64,18.2
2026-08-19 18:52:08,True,10.98,12.25,19.45,49.8
2026-08-19 18:52:40,True,8.59,14.49,17.20,18.4
2026-08-19 18:53:11,True,10.84,12.28,19.41,35.1
2026-08-19 18:53:42,True,3.90,19.29,12.41,4.8
2026-08-19 18:54:13,True,3.92,19.24,12.46,6.7
2026-08-19 18:54:44,True,5.61,17.57,14.13,49.4
2026-08-19 18:55:15,True,9.81,13.35,18.35,43.1
2026-08-19 18:55:47,True,10.07,13.11,18.59,21.5
2026-08-19 18:56:18,True,10.95,12.17,19.52,41.9
2026-08-19 18:56:49,True,5.61,17.62,14.08,5.9
2026-08-19 18:57:20,True,11.01,12.20,19.50,45.5
2026-08-19 18:57:51,True,3.28,19.90,11.80,8.4
2026-08-19 18:58:22,True,3.91,19.23,12.46,3.3
2026-08-19 18:58:53,True,4.82,18.36,13.34,6.0
2026-08-19 18:59:24,True,8.77,14.26,17.43,30.6
2026-08-19 18:59:56,True,10.94,12.40,19.30,50.1
2026-08-19 19:00:27,True,8.81,14.28,17.41,25.6
2026-08-19 19:00:58,True,10.78,12.38,19.31,49.9
2026-08-19 19:01:29,True,8.52,14.77,16.93,23.5
2026-08-19 19:02:00,True,11.00,12.27,19.43,46.3
2026-08-19 19:02:31,True,3.92,19.34,12.36,6.8
2026-08-19 19:03:02,True,3.94,19.30,12.40,5.5
2026-08-19 19:03:34,True,5.21,18.06,13.63,44.3
2026-08-19 19:04:05,True,8.49,14.41,17.29,23.7
2026-08-19 19:04:36,True,10.96,12.15,19.55,45.2
2026-08-19 19:05:07,True,8.66,14.61,17.09,35.0
2026-08-19 19:05:38,True,9.03,14.14,17.55,19.9
2026-08-19 19:06:09,True,10.95,12.17,19.53,43.4
2026-08-19 19:06:41,True,4.62,18.61,13.09,3.6
2026-08-19 19:07:12,True,3.96,19.28,12.42,8.0
2026-08-19 19:07:43,True,4.40,18.80,12.90,7.9
2026-08-19 19:08:14,True,7.04,16.15,15.55,13.7
2026-08-19 19:08:45,True,10.85,12.33,19.37,41.8
2026-08-19 19:09:16,True,7.37,15.82,15.88,22.0
2026-08-19 19:09:47,True,10.87,12.27,19.43,46.7
2026-08-19 19:10:18,True,8.51,14.61,17.08,20.2
2026-08-19 19:10:50,True,10.90,12.32,19.37,39.1
2026-08-19 19:11:21,True,3.95,19.29,12.41,5.3
2026-08-19 19:11:52,True,3.97,19.27,12.43,8.5
2026-08-19 19:12:23,True,4.90,18.27,13.43,48.4
2026-08-19 19:12:54,True,9.31,13.61,18.09,28.7
2026-08-19 19:13:25,True,7.39,15.79,15.91,6.9
2026-08-19 19:13:56,True,10.99,11.98,19.71,50.4
2026-08-19 19:14:28,True,7.33,15.42,16.27,27.1
2026-08-19 19:14:59,True,10.80,12.31,19.39,41.1
2026-08-19 19:15:30,True,3.93,19.28,12.41,3.6
2026-08-19 19:16:01,True,3.95,19.27,12.43,4.5
2026-08-19 19:16:32,True,5.17,17.82,13.88,48.9
2026-08-19 19:17:03,True,8.53,14.69,17.00,25.3
2026-08-19 19:17:34,True,10.86,12.19,19.50,45.2
2026-08-19 19:18:06,True,8.57,14.53,17.17,21.7
2026-08-19 19:18:37,True,9.33,14.05,17.65,25.4
2026-08-19 19:19:08,True,8.58,14.59,17.10,25.9
2026-08-19 19:19:39,True,10.03,13.12,18.57,38.5
2026-08-19 19:20:10,True,3.96,19.23,12.47,4.4
2026-08-19 19:20:41,True,3.98,19.21,12.48,3.5
2026-08-19 19:21:12,True,4.97,18.20,13.49,51.1
2026-08-19 19:21:43,True,9.21,13.92,17.78,25.6
2026-08-19 19:22:15,True,5.67,17.55,14.15,9.2
2026-08-19 19:22:46,True,10.90,12.40,19.29,46.9
2026-08-19 19:23:17,True,3.81,19.40,12.29,5.1
2026-08-19 19:23:48,True,11.00,12.22,19.47,39.5
2026-08-19 19:24:19,True,3.36,19.86,11.83,9.5
2026-08-19 19:24:50,True,3.99,19.20,12.50,4.6
2026-08-19 19:25:21,True,4.42,18.80,12.90,8.1
2026-08-19 19:25:52,True,8.44,14.88,16.82,23.9
2026-08-19 19:26:23,True,10.92,12.21,19.49,39.3
2026-08-19 19:26:55,True,8.48,14.73,16.97,22.3
2026-08-19 19:27:26,True,10.06,13.22,18.47,33.7
2026-08-19 19:27:57,True,9.83,13.14,18.56,39.3
2026-08-19 19:28:28,True,9.92,13.16,18.54,34.2
2026-08-19 19:28:59,True,4.00,19.08,12.61,3.1
2026-08-19 19:29:30,True,4.01,19.07,12.63,4.1
2026-08-19 19:30:01,True,5.29,17.74,13.95,33.1
2026-08-19 19:30:33,True,10.87,12.18,19.52,41.4
2026-08-19 19:31:04,True,7.32,15.83,15.87,15.4
2026-08-19 19:31:35,True,10.94,12.05,19.65,41.9
2026-08-19 19:32:06,True,8.54,14.49,17.20,20.1
2026-08-19 19:32:37,True,11.08,11.89,19.80,47.4
2026-08-19 19:33:08,True,4.00,19.08,12.62,7.6
2026-08-19 19:33:40,True,4.02,19.07,12.62,4.2
2026-08-19 19:34:11,True,5.45,17.60,14.09,51.7
2026-08-19 19:34:42,True,10.47,12.63,19.06,38.5
2026-08-19 19:35:13,True,6.43,16.57,15.12,19.0
2026-08-19 19:35:44,True,10.94,12.14,19.56,43.0
2026-08-19 19:36:15,True,8.51,14.59,17.11,29.4
2026-08-19 19:36:46,True,11.02,12.06,19.64,44.3
2026-08-19 19:37:17,True,3.99,19.11,12.59,2.6
2026-08-19 19:37:49,True,4.02,19.10,12.60,6.2
2026-08-19 19:38:20,True,5.64,17.42,14.28,38.7
2026-08-19 19:38:51,True,9.52,13.43,18.26,31.0
2026-08-19 19:39:22,True,4.16,18.89,12.80,10.5
2026-08-19 19:39:53,True,10.70,12.21,19.49,41.8
2026-08-19 19:40:24,True,4.97,17.97,13.73,17.4
2026-08-19 19:40:55,True,11.04,12.02,19.67,43.8
2026-08-19 19:41:27,True,3.87,19.16,12.54,8.3
2026-08-19 19:41:58,True,4.02,19.07,12.62,5.4
2026-08-19 19:42:29,True,4.61,18.52,13.18,12.3
2026-08-19 19:43:00,True,8.17,14.88,16.81,27.3
2026-08-19 19:43:31,True,10.99,12.06,19.64,42.4
2026-08-19 19:44:02,True,8.52,14.49,17.21,24.4
2026-08-19 19:44:33,True,10.09,12.97,18.72,31.1
2026-08-19 19:45:04,True,8.55,14.47,17.23,26.4
2026-08-19 19:45:36,True,11.02,12.05,19.65,41.1
2026-08-19 19:46:07,True,4.02,19.05,12.64,7.6
2026-08-19 19:46:38,True,4.04,19.04,12.66,2.3
2026-08-19 19:47:09,True,5.45,17.59,14.11,48.1
2026-08-19 19:47:40,True,9.81,13.15,18.55,40.2
2026-08-19 19:48:11,True,4.25,19.00,12.70,6.3
2026-08-19 19:48:42,True,10.96,12.07,19.63,51.9
2026-08-19 19:49:13,True,8.12,14.91,16.78,18.7
2026-08-19 19:49:44,True,11.00,12.04,19.66,43.7
2026-08-19 19:50:16,True,4.02,19.04,12.66,4.1
2026-08-19 19:50:47,True,4.04,18.78,12.92,12.3
2026-08-19 19:51:18,True,5.56,17.30,14.40,43.1
2026-08-19 19:51:49,True,8.85,14.13,17.57,26.9
2026-08-19 19:52:20,True,8.96,13.99,17.71,15.8
2026-08-19 19:52:51,True,10.96,12.05,19.64,37.3
2026-08-19 19:53:22,True,6.70,16.35,15.35,17.2
2026-08-19 19:53:54,True,10.86,12.14,19.56,44.5
2026-08-19 19:54:25,True,4.03,19.00,12.70,4.4
2026-08-19 19:54:56,True,4.05,18.91,12.79,3.9
2026-08-19 19:55:27,True,4.58,18.35,13.35,7.2
2026-08-19 19:55:58,True,8.38,14.60,17.10,22.8
2026-08-19 19:56:29,True,11.01,11.95,19.75,42.5
2026-08-19 19:57:00,True,8.46,14.41,17.28,22.0
2026-08-19 19:57:31,True,9.96,13.01,18.69,27.3
2026-08-19 19:58:03,True,9.21,13.80,17.89,26.0
2026-08-19 19:58:34,True,7.79,15.36,16.34,7.7
2026-08-19 19:59:05,True,4.02,18.93,12.77,6.0
2026-08-19 19:59:36,True,4.04,18.91,12.78,3.7
2026-08-19 20:00:07,True,5.47,17.48,14.21,47.5
2026-08-19 20:00:38,True,10.28,12.56,19.13,30.7
2026-08-19 20:01:09,True,3.89,19.06,12.63,7.6
2026-08-19 20:01:40,True,11.16,11.96,19.73,50.5
2026-08-19 20:02:12,True,7.76,15.07,16.62,18.6
2026-08-19 20:02:43,True,10.88,11.96,19.73,46.8
2026-08-19 20:03:14,True,4.02,18.93,12.77,5.3
2026-08-19 20:03:45,True,4.04,18.91,12.78,3.9
2026-08-19 20:04:16,True,4.87,18.15,13.54,10.7
2026-08-19 20:04:47,True,8.98,13.90,17.80,25.1
2026-08-19 20:05:18,True,10.97,11.90,19.80,42.9
2026-08-19 20:05:49,True,10.36,12.59,19.11,38.5
2026-08-19 20:06:21,True,5.84,17.00,14.70,6.9
2026-08-19 20:06:52,True,10.35,12.24,19.46,42.0
2026-08-19 20:07:23,True,3.43,19.45,12.25,8.6
2026-08-19 20:07:54,True,4.05,18.84,12.86,4.6
2026-08-19 20:08:25,True,4.07,18.83,12.86,4.1
2026-08-19 20:08:56,True,5.71,17.13,14.56,43.4
2026-08-19 20:09:27,True,11.05,11.83,19.86,48.4
2026-08-19 20:09:59,True,8.36,14.55,17.15,22.2
2026-08-19 20:10:30,True,10.95,11.91,19.78,43.7
2026-08-19 20:11:01,True,8.56,14.34,17.35,20.3
2026-08-19 20:11:32,True,10.96,11.91,19.78,21.3
2026-08-19 20:12:03,True,4.07,18.84,12.86,7.6
2026-08-19 20:12:34,True,4.09,18.82,12.88,5.4
2026-08-19 20:13:05,True,5.32,17.57,14.12,48.9
2026-08-19 20:13:36,True,11.00,11.86,19.84,39.0
2026-08-19 20:14:08,True,8.06,15.14,16.56,18.4
2026-08-19 20:14:39,True,11.06,11.97,19.72,46.2
2026-08-19 20:15:10,True,8.48,14.40,17.30,21.5
2026-08-19 20:15:41,True,10.96,11.97,19.73,40.9
2026-08-19 20:16:12,True,4.07,18.89,12.81,3.3
2026-08-19 20:16:43,True,4.09,18.85,12.85,2.2
2026-08-19 20:17:14,True,5.73,17.21,14.48,46.8
2026-08-19 20:17:46,True,8.74,14.17,17.52,22.9
2026-08-19 20:18:17,True,11.16,11.85,19.84,40.7
2026-08-19 20:18:48,True,9.40,13.52,18.18,20.2
2026-08-19 20:19:19,True,7.44,16.04,15.66,8.7
2026-08-19 20:19:50,True,11.01,11.83,19.87,47.0
2026-08-19 20:20:21,True,4.05,18.86,12.83,4.0
2026-08-19 20:20:52,True,4.07,18.86,12.84,1.2
2026-08-19 20:21:23,True,4.10,18.85,12.85,5.4
2026-08-19 20:21:55,True,3.85,19.08,12.62,14.4
2026-08-19 20:22:26,True,11.11,11.78,19.91,48.8
2026-08-19 20:22:57,True,8.60,14.24,17.45,22.0
2026-08-19 20:23:28,True,10.94,11.94,19.76,44.2
2026-08-19 20:23:59,True,8.80,14.14,17.56,25.1
2026-08-19 20:24:30,True,11.10,11.78,19.91,44.5
2026-08-19 20:25:01,True,4.07,18.85,12.85,4.9
2026-08-19 20:25:33,True,4.09,18.83,12.87,5.3
2026-08-19 20:26:04,True,5.33,17.58,14.12,47.5
2026-08-19 20:26:35,True,8.79,14.04,17.65,29.8
2026-08-19 20:27:06,True,10.96,11.87,19.83,45.6
2026-08-19 20:27:37,True,8.54,14.35,17.35,21.3
2026-08-19 20:28:08,True,9.01,13.83,17.86,27.4
2026-08-19 20:28:39,True,8.54,14.15,17.55,17.1
2026-08-19 20:29:11,True,10.98,11.90,19.79,42.2
2026-08-19 20:29:42,True,4.09,18.84,12.86,4.3
2026-08-19 20:30:13,True,4.11,18.79,12.91,3.7
2026-08-19 20:30:44,True,5.54,17.32,14.37,52.7
2026-08-19 20:31:15,True,8.75,14.10,17.60,25.8
2026-08-19 20:31:46,True,11.14,11.87,19.82,44.9
2026-08-19 20:32:17,True,8.60,14.36,17.34,24.7
2026-08-19 20:32:49,True,9.10,13.85,17.85,22.1
2026-08-19 20:33:20,True,8.69,14.19,17.51,14.0
2026-08-19 20:33:51,True,10.91,11.98,19.72,37.3
2026-08-19 20:34:22,True,3.54,19.44,12.26,0.0
2026-08-19 20:34:53,True,3.54,19.42,12.27,1.7
2026-08-19 20:35:24,True,3.54,19.44,12.26,0.0
2026-08-19 20:35:55,False,0.00,22.95,8.74,1.2
2026-08-19 20:36:26,False,0.00,22.93,8.76,0.2
2026-08-19 20:36:57,False,0.00,22.93,8.77,2.9
2026-08-19 20:37:29,False,0.00,22.93,8.77,1.9
2026-08-19 20:38:00,False,0.00,22.89,8.81,2.9
2026-08-19 20:38:31,False,0.00,22.82,8.87,0.3
2026-08-19 20:39:02,False,0.00,22.82,8.88,0.0
2026-08-19 20:39:33,False,0.00,22.80,8.90,0.0
2026-08-19 20:40:04,True,0.00,25.05,6.65,4.3
2026-08-19 20:40:35,True,2.18,24.24,7.46,52.1
2026-08-19 20:41:06,True,2.98,23.25,8.45,5.7
2026-08-19 20:41:37,True,5.37,20.72,10.98,2.6
2026-08-19 20:42:08,True,6.59,19.40,12.30,26.7
2026-08-19 20:42:39,True,3.19,22.71,8.98,42.1
2026-08-19 20:43:11,True,6.48,19.57,12.13,8.8
2026-08-19 20:43:42,True,7.72,18.20,13.49,26.6
2026-08-19 20:44:13,True,7.71,18.12,13.57,47.4
2026-08-19 20:44:44,True,3.71,22.07,9.62,43.8
2026-08-19 20:45:15,True,7.84,17.84,13.85,40.6
2026-08-19 20:45:47,True,7.87,17.86,13.84,42.0
2026-08-19 20:46:18,True,7.76,17.91,13.79,36.3
2026-08-19 20:46:49,True,2.63,23.07,8.63,4.1
2026-08-19 20:47:20,True,6.12,19.54,12.15,24.4
2026-08-19 20:47:51,True,6.15,19.36,12.34,24.7
2026-08-19 20:48:22,True,5.26,20.26,11.43,18.3
2026-08-19 20:48:53,True,3.46,22.36,9.33,7.4
2026-08-19 20:49:24,True,3.72,21.75,9.95,30.9
2026-08-19 20:49:56,True,7.16,18.36,13.33,39.5
2026-08-19 20:50:27,True,7.84,17.74,13.95,34.0
2026-08-19 20:50:58,True,7.77,17.73,13.97,43.1
2026-08-19 20:51:29,True,3.15,22.35,9.35,6.8
2026-08-19 20:52:00,True,6.73,18.62,13.07,49.5
2026-08-19 20:52:31,True,6.66,19.14,12.55,36.8
2026-08-19 20:53:03,True,3.14,22.17,9.53,14.5
2026-08-19 20:53:34,True,7.80,17.63,14.06,34.4
2026-08-19 20:54:05,True,3.56,21.88,9.82,36.6
2026-08-19 20:54:36,True,7.78,17.59,14.11,40.2
2026-08-19 20:55:07,True,7.79,17.32,14.38,52.3
2026-08-19 20:55:38,True,6.11,17.66,14.04,35.7
2026-08-19 20:56:10,True,2.39,21.14,10.55,10.8
2026-08-19 20:56:41,True,3.84,20.31,11.39,48.6
2026-08-19 20:57:12,True,7.75,16.79,14.90,43.7
2026-08-19 20:57:43,True,6.12,18.32,13.38,40.9
2026-08-19 20:58:14,True,3.72,20.78,10.92,8.4
2026-08-19 20:58:45,True,7.72,15.59,16.11,41.5
2026-08-19 20:59:17,True,2.66,20.79,10.91,7.9
2026-08-19 20:59:48,True,6.28,17.50,14.19,25.0
2026-08-19 21:00:19,True,4.82,19.06,12.63,11.9
2026-08-19 21:00:50,True,7.85,15.88,15.82,50.4
2026-08-19 21:01:21,True,7.85,15.92,15.77,41.5
2026-08-19 21:01:52,True,2.70,21.11,10.58,6.7
2026-08-19 21:02:23,True,6.19,17.59,14.11,25.5
2026-08-19 21:02:54,True,6.08,17.60,14.09,25.3
2026-08-19 21:03:26,True,6.38,17.44,14.25,12.3
2026-08-19 21:03:57,True,7.80,16.00,15.70,43.7
2026-08-19 21:04:28,True,2.74,21.01,10.69,8.3
2026-08-19 21:04:59,True,6.20,17.57,14.13,23.8
2026-08-19 21:05:30,True,6.19,17.66,14.04,24.4
2026-08-19 21:06:01,True,4.18,19.62,12.08,15.1
2026-08-19 21:06:32,True,5.87,18.38,13.31,6.4
2026-08-19 21:07:03,True,3.33,20.50,11.19,10.1
2026-08-19 21:07:35,True,7.78,16.03,15.66,46.0
2026-08-19 21:08:06,True,6.52,17.25,14.44,35.0
2026-08-19 21:08:37,True,6.11,17.67,14.02,25.4
2026-08-19 21:09:08,True,3.59,20.23,11.47,6.8
2026-08-19 21:09:39,True,3.44,20.36,11.34,41.7
2026-08-19 21:10:10,True,7.75,16.04,15.66,39.7
2026-08-19 21:10:41,True,7.88,15.72,15.98,43.0
2026-08-19 21:11:13,True,7.83,15.77,15.93,38.7
2026-08-19 21:11:44,True,2.77,20.85,10.85,3.6
2026-08-19 21:12:15,True,3.99,19.65,12.05,39.4
2026-08-19 21:12:46,True,7.78,15.76,15.93,43.1
2026-08-19 21:13:17,True,7.88,15.68,16.01,40.7
2026-08-19 21:13:49,True,7.86,15.65,16.04,40.2
2026-08-19 21:14:20,True,2.79,20.79,10.90,4.1
2026-08-19 21:14:51,True,3.45,20.10,11.60,22.7
2026-08-19 21:15:22,True,7.80,15.66,16.04,42.6
2026-08-19 21:15:53,True,7.87,15.67,16.03,43.7
2026-08-19 21:16:24,True,6.31,17.09,14.61,28.9
2026-08-19 21:16:55,True,2.80,20.80,10.90,1.5
2026-08-19 21:17:27,True,3.74,19.83,11.87,39.8
2026-08-19 21:17:58,True,7.77,15.68,16.02,40.9
2026-08-19 21:18:29,True,7.79,15.76,15.94,38.8
2026-08-19 21:19:00,True,7.78,15.73,15.96,44.1
2026-08-19 21:19:31,True,2.80,20.76,10.94,3.6
2026-08-19 21:20:02,True,4.05,19.54,12.16,41.2
2026-08-19 21:20:34,True,7.80,15.68,16.02,44.3
2026-08-19 21:21:05,True,6.17,17.32,14.37,35.0
2026-08-19 21:21:36,True,3.88,19.69,12.00,4.5
2026-08-19 21:22:07,True,7.82,15.52,16.18,40.9
2026-08-19 21:22:38,True,2.82,20.52,11.17,5.7
2026-08-19 21:23:09,True,3.99,19.32,12.38,45.7
2026-08-19 21:23:40,True,7.89,15.52,16.18,42.2
2026-08-19 21:24:12,True,7.86,15.56,16.14,45.7
2026-08-19 21:24:43,True,7.89,15.65,16.04,46.8
2026-08-19 21:25:14,True,2.81,20.70,11.00,5.0
2026-08-19 21:25:45,True,3.73,19.74,11.96,48.4
2026-08-19 21:26:16,True,7.89,15.68,16.01,41.0
2026-08-19 21:26:48,True,7.81,15.65,16.04,45.3
2026-08-19 21:27:19,True,6.19,17.28,14.42,29.2
2026-08-19 21:27:50,True,3.38,20.11,11.59,9.0
2026-08-19 21:28:21,True,3.46,20.03,11.67,6.9
2026-08-19 21:28:52,True,6.32,16.87,14.82,27.2
2026-08-19 21:29:23,True,6.00,17.35,14.35,23.8
2026-08-19 21:29:54,True,3.39,19.94,11.76,5.1
2026-08-19 21:30:25,True,7.80,15.51,16.19,40.2
2026-08-19 21:30:56,True,2.85,20.47,11.22,9.4
2026-08-19 21:31:28,True,6.38,16.86,14.84,23.1
2026-08-19 21:31:59,True,2.79,20.51,11.18,7.0
2026-08-19 21:32:30,True,6.41,17.14,14.55,5.4
2026-08-19 21:33:01,True,7.84,15.41,16.29,44.1
2026-08-19 21:33:32,True,2.88,20.46,11.24,4.0
2026-08-19 21:34:03,True,4.77,18.54,13.15,15.9
2026-08-19 21:34:34,True,5.97,17.46,14.23,5.6
2026-08-19 21:35:05,True,7.20,16.10,15.59,24.2
2026-08-19 21:35:37,True,7.86,15.44,16.26,40.2
2026-08-19 21:36:08,True,2.92,20.41,11.28,6.9
2026-08-19 21:36:39,True,2.90,20.42,11.27,9.2
2026-08-19 21:37:10,True,7.74,15.54,16.15,43.2
2026-08-19 21:37:41,True,7.88,15.38,16.32,52.4
2026-08-19 21:38:12,True,7.88,15.41,16.29,43.1
2026-08-19 21:38:43,True,2.94,20.40,11.30,4.6
2026-08-19 21:39:15,True,3.64,19.71,11.99,50.2
2026-08-19 21:39:46,True,7.86,15.46,16.23,40.3
2026-08-19 21:40:17,True,7.89,15.44,16.26,46.5
2026-08-19 21:40:48,True,7.92,15.40,16.30,45.1
2026-08-19 21:41:19,True,2.94,20.40,11.30,7.2
2026-08-19 21:41:50,True,4.12,19.22,12.47,46.8
2026-08-19 21:42:22,True,7.86,15.43,16.26,36.9
2026-08-19 21:42:53,True,7.88,15.48,16.22,42.0
2026-08-19 21:43:24,True,7.87,15.37,16.33,40.0
2026-08-19 21:43:55,True,2.94,20.38,11.31,4.5
2026-08-19 21:44:26,True,4.00,19.26,12.44,50.7
2026-08-19 21:44:57,True,7.85,15.40,16.29,41.0
2026-08-19 21:45:29,True,7.86,15.41,16.29,39.3
2026-08-19 21:46:00,True,7.77,15.40,16.30,40.3
2026-08-19 21:46:31,True,2.94,20.38,11.32,3.0
2026-08-19 21:47:02,True,3.62,19.73,11.97,51.2
2026-08-19 21:47:33,True,7.79,15.51,16.19,46.7
2026-08-19 21:48:04,True,6.37,16.87,14.83,21.1
2026-08-19 21:48:36,True,5.36,17.96,13.73,16.7
2026-08-19 21:49:07,True,7.83,15.40,16.30,39.3
2026-08-19 21:49:38,True,2.97,20.32,11.38,3.4
2026-08-19 21:50:09,True,5.10,18.11,13.58,14.7
2026-08-19 21:50:40,True,7.20,16.09,15.61,15.2
2026-08-19 21:51:11,True,6.77,16.70,14.99,20.8
2026-08-19 21:51:42,True,7.83,15.38,16.32,41.4
2026-08-19 21:52:13,True,2.99,20.31,11.39,6.7
2026-08-19 21:52:44,True,3.88,19.40,12.30,40.3
2026-08-19 21:53:16,True,7.84,15.41,16.29,40.0
2026-08-19 21:53:47,True,7.87,15.39,16.30,39.8
2026-08-19 21:54:18,True,7.88,15.35,16.34,44.5
2026-08-19 21:54:49,True,2.99,20.29,11.40,4.4
2026-08-19 21:55:20,True,4.00,19.25,12.45,39.8
2026-08-19 21:55:51,True,7.82,15.37,16.33,39.1
2026-08-19 21:56:23,True,6.26,16.92,14.77,19.7
2026-08-19 21:56:54,True,6.45,16.95,14.74,25.4
2026-08-19 21:57:25,True,3.01,20.27,11.43,4.9
2026-08-19 21:57:56,True,3.58,19.73,11.96,8.3
2026-08-19 21:58:27,True,6.55,16.77,14.92,24.8
2026-08-19 21:58:58,True,6.19,17.01,14.68,25.4
2026-08-19 21:59:29,True,5.43,17.87,13.82,20.1
2026-08-19 22:00:00,True,7.25,15.97,15.72,27.8
2026-08-19 22:00:32,True,3.02,20.27,11.42,2.4
2026-08-19 22:01:03,True,6.10,17.16,14.54,31.6
2026-08-19 22:01:34,True,5.72,17.55,14.15,18.1
2026-08-19 22:02:05,True,5.11,17.99,13.71,16.0
2026-08-19 22:02:36,True,7.23,16.04,15.66,30.1
2026-08-19 22:03:07,True,3.03,20.25,11.45,4.3
2026-08-19 22:03:38,True,6.15,17.20,14.50,21.8
2026-08-19 22:04:09,True,4.83,18.45,13.24,14.6
2026-08-19 22:04:40,True,3.26,19.97,11.73,16.5
2026-08-19 22:05:11,True,4.55,18.69,13.01,8.3
2026-08-19 22:05:43,True,3.04,20.21,11.49,3.8
2026-08-19 22:06:14,True,6.36,16.93,14.76,21.4
2026-08-19 22:06:45,True,5.37,17.76,13.94,17.9
2026-08-19 22:07:16,True,5.26,17.92,13.77,14.8
2026-08-19 22:07:47,True,3.23,20.07,11.63,5.0
2026-08-19 22:08:18,True,2.63,20.59,11.11,3.4
2026-08-19 22:08:49,True,7.12,16.00,15.69,37.4
2026-08-19 22:09:20,True,6.46,16.93,14.77,24.9
2026-08-19 22:09:51,True,6.33,16.90,14.80,29.3
2026-08-19 22:10:22,True,3.04,20.17,11.52,5.3
2026-08-19 22:10:53,True,3.58,19.57,12.13,7.4
2026-08-19 22:11:25,True,7.87,15.28,16.42,50.8
2026-08-19 22:11:56,True,7.82,15.30,16.40,45.9
2026-08-19 22:12:27,True,7.88,15.31,16.38,40.2
2026-08-19 22:12:58,True,3.04,20.18,11.52,4.5
2026-08-19 22:13:29,True,3.82,19.03,12.67,38.9
2026-08-19 22:14:00,True,7.89,15.29,16.40,42.3
2026-08-19 22:14:31,True,7.78,15.36,16.33,40.9
2026-08-19 22:15:03,True,7.92,15.29,16.41,42.0
2026-08-19 22:15:34,True,3.05,20.22,11.48,3.9
2026-08-19 22:16:05,True,4.09,19.13,12.57,52.0
2026-08-19 22:16:36,True,7.95,15.36,16.34,41.2
2026-08-19 22:17:07,True,7.93,15.35,16.35,40.7
2026-08-19 22:17:38,True,7.90,15.38,16.32,47.7
2026-08-19 22:18:10,True,3.07,20.18,11.52,5.7
2026-08-19 22:18:41,True,4.27,18.98,12.72,53.2
2026-08-19 22:19:12,True,7.93,15.32,16.38,42.5
2026-08-19 22:19:43,True,7.87,15.35,16.34,38.0
2026-08-19 22:20:14,True,7.85,15.26,16.44,42.2
2026-08-19 22:20:46,True,3.08,20.16,11.53,7.6
2026-08-19 22:21:17,True,4.22,18.99,12.70,50.0
2026-08-19 22:21:48,True,7.93,15.29,16.40,42.6
2026-08-19 22:22:19,True,7.92,15.26,16.44,42.8
2026-08-19 22:22:50,True,7.83,15.27,16.43,38.0
2026-08-19 22:23:21,True,3.09,20.14,11.55,5.4
2026-08-19 22:23:52,True,4.26,18.98,12.72,45.9
2026-08-19 22:24:24,True,7.97,15.24,16.46,46.3
2026-08-19 22:24:55,True,7.95,15.31,16.38,40.9
2026-08-19 22:25:26,True,7.95,15.23,16.46,42.1
2026-08-19 22:25:57,True,3.08,20.14,11.56,1.6
2026-08-19 22:26:28,True,3.99,19.14,12.56,56.5
2026-08-19 22:27:00,True,7.98,15.20,16.50,39.2
2026-08-19 22:27:31,True,7.93,15.24,16.46,43.9
2026-08-19 22:28:02,True,6.38,16.87,14.82,23.0
2026-08-19 22:28:33,True,7.91,15.16,16.54,29.7
2026-08-19 22:29:04,True,3.10,20.05,11.64,3.5
2026-08-19 22:29:35,True,2.70,20.46,11.23,2.8
2026-08-19 22:30:07,True,4.28,18.87,12.83,54.3
2026-08-19 22:30:38,True,4.32,18.83,12.86,49.3
2026-08-19 22:31:09,True,6.28,16.87,14.83,22.9
2026-08-19 22:31:40,True,3.63,19.39,12.30,15.0
2026-08-19 22:32:12,True,6.59,16.61,15.09,14.2
2026-08-19 22:32:43,True,7.88,15.15,16.55,45.0
2026-08-19 22:33:14,True,3.10,20.08,11.62,4.6
2026-08-19 22:33:45,True,5.78,17.41,14.28,16.4
2026-08-19 22:34:16,True,3.80,19.33,12.37,15.5
2026-08-19 22:34:47,True,3.68,19.63,12.06,8.1
2026-08-19 22:35:18,True,5.46,17.73,13.96,8.8
2026-08-19 22:35:49,True,3.11,20.05,11.65,7.1
2026-08-19 22:36:20,True,6.16,16.97,14.73,23.8
2026-08-19 22:36:52,True,5.41,17.79,13.90,25.7
2026-08-19 22:37:23,True,3.00,20.22,11.48,9.9
2026-08-19 22:37:54,True,5.44,18.17,13.53,3.9
2026-08-19 22:38:25,True,3.11,20.11,11.59,4.1
2026-08-19 22:38:56,True,6.24,16.88,14.81,27.1
2026-08-19 22:39:27,True,5.94,17.29,14.40,20.9
2026-08-19 22:39:58,True,3.56,19.64,12.06,12.6
2026-08-19 22:40:29,True,4.56,18.67,13.03,7.9
2026-08-19 22:41:00,True,3.11,20.12,11.58,5.0
2026-08-19 22:41:31,True,6.25,16.93,14.76,27.1
2026-08-19 22:42:02,True,6.19,16.97,14.73,24.5
2026-08-19 22:42:34,True,3.30,20.22,11.47,5.6
2026-08-19 22:43:05,True,6.21,17.30,14.39,10.1
2026-08-19 22:43:36,True,3.13,20.08,11.61,4.4
2026-08-19 22:44:07,True,6.01,17.18,14.52,23.7
2026-08-19 22:44:38,True,3.23,20.19,11.51,4.6
2026-08-19 22:45:09,True,6.61,16.55,15.14,22.5
2026-08-19 22:45:40,True,7.97,15.22,16.47,40.6
2026-08-19 22:46:11,True,2.74,20.44,11.25,2.2
2026-08-19 22:46:43,False,0.00,23.12,8.57,1.5
2026-08-19 22:47:14,False,0.00,23.09,8.61,1.5
2026-08-19 22:47:45,False,0.00,22.98,8.72,0.0
2026-08-19 22:48:16,False,0.00,22.94,8.75,0.2
2026-08-19 22:48:47,True,0.18,22.77,8.93,1.1
2026-08-19 22:49:18,True,0.20,22.78,8.92,0.3
2026-08-19 22:49:49,True,0.00,26.62,5.08,1.1
2026-08-19 22:50:20,True,1.84,24.40,7.30,3.7
2026-08-19 22:50:51,True,3.85,22.14,9.56,47.9
2026-08-19 22:51:22,True,11.36,14.53,17.17,27.2
2026-08-19 22:51:54,True,14.28,11.51,20.18,32.1
2026-08-19 22:52:25,True,11.42,14.45,17.25,27.3
2026-08-19 22:52:56,True,14.39,11.32,20.37,38.7
2026-08-19 22:53:27,True,8.58,16.96,14.74,23.4
2026-08-19 22:53:58,True,14.40,11.28,20.41,47.2
2026-08-19 22:54:29,True,6.85,18.78,12.92,4.7
2026-08-19 22:55:01,True,4.28,21.34,10.35,5.1
2026-08-19 22:55:32,True,5.89,19.74,11.96,60.1
2026-08-19 22:56:03,True,11.48,13.84,17.86,26.0
2026-08-19 22:56:34,True,14.35,11.18,20.52,38.2
2026-08-19 22:57:05,True,11.24,14.35,17.35,22.8
2026-08-19 22:57:36,True,13.22,12.41,19.29,37.5
2026-08-19 22:58:07,True,11.88,13.57,18.13,28.9
2026-08-19 22:58:39,True,14.41,10.89,20.81,42.0
2026-08-19 22:59:10,True,4.32,21.08,10.62,6.5
2026-08-19 22:59:41,True,4.37,21.03,10.66,4.6
2026-08-19 23:00:12,True,5.90,19.47,12.23,57.5
2026-08-19 23:00:43,True,11.44,13.49,18.20,31.6
2026-08-19 23:01:14,True,14.53,10.90,20.80,40.0
2026-08-19 23:01:46,True,10.83,14.51,17.18,24.9
2026-08-19 23:02:17,True,14.52,10.75,20.95,41.4
2026-08-19 23:02:48,True,8.56,16.79,14.90,4.7
2026-08-19 23:03:19,True,11.70,13.46,18.24,14.0
2026-08-19 23:03:50,True,14.35,10.92,20.77,41.9
2026-08-19 23:04:21,True,4.34,20.98,10.71,11.7
2026-08-19 23:04:52,True,4.38,20.88,10.81,5.1
2026-08-19 23:05:23,True,6.04,19.11,12.59,40.5
2026-08-19 23:05:55,True,11.77,13.43,18.27,28.2
2026-08-19 23:06:26,True,14.45,10.74,20.95,40.2
2026-08-19 23:06:57,True,9.48,15.72,15.98,22.3
2026-08-19 23:07:28,True,14.40,10.94,20.75,50.3
2026-08-19 23:07:59,True,13.11,12.04,19.66,29.1
2026-08-19 23:08:30,True,11.16,14.01,17.68,26.4
2026-08-19 23:09:01,True,14.51,10.85,20.85,43.8
2026-08-19 23:09:33,True,4.39,21.03,10.67,3.0
2026-08-19 23:10:04,True,4.42,21.00,10.69,7.3
2026-08-19 23:10:35,True,5.22,20.18,11.52,5.3
2026-08-19 23:11:06,True,6.14,19.16,12.54,14.3
2026-08-19 23:11:37,True,14.40,10.88,20.82,44.5
2026-08-19 23:12:08,True,5.26,20.18,11.52,4.8
2026-08-19 23:12:39,True,13.98,11.17,20.52,42.1
2026-08-19 23:13:10,True,14.46,10.84,20.86,34.9
2026-08-19 23:13:42,True,11.15,14.08,17.61,29.0
2026-08-19 23:14:13,True,14.41,10.93,20.77,55.6
2026-08-19 23:14:44,True,3.54,21.98,9.71,7.2
2026-08-19 23:15:15,True,4.39,20.95,10.74,3.8
2026-08-19 23:15:46,True,4.44,20.88,10.81,2.9
2026-08-19 23:16:17,True,6.04,19.34,12.36,48.8
2026-08-19 23:16:48,True,11.69,13.76,17.94,32.7
2026-08-19 23:17:19,True,14.49,10.94,20.76,41.2
2026-08-19 23:17:51,True,4.39,20.94,10.75,6.6
2026-08-19 23:18:22,True,11.73,13.86,17.84,21.6
2026-08-19 23:18:53,True,14.31,10.96,20.74,44.1
2026-08-19 23:19:24,True,7.37,17.89,13.81,17.9
2026-08-19 23:19:55,True,12.19,13.57,18.13,23.0
2026-08-19 23:20:26,True,14.44,11.02,20.67,46.4
2026-08-19 23:20:58,True,4.49,20.84,10.86,7.9
2026-08-19 23:21:29,True,4.50,20.84,10.86,4.3
2026-08-19 23:22:00,True,4.54,20.80,10.89,5.2
2026-08-19 23:22:31,True,5.83,19.49,12.21,44.8
2026-08-19 23:23:02,True,11.67,13.59,18.11,26.3
2026-08-19 23:23:33,True,14.58,10.73,20.96,43.7
2026-08-19 23:24:04,True,11.17,14.04,17.65,26.7
2026-08-19 23:24:35,True,14.32,10.93,20.77,40.7
2026-08-19 23:25:07,True,12.68,12.53,19.17,16.3
2026-08-19 23:25:38,True,11.40,13.85,17.85,20.8
2026-08-19 23:26:09,True,14.44,10.47,21.23,44.3
2026-08-19 23:26:40,True,4.52,20.37,11.33,6.8
2026-08-19 23:27:11,True,4.55,20.45,11.25,6.9
2026-08-19 23:27:42,True,4.59,20.42,11.28,4.4
2026-08-19 23:28:13,True,5.84,19.25,12.45,54.5
2026-08-19 23:28:44,True,11.11,13.79,17.90,21.9
2026-08-19 23:29:16,True,14.52,10.49,21.20,41.0
2026-08-19 23:29:47,True,10.64,14.32,17.38,20.8
2026-08-19 23:30:18,True,14.48,10.68,21.02,53.5
2026-08-19 23:30:49,True,13.16,11.79,19.90,31.0
2026-08-19 23:31:20,True,11.17,13.84,17.86,23.0
2026-08-19 23:31:51,True,14.47,10.52,21.17,42.1
2026-08-19 23:32:22,True,3.77,21.23,10.47,5.3
2026-08-19 23:32:54,True,4.56,20.47,11.22,7.1
2026-08-19 23:33:25,True,4.59,20.45,11.25,2.7
2026-08-19 23:33:56,True,5.33,19.72,11.98,5.5
2026-08-19 23:34:27,True,8.77,16.27,15.43,18.6
2026-08-19 23:34:58,True,11.95,12.98,18.72,20.3
2026-08-19 23:35:29,True,13.17,11.91,19.79,41.3
2026-08-19 23:36:00,True,12.11,12.85,18.85,28.2
2026-08-19 23:36:31,True,14.31,10.66,21.04,49.3
2026-08-19 23:37:02,True,9.98,15.21,16.49,5.2
2026-08-19 23:37:34,True,11.46,13.58,18.12,22.7
2026-08-19 23:38:05,True,14.34,10.50,21.20,45.3
2026-08-19 23:38:36,True,4.57,20.34,11.36,4.4
2026-08-19 23:39:07,True,4.59,20.32,11.38,8.6
2026-08-19 23:39:38,True,4.62,20.30,11.39,3.6
2026-08-19 23:40:09,True,6.21,18.68,13.02,53.1
2026-08-19 23:40:40,True,11.23,13.46,18.24,27.0
2026-08-19 23:41:11,True,14.50,10.56,21.14,42.2
2026-08-19 23:41:43,True,11.10,13.88,17.82,26.1
2026-08-19 23:42:14,True,14.42,10.58,21.12,38.7
2026-08-19 23:42:45,True,9.81,15.01,16.69,4.0
2026-08-19 23:43:16,True,11.30,13.34,18.35,30.0
2026-08-19 23:43:47,True,14.55,10.14,21.56,41.6
2026-08-19 23:44:18,True,4.57,20.12,11.58,2.6
2026-08-19 23:44:49,True,4.60,20.10,11.60,4.5
2026-08-19 23:45:20,True,4.62,20.12,11.58,4.6
2026-08-19 23:45:51,True,6.40,18.35,13.35,43.6
2026-08-19 23:46:23,True,12.13,12.60,19.10,23.5
2026-08-19 23:46:54,True,14.40,10.28,21.41,40.3
2026-08-19 23:47:25,True,11.89,12.76,18.94,26.2
2026-08-19 23:47:56,True,14.50,10.32,21.38,37.7
2026-08-19 23:48:27,True,6.28,18.52,13.18,11.4
2026-08-19 23:48:59,True,12.77,11.99,19.71,36.7
2026-08-19 23:49:30,True,14.53,10.14,21.56,39.5
2026-08-19 23:50:01,True,4.62,20.12,11.58,4.5
2026-08-19 23:50:32,True,4.64,20.11,11.58,2.7
2026-08-19 23:51:03,True,4.67,20.08,11.61,3.7
2026-08-19 23:51:34,True,6.73,17.95,13.75,42.0
2026-08-19 23:52:05,True,11.58,13.05,18.65,24.5
2026-08-19 23:52:36,True,14.38,10.54,21.15,45.0
2026-08-19 23:53:08,True,5.48,19.22,12.48,19.4
2026-08-19 23:53:39,True,11.59,12.96,18.74,24.5
2026-08-19 23:54:10,True,13.11,11.61,20.09,35.0
2026-08-19 23:54:41,True,11.35,13.35,18.35,23.5
2026-08-19 23:55:12,True,14.40,10.27,21.43,35.2
2026-08-19 23:55:43,True,13.05,11.74,19.96,27.3
2026-08-19 23:56:14,True,4.74,20.00,11.69,12.1
2026-08-19 23:56:45,True,4.77,19.98,11.72,3.7
2026-08-19 23:57:17,True,4.79,19.96,11.74,5.2
2026-08-19 23:57:48,True,6.67,17.99,13.70,39.5
2026-08-19 23:58:19,True,10.92,14.11,17.58,21.9
2026-08-19 23:58:50,True,14.32,10.40,21.29,43.4
2026-08-19 23:59:21,True,9.80,14.85,16.84,12.6
2026-08-19 23:59:52,True,11.36,13.37,18.33,26.6
2026-08-20 00:00:23,True,14.40,10.06,21.64,46.8
2026-08-20 00:00:54,True,4.79,19.62,12.08,10.7
2026-08-20 00:01:26,True,12.24,11.98,19.72,41.5
2026-08-20 00:01:57,True,14.52,9.86,21.84,49.3
2026-08-20 00:02:28,True,4.76,19.59,12.11,7.8
2026-08-20 00:02:59,True,4.77,19.57,12.13,6.9
2026-08-20 00:03:30,True,4.80,19.54,12.16,10.1
2026-08-20 00:04:01,True,5.41,18.95,12.74,11.2
2026-08-20 00:04:32,True,6.47,17.92,13.78,52.1
2026-08-20 00:05:04,True,11.31,13.03,18.66,28.6
2026-08-20 00:05:35,True,14.53,9.90,21.80,51.5
2026-08-20 00:06:06,True,6.55,17.84,13.86,7.2
2026-08-20 00:06:37,True,11.20,13.12,18.57,31.8
2026-08-20 00:07:08,True,14.49,9.92,21.77,56.5
2026-08-20 00:07:39,True,7.61,16.54,15.15,16.8
2026-08-20 00:08:10,True,11.94,12.16,19.54,39.3
2026-08-20 00:08:41,True,14.30,9.74,21.96,47.1
2026-08-20 00:09:13,True,4.75,19.43,12.26,7.2
2026-08-20 00:09:44,True,4.76,19.43,12.27,7.1
2026-08-20 00:10:15,True,4.78,19.41,12.29,7.3
2026-08-20 00:10:46,True,5.10,19.14,12.56,9.7
2026-08-20 00:11:17,True,6.92,17.36,14.34,56.0
2026-08-20 00:11:48,True,11.25,12.90,18.80,27.7
2026-08-20 00:12:19,True,14.51,9.67,22.03,40.6
2026-08-20 00:12:50,True,7.96,16.30,15.39,8.0
2026-08-20 00:13:22,True,11.74,12.35,19.34,33.0
2026-08-20 00:13:53,True,14.55,9.80,21.89,42.7
2026-08-20 00:14:24,True,11.06,13.14,18.55,24.1
2026-08-20 00:14:55,True,14.28,9.95,21.74,47.7
2026-08-20 00:15:26,True,14.37,9.84,21.85,58.2
2026-08-20 00:15:57,True,4.72,19.49,12.21,10.4
2026-08-20 00:16:28,True,4.72,19.48,12.22,4.5
2026-08-20 00:17:00,True,4.75,19.46,12.24,4.7
2026-08-20 00:17:31,True,5.68,18.49,13.21,5.7
2026-08-20 00:18:02,True,6.49,17.63,14.07,42.4
2026-08-20 00:18:33,True,11.53,12.38,19.31,31.1
2026-08-20 00:19:04,True,14.47,9.81,21.88,43.6
2026-08-20 00:19:35,True,9.76,14.46,17.24,15.9
2026-08-20 00:20:06,True,11.25,12.84,18.86,25.5
2026-08-20 00:20:38,True,14.48,9.59,22.11,32.9
2026-08-20 00:21:09,True,4.98,19.18,12.52,9.9
2026-08-20 00:21:40,True,11.63,12.50,19.20,30.9
2026-08-20 00:22:11,True,14.41,9.70,22.00,45.8
2026-08-20 00:22:42,True,4.22,20.08,11.62,5.0
2026-08-20 00:23:13,True,4.76,19.40,12.29,6.0
2026-08-20 00:23:44,True,4.78,19.37,12.32,7.6
2026-08-20 00:24:15,True,4.80,19.34,12.35,7.0
2026-08-20 00:24:47,True,6.09,18.12,13.57,46.2
2026-08-20 00:25:18,True,10.73,13.41,18.29,25.8
2026-08-20 00:25:49,True,14.47,9.52,22.18,47.4
2026-08-20 00:26:20,True,14.50,9.62,22.07,35.5
2026-08-20 00:26:51,True,11.13,13.01,18.68,22.6
2026-08-20 00:27:22,True,14.38,9.55,22.15,45.0
2026-08-20 00:27:53,True,9.92,14.22,17.48,11.9
2026-08-20 00:28:24,True,11.23,12.78,18.92,27.2
2026-08-20 00:28:56,True,14.41,9.82,21.88,49.3
2026-08-20 00:29:27,True,3.95,20.21,11.49,5.4
2026-08-20 00:29:58,True,4.79,19.38,12.32,3.3
2026-08-20 00:30:29,True,4.81,19.35,12.34,4.4
2026-08-20 00:31:00,True,4.83,19.29,12.40,4.8
2026-08-20 00:31:31,True,6.10,17.96,13.74,31.6
2026-08-20 00:32:02,True,10.66,13.34,18.35,23.2
2026-08-20 00:32:33,True,14.23,9.65,22.05,34.0
2026-08-20 00:33:05,True,14.42,9.69,22.00,44.0
2026-08-20 00:33:36,True,11.31,12.79,18.90,20.5
2026-08-20 00:34:07,True,14.30,9.89,21.81,41.1
2026-08-20 00:34:38,True,6.27,17.87,13.82,12.9
2026-08-20 00:35:09,True,14.29,9.81,21.89,43.4
2026-08-20 00:35:40,True,14.23,9.84,21.86,46.3
2026-08-20 00:36:12,True,4.82,19.34,12.36,6.2
2026-08-20 00:36:43,True,4.83,19.33,12.37,4.9
2026-08-20 00:37:14,True,4.86,19.31,12.39,9.0
2026-08-20 00:37:45,True,5.51,18.63,13.06,7.9
2026-08-20 00:38:16,True,6.57,17.61,14.09,55.7
2026-08-20 00:38:47,True,11.56,12.51,19.19,20.1
2026-08-20 00:39:18,True,14.45,9.57,22.12,37.6
2026-08-20 00:39:49,True,14.56,9.65,22.05,42.5
2026-08-20 00:40:20,True,11.21,12.92,18.78,22.6
2026-08-20 00:40:52,True,14.54,9.65,22.04,37.1
2026-08-20 00:41:23,True,6.76,17.33,14.36,14.0
2026-08-20 00:41:54,True,12.87,11.17,20.53,32.5
2026-08-20 00:42:25,True,14.40,9.56,22.13,38.5
2026-08-20 00:42:56,True,4.86,19.30,12.40,4.7
2026-08-20 00:43:27,True,4.86,19.29,12.41,5.0
2026-08-20 00:43:58,True,4.88,19.26,12.44,4.5
2026-08-20 00:44:29,True,4.90,19.25,12.45,5.4
2026-08-20 00:45:00,True,6.67,17.43,14.27,49.6
2026-08-20 00:45:32,True,11.21,12.92,18.78,25.1
2026-08-20 00:46:03,True,14.38,9.72,21.98,37.8
2026-08-20 00:46:34,True,14.39,9.86,21.84,47.1
2026-08-20 00:47:05,True,11.26,12.93,18.77,25.0
2026-08-20 00:47:36,True,14.43,9.65,22.05,35.4
2026-08-20 00:48:07,True,7.13,16.73,14.97,14.5
2026-08-20 00:48:39,True,14.48,9.58,22.12,43.0
2026-08-20 00:49:10,True,14.65,9.50,22.19,46.1
2026-08-20 00:49:41,True,4.82,19.34,12.35,7.6
2026-08-20 00:50:12,True,4.82,19.33,12.37,7.6
2026-08-20 00:50:43,True,4.84,19.31,12.38,5.1
2026-08-20 00:51:14,True,4.86,19.30,12.40,3.8
2026-08-20 00:51:45,True,6.99,17.24,14.46,39.4
2026-08-20 00:52:16,True,11.22,12.92,18.78,22.2
2026-08-20 00:52:47,True,14.43,9.73,21.97,37.0
2026-08-20 00:53:19,True,13.56,11.00,20.70,35.0
2026-08-20 00:53:50,True,11.23,12.74,18.96,39.3
2026-08-20 00:54:21,True,14.43,9.55,22.14,41.1
2026-08-20 00:54:52,True,6.77,17.34,14.36,5.7
2026-08-20 00:55:23,True,11.36,12.82,18.88,21.1
2026-08-20 00:55:54,True,14.32,9.69,22.01,42.0
2026-08-20 00:56:25,True,6.80,17.41,14.29,2.1
2026-08-20 00:56:56,True,4.83,19.32,12.37,7.5
2026-08-20 00:57:28,True,4.85,19.30,12.39,4.4
2026-08-20 00:57:59,True,4.87,19.30,12.40,4.4
2026-08-20 00:58:30,True,6.93,17.12,14.57,42.0
2026-08-20 00:59:01,True,8.79,15.25,16.45,17.7
2026-08-20 00:59:32,True,13.24,10.60,21.10,30.8
2026-08-20 01:00:03,True,14.52,9.47,22.22,46.5
2026-08-20 01:00:34,True,9.49,14.43,17.27,18.7
2026-08-20 01:01:06,True,14.34,9.64,22.06,45.5
2026-08-20 01:01:37,True,13.60,10.23,21.46,36.4
2026-08-20 01:02:08,True,11.22,12.74,18.96,23.3
2026-08-20 01:02:39,True,14.35,9.51,22.18,42.6
2026-08-20 01:03:10,True,13.17,10.69,21.00,41.1
2026-08-20 01:03:41,True,4.87,19.08,12.62,8.2
2026-08-20 01:04:13,True,4.87,19.06,12.63,7.7
2026-08-20 01:04:44,True,4.89,19.02,12.67,10.1
2026-08-20 01:05:15,True,4.10,19.82,11.87,9.8
2026-08-20 01:05:46,True,6.16,17.65,14.04,57.6
2026-08-20 01:06:17,True,11.43,12.31,19.39,27.6
2026-08-20 01:06:48,True,14.47,9.49,22.20,45.5
2026-08-20 01:07:20,True,14.50,9.46,22.24,44.6
2026-08-20 01:07:51,True,11.11,12.78,18.92,33.4
2026-08-20 01:08:22,True,14.31,9.39,22.31,41.0
2026-08-20 01:08:53,True,13.19,10.75,20.95,34.5
2026-08-20 01:09:24,True,11.64,12.10,19.59,25.5
2026-08-20 01:09:55,True,14.41,9.45,22.24,42.1
2026-08-20 01:10:27,True,13.11,10.71,20.99,31.6
2026-08-20 01:10:58,True,4.90,18.98,12.71,5.7
2026-08-20 01:11:29,True,4.90,18.99,12.71,3.9
2026-08-20 01:12:00,True,4.92,18.97,12.73,4.8
2026-08-20 01:12:31,True,4.15,19.73,11.97,3.7
2026-08-20 01:13:02,True,6.27,17.67,14.02,41.2
2026-08-20 01:13:33,True,11.92,12.21,19.49,23.2
2026-08-20 01:14:04,True,14.35,9.52,22.18,42.6
2026-08-20 01:14:35,True,4.79,18.90,12.80,6.4
2026-08-20 01:15:07,True,13.55,10.11,21.59,30.4
2026-08-20 01:15:38,True,10.75,13.00,18.70,17.5
2026-08-20 01:16:09,True,12.23,11.43,20.27,22.7
2026-08-20 01:16:40,True,14.26,9.44,22.26,38.8
2026-08-20 01:17:11,True,5.91,17.93,13.77,3.8
2026-08-20 01:17:42,True,4.94,18.89,12.80,4.6
2026-08-20 01:18:13,True,4.96,18.88,12.82,7.8
2026-08-20 01:18:44,True,4.97,18.88,12.81,3.7
2026-08-20 01:19:15,True,5.56,18.30,13.40,6.0
2026-08-20 01:19:47,True,8.31,15.36,16.33,20.4
2026-08-20 01:20:18,True,13.65,10.11,21.58,26.8
2026-08-20 01:20:49,True,14.57,9.28,22.42,35.7
2026-08-20 01:21:20,True,10.83,12.92,18.77,19.8
2026-08-20 01:21:51,True,14.33,9.56,22.13,51.8
2026-08-20 01:22:22,True,13.09,10.74,20.96,34.9
2026-08-20 01:22:53,True,12.26,11.43,20.26,24.4
2026-08-20 01:23:25,True,14.43,9.42,22.28,53.3
2026-08-20 01:23:56,True,13.26,10.56,21.14,31.3
2026-08-20 01:24:27,True,4.91,18.90,12.80,5.0
2026-08-20 01:24:58,True,4.92,18.90,12.79,4.6
2026-08-20 01:25:29,True,4.94,18.90,12.79,3.7
2026-08-20 01:26:00,True,4.14,19.71,11.99,6.1
2026-08-20 01:26:31,True,7.06,16.75,14.95,45.5
2026-08-20 01:27:02,True,11.43,12.26,19.43,25.3
2026-08-20 01:27:34,True,14.39,9.35,22.34,36.5
2026-08-20 01:28:05,True,14.41,9.24,22.46,42.4
2026-08-20 01:28:36,True,11.31,12.51,19.19,34.8
2026-08-20 01:29:07,True,14.47,9.25,22.45,44.1
2026-08-20 01:29:38,True,5.28,18.59,13.11,8.4
2026-08-20 01:30:09,True,12.09,11.76,19.94,28.4
2026-08-20 01:30:41,True,14.49,9.38,22.32,41.6
2026-08-20 01:31:12,True,4.27,19.52,12.17,8.7
2026-08-20 01:31:43,True,4.91,18.97,12.72,3.8
2026-08-20 01:32:14,True,4.93,18.95,12.74,3.9
2026-08-20 01:32:45,True,4.94,18.92,12.78,4.5
2026-08-20 01:33:16,True,6.82,16.94,14.76,51.5
2026-08-20 01:33:47,True,10.12,13.51,18.18,28.1
2026-08-20 01:34:18,True,11.99,11.85,19.85,21.1
2026-08-20 01:34:49,True,14.39,9.38,22.31,38.0
2026-08-20 01:35:21,True,4.78,18.94,12.75,9.7
2026-08-20 01:35:52,True,11.92,11.60,20.09,25.0
2026-08-20 01:36:23,True,14.58,9.21,22.49,45.4
2026-08-20 01:36:54,True,5.37,18.63,13.06,6.9
2026-08-20 01:37:25,True,11.72,12.18,19.51,20.4
2026-08-20 01:37:56,True,14.37,9.37,22.33,40.5
2026-08-20 01:38:28,True,7.53,16.24,15.45,6.1
2026-08-20 01:38:59,True,4.97,18.82,12.88,4.3
2026-08-20 01:39:30,True,4.98,18.81,12.89,2.7
2026-08-20 01:40:01,True,5.00,18.82,12.88,5.3
2026-08-20 01:40:32,True,5.48,18.31,13.39,12.8
2026-08-20 01:41:03,True,6.95,16.87,14.83,47.9
2026-08-20 01:41:34,True,11.65,12.39,19.31,24.3
2026-08-20 01:42:05,True,14.44,9.38,22.31,41.6
2026-08-20 01:42:36,True,7.33,16.28,15.42,12.6
2026-08-20 01:43:08,True,13.58,10.07,21.62,33.6
2026-08-20 01:43:39,True,9.95,13.77,17.92,12.5
2026-08-20 01:44:10,True,12.06,11.72,19.98,17.5
2026-08-20 01:44:41,True,14.48,9.35,22.35,40.0
2026-08-20 01:45:12,True,11.96,11.98,19.71,17.6
2026-08-20 01:45:43,True,4.99,18.85,12.84,6.9
2026-08-20 01:46:14,True,4.99,18.85,12.85,6.9
2026-08-20 01:46:45,True,5.01,18.83,12.87,3.9
2026-08-20 01:47:17,True,4.20,19.64,12.05,5.3
2026-08-20 01:47:48,True,6.26,17.54,14.16,51.2
2026-08-20 01:48:19,True,11.30,12.49,19.21,24.1
2026-08-20 01:48:50,True,14.42,9.35,22.35,43.7
2026-08-20 01:49:21,True,14.40,9.24,22.46,47.8
2026-08-20 01:49:52,True,11.71,11.89,19.81,26.8
2026-08-20 01:50:23,True,12.16,11.61,20.09,26.7
2026-08-20 01:50:55,True,9.92,13.79,17.90,15.4
2026-08-20 01:51:26,True,11.52,12.25,19.45,15.2
2026-08-20 01:51:57,True,14.42,9.37,22.32,43.6
2026-08-20 01:52:28,True,14.47,9.26,22.43,50.1
2026-08-20 01:52:59,True,5.03,18.78,12.92,6.2
2026-08-20 01:53:30,True,5.04,18.75,12.95,4.2
2026-08-20 01:54:01,True,5.05,18.69,13.01,6.2
2026-08-20 01:54:32,True,5.06,18.68,13.02,4.4
2026-08-20 01:55:04,True,6.30,17.44,14.25,44.6
2026-08-20 01:55:35,True,10.76,12.90,18.80,17.3
2026-08-20 01:56:06,True,13.69,10.00,21.70,43.8
2026-08-20 01:56:37,True,14.62,9.22,22.47,47.2
2026-08-20 01:57:08,True,11.12,12.75,18.95,23.5
2026-08-20 01:57:39,True,13.68,10.15,21.55,45.4
2026-08-20 01:58:10,True,13.18,10.49,21.20,26.6
2026-08-20 01:58:42,True,11.20,12.60,19.09,23.8
2026-08-20 01:59:13,True,14.40,9.32,22.37,51.8
2026-08-20 01:59:44,True,13.15,10.62,21.07,35.7
2026-08-20 02:00:15,True,4.97,18.85,12.85,6.7
2026-08-20 02:00:46,True,4.98,18.85,12.84,4.1
2026-08-20 02:01:17,True,5.00,18.84,12.86,2.8
2026-08-20 02:01:48,True,5.01,18.83,12.86,9.3
2026-08-20 02:02:19,True,7.15,16.75,14.94,48.0
2026-08-20 02:02:50,True,11.28,12.66,19.04,19.8
2026-08-20 02:03:22,True,11.99,11.67,20.03,15.5
2026-08-20 02:03:53,True,14.27,9.38,22.31,36.3
2026-08-20 02:04:24,True,11.08,12.68,19.01,30.9
2026-08-20 02:04:55,True,14.57,9.39,22.30,52.9
2026-08-20 02:05:26,True,9.96,13.81,17.89,6.2
2026-08-20 02:05:57,True,11.28,12.50,19.19,23.9
2026-08-20 02:06:28,True,14.42,9.43,22.27,43.5
2026-08-20 02:07:00,True,13.73,10.20,21.50,31.5
2026-08-20 02:07:31,True,5.01,18.85,12.85,5.4
2026-08-20 02:08:02,True,5.02,18.83,12.87,4.6
2026-08-20 02:08:33,True,5.04,18.78,12.91,4.2
2026-08-20 02:09:04,True,5.05,18.74,12.95,6.8
2026-08-20 02:09:35,True,6.86,17.03,14.66,45.1
2026-08-20 02:10:06,True,11.33,12.45,19.24,19.9
2026-08-20 02:10:37,True,14.49,9.28,22.41,42.6
2026-08-20 02:11:08,True,4.81,18.99,12.71,6.2
2026-08-20 02:11:39,True,14.32,9.29,22.40,47.3
2026-08-20 02:12:11,True,9.95,13.86,17.83,11.9
2026-08-20 02:12:42,True,11.45,12.28,19.41,16.1
2026-08-20 02:13:13,True,14.41,9.32,22.38,40.6
2026-08-20 02:13:44,True,5.03,18.80,12.90,4.0
2026-08-20 02:14:15,True,5.03,18.79,12.91,8.2
2026-08-20 02:14:46,True,5.05,18.65,13.05,4.2
2026-08-20 02:15:17,True,5.06,18.68,13.01,4.7
2026-08-20 02:15:48,True,5.68,18.11,13.58,7.5
2026-08-20 02:16:20,True,7.14,16.49,15.21,47.5
2026-08-20 02:16:51,True,11.46,12.15,19.55,21.4
2026-08-20 02:17:22,True,14.37,9.20,22.49,39.3
2026-08-20 02:17:53,True,11.17,12.52,19.18,21.0
2026-08-20 02:18:24,True,13.23,10.49,21.21,31.8
2026-08-20 02:18:55,True,10.69,12.96,18.73,13.6
2026-08-20 02:19:26,True,14.47,9.17,22.52,39.1
2026-08-20 02:19:58,True,6.88,16.87,14.83,2.9
2026-08-20 02:20:29,True,5.05,18.74,12.96,5.4
2026-08-20 02:21:00,True,5.05,18.74,12.96,3.7
2026-08-20 02:21:31,True,5.07,18.72,12.97,3.9
2026-08-20 02:22:02,True,4.58,19.20,12.49,12.9
2026-08-20 02:22:33,True,7.23,16.44,15.26,41.2
2026-08-20 02:23:04,True,11.75,12.15,19.54,12.8
2026-08-20 02:23:35,True,14.56,9.30,22.39,50.9
2026-08-20 02:24:06,True,5.18,18.56,13.14,7.0
2026-08-20 02:24:38,True,11.32,12.37,19.33,29.9
2026-08-20 02:25:09,True,13.14,10.62,21.07,29.8
2026-08-20 02:25:40,True,11.30,12.51,19.18,23.1
2026-08-20 02:26:11,True,13.47,10.27,21.42,36.2
2026-08-20 02:26:42,True,13.21,10.63,21.07,26.3
2026-08-20 02:27:13,True,5.06,18.75,12.94,7.2
2026-08-20 02:27:44,True,5.07,18.73,12.96,4.1
2026-08-20 02:28:16,True,5.09,18.72,12.98,6.1
2026-08-20 02:28:47,True,5.10,18.68,13.02,4.3
2026-08-20 02:29:18,True,6.23,17.55,14.15,8.7
2026-08-20 02:29:49,True,10.01,13.76,17.94,21.0
2026-08-20 02:30:20,True,14.42,9.34,22.35,52.2
2026-08-20 02:30:51,True,13.19,10.43,21.26,38.7
2026-08-20 02:31:22,True,11.52,12.40,19.29,28.6
2026-08-20 02:31:53,True,13.23,10.39,21.30,35.0
2026-08-20 02:32:24,True,9.62,14.16,17.54,13.1
2026-08-20 02:32:56,True,12.39,11.38,20.31,33.0
2026-08-20 02:33:27,True,14.48,9.28,22.41,32.9
2026-08-20 02:33:58,True,5.07,18.79,12.91,5.6
2026-08-20 02:34:29,True,5.07,18.77,12.93,4.2
2026-08-20 02:35:00,True,5.09,18.14,13.55,5.5
2026-08-20 02:35:31,True,5.10,18.11,13.59,4.9
2026-08-20 02:36:02,True,6.01,17.09,14.60,16.5
2026-08-20 02:36:33,True,7.25,15.56,16.13,49.7
2026-08-20 02:37:04,True,11.35,11.32,20.38,23.2
2026-08-20 02:37:36,True,14.49,8.40,23.30,47.9
2026-08-20 02:38:07,True,11.17,11.65,20.05,27.9
2026-08-20 02:38:38,True,14.53,8.25,23.44,39.7
2026-08-20 02:39:09,True,6.88,15.87,15.82,6.8
2026-08-20 02:39:40,True,13.59,9.15,22.55,36.3
2026-08-20 02:40:11,True,14.59,8.21,23.48,41.6
2026-08-20 02:40:43,True,5.10,17.77,13.93,4.5
2026-08-20 02:41:14,True,5.10,17.75,13.95,4.3
2026-08-20 02:41:45,True,5.12,17.74,13.96,4.6
2026-08-20 02:42:16,True,5.13,17.73,13.96,6.9
2026-08-20 02:42:47,True,6.10,16.70,14.99,6.7
2026-08-20 02:43:18,True,5.04,17.80,13.90,7.4
2026-08-20 02:43:49,True,11.68,11.09,20.60,28.3
2026-08-20 02:44:20,True,14.57,8.23,23.47,48.0
2026-08-20 02:44:51,True,11.10,11.80,19.89,15.0
2026-08-20 02:45:22,True,11.96,10.82,20.87,19.7
2026-08-20 02:45:54,True,13.25,9.44,22.25,38.5
2026-08-20 02:46:25,True,11.20,11.60,20.10,24.4
2026-08-20 02:46:56,True,14.50,8.46,23.24,45.0
2026-08-20 02:47:27,True,11.96,10.97,20.72,23.9
2026-08-20 02:47:58,True,5.12,17.75,13.95,4.2
2026-08-20 02:48:29,True,5.12,17.74,13.95,4.3
2026-08-20 02:49:00,True,5.14,17.72,13.98,6.3
2026-08-20 02:49:31,True,5.15,17.69,14.01,4.4
2026-08-20 02:50:02,True,6.34,16.48,15.21,51.5
2026-08-20 02:50:34,True,11.06,11.80,19.90,28.7
2026-08-20 02:51:05,True,14.43,8.26,23.43,44.5
2026-08-20 02:51:36,True,6.74,16.09,15.60,17.1
2026-08-20 02:52:07,True,14.34,8.51,23.19,35.9
2026-08-20 02:52:38,True,6.98,15.88,15.82,4.0
2026-08-20 02:53:09,True,13.71,9.21,22.48,42.9
2026-08-20 02:53:40,True,14.17,9.15,22.55,42.0
2026-08-20 02:54:11,True,5.15,17.67,14.02,7.2
2026-08-20 02:54:43,True,5.15,17.67,14.03,4.4
2026-08-20 02:55:14,True,5.17,17.65,14.05,10.2
2026-08-20 02:55:45,True,5.18,17.66,14.03,3.9
2026-08-20 02:56:16,True,6.05,16.79,14.90,10.2
2026-08-20 02:56:47,True,7.05,15.73,15.96,50.2
2026-08-20 02:57:18,True,12.10,10.69,21.00,28.0
2026-08-20 02:57:49,True,14.54,8.23,23.47,38.4
2026-08-20 02:58:20,True,11.26,11.49,20.20,13.5
2026-08-20 02:58:52,True,14.66,8.25,23.45,46.7
2026-08-20 02:59:23,True,7.53,15.28,16.42,7.2
2026-08-20 02:59:54,True,11.34,11.52,20.18,11.8
2026-08-20 03:00:25,True,14.51,8.14,23.55,42.7
2026-08-20 03:00:56,True,5.19,17.65,14.05,5.6
2026-08-20 03:01:27,True,5.20,17.59,14.10,6.2
2026-08-20 03:01:58,True,5.21,17.58,14.12,7.9
2026-08-20 03:02:29,True,5.22,17.57,14.13,6.0
2026-08-20 03:03:00,True,5.22,17.61,14.09,10.2
2026-08-20 03:03:31,True,6.80,16.03,15.67,40.4
2026-08-20 03:04:03,True,11.73,11.03,20.67,25.7
2026-08-20 03:04:34,True,14.54,8.34,23.36,44.0
2026-08-20 03:05:05,True,10.31,12.52,19.18,18.7
2026-08-20 03:05:36,True,14.52,8.32,23.38,53.3
2026-08-20 03:06:07,True,11.97,10.83,20.86,22.7
2026-08-20 03:06:38,True,11.95,10.75,20.94,11.3
2026-08-20 03:07:09,True,14.56,8.26,23.44,42.2
2026-08-20 03:07:41,True,6.98,15.86,15.84,3.4
2026-08-20 03:08:12,True,5.16,17.68,14.02,7.3
2026-08-20 03:08:43,True,5.17,17.65,14.05,3.9
2026-08-20 03:09:14,True,5.18,17.63,14.06,4.0
2026-08-20 03:09:45,True,5.19,17.63,14.07,4.8
2026-08-20 03:10:16,True,7.27,15.51,16.19,43.7
2026-08-20 03:10:47,True,11.46,11.32,20.38,24.3
2026-08-20 03:11:18,True,14.49,8.29,23.40,41.8
2026-08-20 03:11:50,True,6.93,15.75,15.94,13.8
2026-08-20 03:12:21,True,13.73,9.12,22.57,32.2
2026-08-20 03:12:52,True,11.90,10.89,20.80,20.8
2026-08-20 03:13:23,True,11.83,10.95,20.75,32.0
2026-08-20 03:13:54,True,14.23,8.48,23.22,38.0
2026-08-20 03:14:25,True,4.34,18.45,13.24,4.7
2026-08-20 03:14:56,True,5.17,17.65,14.05,4.1
2026-08-20 03:15:27,True,5.18,17.65,14.05,4.1
2026-08-20 03:15:58,True,5.19,17.64,14.05,6.9
2026-08-20 03:16:30,True,5.20,17.65,14.05,4.3
2026-08-20 03:17:01,True,7.10,15.70,16.00,41.2
2026-08-20 03:17:32,True,10.77,12.05,19.64,22.7
2026-08-20 03:18:03,True,14.41,8.33,23.36,48.2
2026-08-20 03:18:34,True,5.96,16.88,14.82,4.4
2026-08-20 03:19:05,True,12.15,10.51,21.19,29.0
2026-08-20 03:19:36,True,14.44,8.20,23.50,33.8
2026-08-20 03:20:07,True,10.48,12.50,19.19,23.9
2026-08-20 03:20:39,True,14.45,8.37,23.33,50.3
2026-08-20 03:21:10,True,6.74,16.35,15.34,3.1
2026-08-20 03:21:41,True,5.18,17.67,14.02,3.3
2026-08-20 03:22:12,True,5.18,17.68,14.02,4.6
2026-08-20 03:22:43,True,5.20,17.65,14.05,6.8
2026-08-20 03:23:14,True,5.21,17.61,14.08,4.0
2026-08-20 03:23:45,True,7.31,15.56,16.14,52.7
2026-08-20 03:24:16,True,11.58,11.16,20.53,19.8
2026-08-20 03:24:47,True,14.49,8.22,23.48,52.2
2026-08-20 03:25:19,True,8.92,13.88,17.81,19.9
2026-08-20 03:25:50,True,12.39,10.46,21.23,25.5
2026-08-20 03:26:21,True,11.91,10.81,20.89,20.0
2026-08-20 03:26:52,True,11.47,11.26,20.44,16.6
2026-08-20 03:27:23,True,14.55,8.22,23.48,45.6
2026-08-20 03:27:54,True,4.54,18.17,13.53,7.3
2026-08-20 03:28:25,True,5.22,17.56,14.14,5.5
2026-08-20 03:28:56,True,5.23,17.57,14.12,4.3
2026-08-20 03:29:27,True,5.25,17.58,14.11,4.7
2026-08-20 03:29:58,True,5.25,17.64,14.05,5.5
2026-08-20 03:30:30,True,7.24,15.42,16.27,49.3
2026-08-20 03:31:01,True,11.26,11.37,20.33,20.3
2026-08-20 03:31:32,True,13.63,9.05,22.65,28.9
2026-08-20 03:32:03,True,6.98,15.85,15.84,8.4
2026-08-20 03:32:34,True,11.28,11.53,20.16,25.6
2026-08-20 03:33:05,True,14.47,8.37,23.33,41.5
2026-08-20 03:33:37,True,9.94,12.91,18.79,13.8
2026-08-20 03:34:08,True,11.51,11.32,20.38,14.6
2026-08-20 03:34:39,True,14.64,8.30,23.39,47.8
2026-08-20 03:35:10,True,4.42,18.38,13.32,7.9
2026-08-20 03:35:41,True,5.24,17.58,14.12,2.7
2026-08-20 03:36:12,True,5.24,17.57,14.13,3.4
2026-08-20 03:36:43,True,5.26,17.57,14.13,3.9
2026-08-20 03:37:14,True,5.27,17.56,14.13,6.3
2026-08-20 03:37:45,True,6.00,16.85,14.84,10.6
2026-08-20 03:38:16,True,9.50,13.33,18.37,11.8
2026-08-20 03:38:47,True,12.98,9.77,21.93,18.1
2026-08-20 03:39:19,True,11.73,11.02,20.67,20.0
2026-08-20 03:39:50,True,11.29,11.60,20.10,20.9
2026-08-20 03:40:21,True,14.53,8.33,23.37,41.0
2026-08-20 03:40:52,True,5.33,17.56,14.14,7.7
2026-08-20 03:41:23,True,12.24,10.74,20.96,26.4
2026-08-20 03:41:54,True,14.46,8.38,23.32,41.7
2026-08-20 03:42:25,True,5.24,17.66,14.04,9.3
2026-08-20 03:42:57,True,5.25,17.57,14.13,8.6
2026-08-20 03:43:28,True,5.26,17.61,14.08,4.7
2026-08-20 03:43:59,True,5.27,17.63,14.07,3.6
2026-08-20 03:44:30,True,6.00,17.10,14.59,10.1
2026-08-20 03:45:01,True,7.21,15.56,16.14,52.9
2026-08-20 03:45:32,True,11.27,11.60,20.09,26.2
2026-08-20 03:46:03,True,14.29,8.47,23.23,42.1
2026-08-20 03:46:34,True,10.69,12.20,19.50,21.3
2026-08-20 03:47:05,True,13.11,9.63,22.06,40.6
2026-08-20 03:47:37,True,11.98,10.84,20.86,23.4
2026-08-20 03:48:08,True,11.60,11.20,20.50,15.4
2026-08-20 03:48:39,True,13.80,9.03,22.67,22.1
2026-08-20 03:49:10,True,10.57,12.62,19.08,14.1
2026-08-20 03:49:41,True,5.26,17.59,14.11,3.9
2026-08-20 03:50:12,True,5.26,17.59,14.10,4.4
2026-08-20 03:50:43,True,5.28,17.59,14.10,4.2
2026-08-20 03:51:14,True,5.29,17.59,14.11,4.2
2026-08-20 03:51:46,True,6.09,16.76,14.94,14.8
2026-08-20 03:52:17,True,7.21,15.67,16.02,16.1
2026-08-20 03:52:48,True,12.20,10.61,21.08,22.0
2026-08-20 03:53:19,True,11.99,10.80,20.90,21.6
2026-08-20 03:53:50,True,11.51,11.19,20.51,25.1
2026-08-20 03:54:21,True,14.68,8.11,23.59,44.3
2026-08-20 03:54:52,True,8.18,14.68,17.02,5.9
2026-08-20 03:55:24,True,11.30,11.55,20.15,26.4
2026-08-20 03:55:55,True,14.61,8.24,23.45,42.7
2026-08-20 03:56:26,True,4.48,18.35,13.34,5.7
2026-08-20 03:56:57,True,5.29,17.58,14.11,5.2
2026-08-20 03:57:28,True,5.30,17.50,14.19,5.0
2026-08-20 03:57:59,True,5.31,17.52,14.18,5.9
2026-08-20 03:58:30,True,5.32,17.56,14.14,3.7
2026-08-20 03:59:01,True,6.14,16.74,14.95,6.8
2026-08-20 03:59:32,True,5.75,17.10,14.59,13.8
2026-08-20 04:00:03,True,12.46,10.07,21.63,39.1
2026-08-20 04:00:35,True,12.04,10.81,20.88,24.4
2026-08-20 04:01:06,True,11.82,11.04,20.66,24.9
2026-08-20 04:01:37,True,14.79,8.13,23.56,47.5
2026-08-20 04:02:08,True,7.68,15.29,16.41,5.0
2026-08-20 04:02:39,True,11.45,11.31,20.39,30.9
2026-08-20 04:03:10,True,14.60,8.25,23.45,50.8
2026-08-20 04:03:41,True,4.56,18.31,13.38,0.0
2026-08-20 04:04:13,True,4.56,18.33,13.37,0.0
2026-08-20 04:04:44,True,4.56,18.33,13.36,0.5
2026-08-20 04:05:15,True,4.56,18.33,13.36,0.2
2026-08-20 04:05:46,True,4.56,18.33,13.37,0.0
2026-08-20 04:06:17,True,4.56,18.33,13.36,1.7
2026-08-20 04:06:48,True,4.56,18.33,13.36,6.4
2026-08-20 04:07:19,True,4.56,18.33,13.36,2.6
2026-08-20 04:07:50,True,4.56,18.32,13.37,1.5
2026-08-20 04:08:21,True,4.56,18.21,13.48,1.4
2026-08-20 04:08:52,True,4.56,18.20,13.49,0.9
2026-08-20 04:09:23,True,4.56,18.22,13.48,1.1
2026-08-20 04:09:54,True,4.56,18.21,13.48,1.9
2026-08-20 04:10:25,True,4.56,18.25,13.44,2.0
2026-08-20 04:10:57,True,4.56,18.25,13.45,1.3
2026-08-20 04:11:28,True,4.56,18.26,13.44,1.0
2026-08-20 04:11:59,True,4.56,18.26,13.44,0.8
2026-08-20 04:12:30,True,4.56,18.26,13.44,0.0
2026-08-20 04:13:01,True,4.56,18.26,13.43,2.0
2026-08-20 04:13:32,True,4.56,18.27,13.42,0.3
2026-08-20 04:14:03,True,4.56,18.26,13.43,0.0
2026-08-20 04:14:34,True,4.56,18.26,13.44,0.6
2026-08-20 04:15:05,True,4.56,18.24,13.46,1.1
2026-08-20 04:15:36,True,4.56,18.24,13.46,1.3
2026-08-20 04:16:07,True,4.56,18.28,13.41,0.5
2026-08-20 04:16:38,True,4.56,18.27,13.42,1.1
2026-08-20 04:17:09,True,4.56,18.28,13.42,0.5
2026-08-20 04:17:41,True,4.56,18.27,13.43,0.7
2026-08-20 04:18:12,True,4.56,18.26,13.44,0.7
2026-08-20 04:18:43,True,4.56,18.26,13.44,0.8
2026-08-20 04:19:14,True,4.56,18.15,13.55,0.0
2026-08-20 04:19:45,True,4.56,18.16,13.53,1.5
2026-08-20 04:20:16,True,4.56,18.13,13.57,1.3
2026-08-20 04:20:47,True,4.56,18.13,13.57,1.4
2026-08-20 04:21:18,True,4.56,18.13,13.57,1.0
2026-08-20 04:21:49,True,4.56,18.13,13.57,1.5
2026-08-20 04:22:20,True,4.56,18.10,13.60,2.3
2026-08-20 04:22:51,True,4.56,18.11,13.58,0.4
2026-08-20 04:23:22,True,4.56,18.06,13.63,1.4
2026-08-20 04:23:53,True,4.56,18.08,13.62,1.9
2026-08-20 04:24:24,True,4.56,18.09,13.60,0.5
2026-08-20 04:24:56,True,4.56,18.10,13.59,0.0
2026-08-20 04:25:27,True,4.56,18.03,13.67,2.0
2026-08-20 04:25:58,True,4.56,18.02,13.67,0.0
2026-08-20 04:26:29,True,4.56,18.03,13.66,0.4
2026-08-20 04:27:00,True,4.56,18.06,13.64,2.3
2026-08-20 04:27:31,True,4.56,18.06,13.64,1.0
2026-08-20 04:28:02,True,4.56,18.06,13.63,0.6
2026-08-20 04:28:33,True,4.56,18.06,13.63,5.5
2026-08-20 04:29:04,True,4.56,18.06,13.63,3.1
2026-08-20 04:29:35,True,4.56,18.06,13.64,2.0
2026-08-20 04:30:06,True,4.56,18.06,13.63,3.3
2026-08-20 04:30:37,True,4.56,18.06,13.63,0.0
2026-08-20 04:31:08,True,4.56,18.06,13.63,1.3
2026-08-20 04:31:39,True,4.56,18.09,13.60,0.0
2026-08-20 04:32:11,True,4.56,18.09,13.61,0.4
2026-08-20 04:32:42,True,4.56,18.09,13.61,0.3
2026-08-20 04:33:13,True,4.56,18.09,13.61,2.6
2026-08-20 04:33:44,True,4.56,18.09,13.60,0.7
2026-08-20 04:34:15,True,4.56,18.11,13.58,1.6
2026-08-20 04:34:46,True,4.56,18.06,13.64,0.0
2026-08-20 04:35:17,True,4.56,18.07,13.62,0.8
2026-08-20 04:35:48,True,4.56,18.10,13.60,1.9
2026-08-20 04:36:19,True,4.56,18.09,13.61,1.3
2026-08-20 04:36:50,True,4.56,18.09,13.60,1.8
2026-08-20 04:37:21,True,4.56,18.09,13.60,5.2
2026-08-20 04:37:52,True,4.56,18.09,13.61,4.2
2026-08-20 04:38:23,True,4.56,18.08,13.61,0.0
2026-08-20 04:38:55,True,4.56,18.09,13.60,0.7
2026-08-20 04:39:26,True,4.56,18.08,13.61,2.0
2026-08-20 04:39:57,True,4.56,18.12,13.58,3.2
2026-08-20 04:40:28,True,4.56,18.14,13.56,0.3
2026-08-20 04:40:59,True,4.56,18.15,13.55,2.0
2026-08-20 04:41:30,True,4.56,18.14,13.55,1.5
2026-08-20 04:42:01,True,4.56,18.14,13.55,2.4
2026-08-20 04:42:32,True,4.56,18.14,13.56,1.0
2026-08-20 04:43:03,True,4.56,18.14,13.55,1.3
2026-08-20 04:43:34,True,4.56,18.13,13.56,0.3
2026-08-20 04:44:05,True,4.56,18.13,13.57,2.0
2026-08-20 04:44:36,True,4.56,18.13,13.57,0.0
2026-08-20 04:45:08,True,4.56,18.12,13.57,0.0
2026-08-20 04:45:39,True,4.56,18.13,13.56,0.4
2026-08-20 04:46:10,True,4.56,18.13,13.56,0.5
2026-08-20 04:46:41,True,4.56,18.04,13.65,2.4
2026-08-20 04:47:12,True,4.56,18.08,13.62,0.3
2026-08-20 04:47:43,True,4.56,18.06,13.63,1.7
2026-08-20 04:48:14,True,4.56,18.08,13.62,5.2
2026-08-20 04:48:45,True,4.56,18.07,13.63,2.2
2026-08-20 04:49:16,True,4.56,18.09,13.60,0.0
2026-08-20 04:49:47,True,4.56,18.07,13.63,1.2
2026-08-20 04:50:18,True,4.56,18.09,13.61,0.0
2026-08-20 04:50:49,True,4.56,18.10,13.59,0.6
2026-08-20 04:51:20,True,4.56,18.10,13.60,1.3
2026-08-20 04:51:52,True,4.56,18.10,13.60,0.7
2026-08-20 04:52:23,True,4.56,18.10,13.60,0.7
2026-08-20 04:52:54,True,4.56,18.07,13.63,7.2
2026-08-20 04:53:25,True,4.56,18.08,13.61,1.5
2026-08-20 04:53:56,True,4.56,18.10,13.60,0.0
2026-08-20 04:54:27,True,4.56,18.08,13.62,0.0
2026-08-20 04:54:58,True,4.56,18.08,13.61,1.5
2026-08-20 04:55:29,True,4.56,18.09,13.61,3.8
2026-08-20 04:56:00,True,4.56,18.09,13.61,1.5
2026-08-20 04:56:31,True,4.56,18.09,13.61,1.0
2026-08-20 04:57:02,True,4.56,18.10,13.60,1.3
2026-08-20 04:57:34,True,4.56,18.10,13.59,0.0
2026-08-20 04:58:05,True,4.56,18.11,13.58,2.3
2026-08-20 04:58:36,True,4.56,18.10,13.60,4.2
2026-08-20 04:59:07,True,4.56,18.09,13.60,0.6
2026-08-20 04:59:38,True,4.56,18.09,13.61,1.3
2026-08-20 05:00:09,True,4.56,18.09,13.60,0.4
2026-08-20 05:00:40,True,4.56,18.10,13.60,0.0
2026-08-20 05:01:11,True,4.56,18.09,13.60,1.4
2026-08-20 05:01:42,True,4.56,18.09,13.60,1.5
2026-08-20 05:02:13,True,4.56,18.10,13.60,0.0
2026-08-20 05:02:44,True,4.56,18.08,13.61,1.5
2026-08-20 05:03:15,True,4.56,18.10,13.60,0.9
2026-08-20 05:03:46,True,4.56,18.11,13.58,0.9
2026-08-20 05:04:18,True,4.56,18.11,13.58,3.8
2026-08-20 05:04:49,True,4.56,18.11,13.59,2.0
2026-08-20 05:05:20,True,4.56,18.11,13.58,1.1
2026-08-20 05:05:51,True,4.56,18.13,13.57,1.1
2026-08-20 05:06:22,True,4.56,18.13,13.57,0.7
2026-08-20 05:06:53,True,4.56,18.13,13.57,3.8
2026-08-20 05:07:24,True,4.56,18.13,13.57,0.0
2026-08-20 05:07:55,True,4.56,18.08,13.62,2.3
2026-08-20 05:08:26,True,4.56,17.89,13.81,5.6
2026-08-20 05:08:57,True,4.56,18.00,13.70,2.6
2026-08-20 05:09:28,True,4.56,17.99,13.70,0.5
2026-08-20 05:09:59,True,4.56,18.09,13.60,3.4
2026-08-20 05:10:31,True,4.56,18.10,13.60,0.0
2026-08-20 05:11:02,True,4.56,18.10,13.60,0.5
2026-08-20 05:11:33,True,4.56,18.10,13.60,1.6
2026-08-20 05:12:04,True,4.56,18.10,13.60,0.0
2026-08-20 05:12:35,True,4.56,18.10,13.60,1.0
2026-08-20 05:13:06,True,4.56,18.09,13.60,0.7
2026-08-20 05:13:37,True,4.56,18.09,13.60,4.7
2026-08-20 05:14:08,True,4.56,18.10,13.60,1.7
2026-08-20 05:14:39,True,4.56,18.10,13.60,1.0
2026-08-20 05:15:10,True,4.56,18.10,13.60,0.0
2026-08-20 05:15:41,True,4.56,18.03,13.67,1.7
2026-08-20 05:16:12,True,4.56,18.05,13.65,1.1
2026-08-20 05:16:43,True,4.56,18.07,13.62,0.7
2026-08-20 05:17:15,True,4.56,18.08,13.61,1.2
2026-08-20 05:17:46,True,4.56,18.06,13.63,0.0
2026-08-20 05:18:17,True,4.56,18.07,13.63,1.6
2026-08-20 05:18:48,True,4.56,18.09,13.61,2.3
2026-08-20 05:19:19,True,4.56,18.09,13.61,0.6
2026-08-20 05:19:50,True,4.56,18.05,13.65,0.3
2026-08-20 05:20:21,True,4.56,18.06,13.64,4.0
2026-08-20 05:20:52,True,4.56,18.07,13.62,6.0
2026-08-20 05:21:23,True,4.56,18.08,13.62,1.1
2026-08-20 05:21:54,True,4.56,18.08,13.61,2.7
2026-08-20 05:22:25,True,4.56,18.04,13.65,1.2
2026-08-20 05:22:56,True,4.56,18.06,13.63,1.7
2026-08-20 05:23:27,True,4.56,18.08,13.62,2.7
2026-08-20 05:23:59,True,4.56,18.10,13.59,0.0
2026-08-20 05:24:30,True,4.56,18.10,13.60,0.0
2026-08-20 05:25:01,True,4.56,18.10,13.60,1.5
2026-08-20 05:25:32,True,4.56,18.11,13.59,0.5
2026-08-20 05:26:03,True,4.56,18.10,13.59,2.2
2026-08-20 05:26:34,True,4.56,18.11,13.59,1.7
2026-08-20 05:27:05,True,4.56,18.11,13.59,1.4
2026-08-20 05:27:36,True,4.56,18.11,13.58,2.8
2026-08-20 05:28:07,True,4.56,18.11,13.58,0.0
2026-08-20 05:28:38,True,4.56,18.11,13.58,0.7
2026-08-20 05:29:09,True,4.56,18.12,13.58,2.4
2026-08-20 05:29:40,True,4.56,18.12,13.58,0.0
2026-08-20 05:30:11,True,4.56,18.12,13.58,2.0
2026-08-20 05:30:43,True,4.56,18.12,13.57,0.9
2026-08-20 05:31:14,True,4.56,18.12,13.57,1.5
2026-08-20 05:31:45,True,4.56,18.11,13.58,1.8
2026-08-20 05:32:16,True,4.56,18.11,13.58,1.5
2026-08-20 05:32:47,True,4.56,18.10,13.60,1.4
2026-08-20 05:33:18,True,4.56,18.09,13.60,0.0
2026-08-20 05:33:49,True,4.56,18.11,13.59,0.8
2026-08-20 05:34:20,True,4.56,18.11,13.58,1.4
2026-08-20 05:34:51,True,4.56,18.08,13.62,0.0
2026-08-20 05:35:22,True,4.56,18.09,13.61,0.0
2026-08-20 05:35:53,True,4.56,18.10,13.59,2.5
2026-08-20 05:36:24,True,4.56,18.11,13.59,0.9
2026-08-20 05:36:55,True,4.56,18.11,13.59,0.6
2026-08-20 05:37:26,True,4.56,18.11,13.59,0.0
2026-08-20 05:37:58,True,4.56,18.10,13.60,0.9
2026-08-20 05:38:29,True,4.56,18.10,13.60,1.5
2026-08-20 05:39:00,True,4.56,18.10,13.59,3.6
2026-08-20 05:39:31,True,4.56,18.10,13.59,2.1
2026-08-20 05:40:02,True,4.56,18.11,13.59,0.0
2026-08-20 05:40:33,True,4.56,18.11,13.59,0.0
2026-08-20 05:41:04,True,4.56,18.11,13.59,0.7
2026-08-20 05:41:35,True,4.56,18.14,13.56,1.0
2026-08-20 05:42:06,True,4.56,18.14,13.56,0.0
2026-08-20 05:42:37,True,4.56,18.09,13.60,2.6
2026-08-20 05:43:08,True,4.56,17.85,13.85,1.5
2026-08-20 05:43:39,True,4.56,17.85,13.84,1.9
2026-08-20 05:44:10,True,4.56,17.90,13.80,1.2
2026-08-20 05:44:41,True,4.56,17.90,13.79,1.8
2026-08-20 05:45:13,True,4.56,18.02,13.67,0.9
2026-08-20 05:45:44,True,4.56,18.06,13.64,1.1
2026-08-20 05:46:15,True,4.56,18.08,13.62,0.2
2026-08-20 05:46:46,True,4.56,18.08,13.62,0.0
2026-08-20 05:47:17,True,4.56,18.09,13.61,3.5
2026-08-20 05:47:48,True,4.56,18.08,13.62,1.3
2026-08-20 05:48:19,True,4.56,18.08,13.61,2.5
2026-08-20 05:48:50,True,4.56,18.08,13.61,1.4
2026-08-20 05:49:21,True,4.56,18.10,13.60,0.2
2026-08-20 05:49:52,True,4.56,18.09,13.61,3.5
2026-08-20 05:50:23,True,4.56,18.09,13.61,0.7
2026-08-20 05:50:54,True,4.56,18.10,13.60,0.0
2026-08-20 05:51:26,True,4.56,18.09,13.61,0.5
2026-08-20 05:51:57,True,4.56,18.09,13.61,3.3
2026-08-20 05:52:28,True,4.56,18.03,13.66,0.0
2026-08-20 05:52:59,True,4.56,18.03,13.67,1.4
2026-08-20 05:53:30,True,4.56,18.04,13.66,1.4
2026-08-20 05:54:01,True,4.56,18.06,13.64,1.6
2026-08-20 05:54:32,True,4.56,18.06,13.63,0.0
2026-08-20 05:55:03,True,4.56,18.08,13.62,1.3
2026-08-20 05:55:34,True,4.56,18.08,13.62,0.7
2026-08-20 05:56:05,True,4.56,18.07,13.63,0.0
2026-08-20 05:56:36,True,4.56,18.07,13.63,2.7
2026-08-20 05:57:07,True,4.56,18.07,13.63,3.0
2026-08-20 05:57:38,True,4.56,18.07,13.63,2.6
2026-08-20 05:58:10,True,4.56,18.07,13.63,1.2
2026-08-20 05:58:41,True,4.56,18.08,13.62,2.6
2026-08-20 05:59:12,True,4.56,18.08,13.62,2.2
2026-08-20 05:59:43,True,4.56,18.08,13.62,0.0
2026-08-20 06:00:14,True,4.56,18.09,13.61,1.8
2026-08-20 06:00:45,True,4.56,18.09,13.61,0.4
2026-08-20 06:01:16,True,4.56,18.09,13.61,2.5
2026-08-20 06:01:47,True,4.56,18.07,13.62,0.4
2026-08-20 06:02:18,True,4.56,18.07,13.62,8.6
2026-08-20 06:02:49,True,4.56,17.99,13.71,3.2
2026-08-20 06:03:20,True,4.56,17.98,13.72,0.0
2026-08-20 06:03:51,True,4.56,17.98,13.71,3.1
2026-08-20 06:04:23,True,4.56,17.99,13.71,0.9
2026-08-20 06:04:54,True,4.56,17.99,13.70,2.5
2026-08-20 06:05:25,True,4.56,17.99,13.70,3.6
2026-08-20 06:05:56,True,4.56,18.00,13.69,2.1
2026-08-20 06:06:27,True,4.56,18.05,13.64,1.5
2026-08-20 06:06:58,True,4.56,18.05,13.64,2.6
2026-08-20 06:07:29,True,4.56,18.07,13.63,0.0
2026-08-20 06:08:00,True,4.56,18.03,13.67,2.8
2026-08-20 06:08:31,True,4.56,18.04,13.66,2.2
2026-08-20 06:09:02,True,4.56,18.06,13.63,3.8
2026-08-20 06:09:33,True,4.56,18.04,13.65,0.9
2026-08-20 06:10:04,True,4.56,18.04,13.66,1.7
2026-08-20 06:10:36,True,4.56,18.07,13.63,1.5
2026-08-20 06:11:07,True,4.56,18.06,13.63,0.0
2026-08-20 06:11:38,True,4.56,18.08,13.62,2.0
2026-08-20 06:12:09,True,4.56,18.07,13.62,3.1
2026-08-20 06:12:40,True,4.56,18.09,13.61,0.5
2026-08-20 06:13:11,True,4.56,18.09,13.61,0.0
2026-08-20 06:13:42,True,4.56,18.09,13.61,3.7
2026-08-20 06:14:13,True,4.56,18.10,13.60,1.0
2026-08-20 06:14:44,True,4.56,18.09,13.61,2.5
2026-08-20 06:15:15,True,4.56,18.10,13.60,2.6
2026-08-20 06:15:46,True,4.56,18.09,13.60,1.7
2026-08-20 06:16:17,True,4.56,18.10,13.59,1.1
2026-08-20 06:16:49,True,4.56,18.09,13.60,1.5
2026-08-20 06:17:20,True,4.56,18.09,13.60,0.8
2026-08-20 06:17:51,True,4.56,18.08,13.62,2.7
2026-08-20 06:18:22,True,4.56,18.08,13.62,1.2
2026-08-20 06:18:53,True,4.56,18.09,13.60,5.1
2026-08-20 06:19:24,True,4.56,18.09,13.60,0.2
2026-08-20 06:19:55,True,4.56,18.10,13.60,1.6
2026-08-20 06:20:26,True,4.56,18.10,13.60,0.0
2026-08-20 06:20:57,True,4.56,18.09,13.60,0.0
2026-08-20 06:21:28,True,4.56,18.09,13.60,0.3
2026-08-20 06:21:59,True,4.56,18.09,13.61,2.5
2026-08-20 06:22:30,True,4.56,18.09,13.60,0.0
2026-08-20 06:23:02,True,4.56,18.08,13.62,1.0
2026-08-20 06:23:33,True,4.56,18.07,13.63,1.3
2026-08-20 06:24:04,True,4.56,18.08,13.62,2.3
2026-08-20 06:24:35,True,4.56,18.07,13.62,0.4
2026-08-20 06:25:06,True,4.56,18.08,13.62,0.0
2026-08-20 06:25:37,True,4.56,18.08,13.61,0.5
2026-08-20 06:26:08,True,4.56,18.08,13.62,1.2
2026-08-20 06:26:39,True,4.56,18.10,13.59,1.3
2026-08-20 06:27:10,True,4.56,18.11,13.59,0.0
2026-08-20 06:27:41,True,4.56,18.11,13.59,2.6
2026-08-20 06:28:12,True,4.56,18.10,13.59,1.9
2026-08-20 06:28:43,True,4.56,18.08,13.61,2.3
2026-08-20 06:29:14,True,4.56,18.09,13.60,1.8
2026-08-20 06:29:46,True,4.56,18.09,13.61,0.9
2026-08-20 06:30:17,True,4.56,18.10,13.60,1.5
2026-08-20 06:30:48,True,4.56,18.09,13.61,2.4
2026-08-20 06:31:19,True,4.56,18.09,13.60,0.6
2026-08-20 06:31:50,True,4.56,18.09,13.61,1.3
2026-08-20 06:32:21,True,4.56,18.08,13.62,1.5
2026-08-20 06:32:52,True,4.56,18.06,13.63,1.9
2026-08-20 06:33:23,True,4.56,18.07,13.63,1.4
2026-08-20 06:33:54,True,4.56,18.10,13.60,1.1
2026-08-20 06:34:25,True,4.56,18.10,13.60,1.4
2026-08-20 06:34:56,True,4.56,18.11,13.59,1.6
2026-08-20 06:35:27,True,4.56,18.10,13.59,2.4
2026-08-20 06:35:58,True,4.56,18.10,13.59,1.2
2026-08-20 06:36:30,True,4.56,18.11,13.59,0.0
2026-08-20 06:37:01,True,4.56,18.11,13.59,3.9
2026-08-20 06:37:32,True,4.56,18.10,13.59,1.4
2026-08-20 06:38:03,True,4.56,18.10,13.60,2.7
2026-08-20 06:38:34,True,4.56,18.10,13.60,4.2
2026-08-20 06:39:05,True,4.56,18.10,13.60,1.2
2026-08-20 06:39:36,True,4.56,18.10,13.60,0.0
2026-08-20 06:40:07,True,4.56,18.11,13.59,1.6
2026-08-20 06:40:38,True,4.56,18.10,13.59,1.2
2026-08-20 06:41:09,True,4.56,18.10,13.60,1.0
2026-08-20 06:41:40,True,4.56,18.11,13.59,2.7
2026-08-20 06:42:11,True,4.56,18.10,13.59,2.7
2026-08-20 06:42:43,True,4.56,18.10,13.59,1.4
2026-08-20 06:43:14,True,4.56,18.10,13.59,2.1
2026-08-20 06:43:45,True,4.56,18.09,13.61,0.3
2026-08-20 06:44:16,True,4.56,18.09,13.61,1.7
2026-08-20 06:44:47,True,4.56,18.09,13.61,0.0
2026-08-20 06:45:18,True,4.56,18.09,13.60,1.4
2026-08-20 06:45:49,True,4.56,18.09,13.60,0.0
2026-08-20 06:46:20,True,4.56,18.09,13.60,1.7
2026-08-20 06:46:51,True,4.56,18.09,13.61,1.7
2026-08-20 06:47:22,True,4.56,18.07,13.62,4.8
2026-08-20 06:47:53,True,4.56,18.08,13.62,5.5
2026-08-20 06:48:24,True,4.56,18.07,13.62,0.0
2026-08-20 06:48:56,True,4.56,18.08,13.62,1.0
2026-08-20 06:49:27,True,4.56,18.08,13.61,1.4
2026-08-20 06:49:58,True,4.56,18.09,13.61,3.9
2026-08-20 06:50:29,True,4.56,18.09,13.60,2.0
2026-08-20 06:51:00,True,4.56,18.09,13.60,2.2
2026-08-20 06:51:31,True,4.56,18.09,13.61,2.2
2026-08-20 06:52:02,True,4.56,18.09,13.60,1.3
2026-08-20 06:52:33,True,4.56,18.09,13.60,0.0
2026-08-20 06:53:04,True,4.56,18.08,13.62,1.3
2026-08-20 06:53:35,True,4.56,18.11,13.59,1.1
2026-08-20 06:54:06,True,4.56,18.10,13.59,0.0
2026-08-20 06:54:37,True,4.56,18.11,13.59,0.1
2026-08-20 06:55:09,True,4.56,18.11,13.59,0.9
2026-08-20 06:55:40,True,4.56,18.11,13.59,1.9
2026-08-20 06:56:11,True,4.56,18.10,13.60,1.0
2026-08-20 06:56:42,True,4.56,18.10,13.59,0.0
2026-08-20 06:57:13,True,4.56,18.11,13.59,3.2
2026-08-20 06:57:44,True,4.56,18.11,13.58,1.0
2026-08-20 06:58:15,True,4.56,18.10,13.60,3.1
2026-08-20 06:58:46,True,4.56,18.12,13.58,1.6
2026-08-20 06:59:17,True,4.56,18.13,13.57,2.5
2026-08-20 06:59:48,True,4.56,18.13,13.57,1.9
2026-08-20 07:00:19,True,4.56,18.13,13.57,2.9
2026-08-20 07:00:50,True,4.56,18.13,13.57,2.7
2026-08-20 07:01:22,True,4.56,18.13,13.57,0.6
2026-08-20 07:01:53,True,4.56,18.13,13.57,0.5
2026-08-20 07:02:24,True,4.56,18.11,13.59,2.4
2026-08-20 07:02:55,True,4.56,18.11,13.59,0.0
2026-08-20 07:03:26,True,4.56,18.09,13.60,2.4
2026-08-20 07:03:57,True,4.56,18.12,13.58,3.2
2026-08-20 07:04:28,True,4.56,18.13,13.57,2.4
2026-08-20 07:04:59,True,4.56,18.12,13.58,3.6
2026-08-20 07:05:30,True,4.56,18.12,13.57,1.3
2026-08-20 07:06:01,True,4.56,18.12,13.58,1.0
2026-08-20 07:06:32,True,4.56,18.12,13.58,0.0
2026-08-20 07:07:03,True,4.56,18.12,13.57,1.7
2026-08-20 07:07:34,True,4.56,18.12,13.57,3.2
2026-08-20 07:08:06,True,4.56,18.08,13.61,4.1
2026-08-20 07:08:37,True,4.56,18.10,13.59,2.2
2026-08-20 07:09:08,True,4.56,18.12,13.58,2.3
2026-08-20 07:09:39,True,4.56,18.11,13.58,3.6
2026-08-20 07:10:10,True,4.56,18.12,13.58,5.0
2026-08-20 07:10:41,True,4.57,18.11,13.59,0.0
2026-08-20 07:11:12,True,4.57,18.12,13.58,1.3
2026-08-20 07:11:43,True,4.57,18.11,13.58,0.0
2026-08-20 07:12:14,True,4.57,18.12,13.58,3.4
2026-08-20 07:12:45,True,4.57,18.12,13.58,3.6
2026-08-20 07:13:16,True,4.57,18.11,13.59,1.3
2026-08-20 07:13:47,True,4.57,18.10,13.60,3.7
2026-08-20 07:14:19,True,4.57,18.10,13.60,1.8
2026-08-20 07:14:50,True,4.57,18.09,13.61,2.4
2026-08-20 07:15:21,True,4.57,18.10,13.60,3.5
2026-08-20 07:15:52,True,4.57,18.09,13.60,0.0
2026-08-20 07:16:23,True,4.57,18.09,13.61,0.4
2026-08-20 07:16:54,True,4.57,18.09,13.61,3.4
2026-08-20 07:17:25,True,4.57,18.08,13.62,2.4
2026-08-20 07:17:56,True,4.57,18.08,13.61,0.9
2026-08-20 07:18:27,True,4.57,17.65,14.05,13.7
2026-08-20 07:18:58,True,4.57,17.70,13.99,2.7
2026-08-20 07:19:29,False,0.00,22.19,9.51,4.6
2026-08-20 07:20:00,False,0.00,22.22,9.47,2.0
2026-08-20 07:20:32,False,0.00,22.22,9.47,0.1
2026-08-20 07:21:03,False,0.00,22.22,9.48,0.0
2026-08-20 07:21:34,False,0.00,22.23,9.47,0.0
2026-08-20 07:22:05,True,0.18,22.05,9.64,0.3
2026-08-20 07:22:36,True,0.01,26.74,4.95,1.9
2026-08-20 07:23:07,True,2.42,23.74,7.96,6.0
2026-08-20 07:23:38,True,1.88,24.05,7.64,4.0
2026-08-20 07:24:09,True,14.07,11.82,19.87,47.9
2026-08-20 07:24:40,True,10.77,15.00,16.69,27.0
2026-08-20 07:25:12,True,14.10,11.85,19.85,45.4
2026-08-20 07:25:43,True,6.96,18.75,12.95,13.6
2026-08-20 07:26:14,True,14.03,11.69,20.00,45.7
2026-08-20 07:26:45,True,3.54,22.04,9.65,8.3
2026-08-20 07:27:16,True,4.24,21.41,10.29,7.9
2026-08-20 07:27:47,True,5.74,19.72,11.98,43.5
2026-08-20 07:28:18,True,10.90,14.45,17.25,31.1
2026-08-20 07:28:50,True,14.02,11.34,20.35,47.9
2026-08-20 07:29:21,True,10.81,14.55,17.15,26.6
2026-08-20 07:29:52,True,13.99,11.98,19.71,37.9
2026-08-20 07:30:23,True,11.18,14.47,17.23,28.0
2026-08-20 07:30:54,True,13.93,11.40,20.30,39.6
2026-08-20 07:31:25,True,4.32,21.06,10.64,3.8
2026-08-20 07:31:57,True,4.36,21.01,10.68,5.2
2026-08-20 07:32:28,True,6.19,19.12,12.58,46.0
2026-08-20 07:32:59,True,10.77,14.57,17.12,26.7
2026-08-20 07:33:30,True,13.94,11.22,20.48,43.5
2026-08-20 07:34:01,True,9.98,15.19,16.50,20.2
2026-08-20 07:34:32,True,14.09,10.95,20.75,37.7
2026-08-20 07:35:03,True,12.68,12.25,19.44,26.5
2026-08-20 07:35:35,True,11.09,13.84,17.86,25.5
2026-08-20 07:36:06,True,14.00,11.12,20.57,49.3
2026-08-20 07:36:37,True,4.37,20.78,10.92,6.9
2026-08-20 07:37:08,True,4.41,20.73,10.97,6.0
2026-08-20 07:37:39,True,5.95,19.26,12.43,50.1
2026-08-20 07:38:10,True,10.30,14.68,17.02,24.8
2026-08-20 07:38:41,True,14.13,10.84,20.86,55.1
2026-08-20 07:39:13,True,10.26,14.65,17.04,25.9
2026-08-20 07:39:44,True,14.10,10.80,20.90,48.7
2026-08-20 07:40:15,True,6.53,18.39,13.30,5.4
2026-08-20 07:40:46,True,11.89,12.65,19.05,32.6
2026-08-20 07:41:17,True,14.16,11.08,20.62,45.8
2026-08-20 07:41:48,True,4.46,20.71,10.98,7.5
2026-08-20 07:42:19,True,4.50,20.69,11.01,3.6
2026-08-20 07:42:50,True,6.25,18.91,12.79,44.8
2026-08-20 07:43:22,True,10.77,14.45,17.25,23.5
2026-08-20 07:43:53,True,14.16,10.95,20.74,49.3
2026-08-20 07:44:24,True,11.26,13.76,17.93,31.9
2026-08-20 07:44:55,True,13.98,11.14,20.55,53.5
2026-08-20 07:45:26,True,10.92,14.29,17.40,27.0
2026-08-20 07:45:58,True,14.04,10.95,20.75,47.9
2026-08-20 07:46:29,True,4.45,20.70,11.00,2.6
2026-08-20 07:47:00,True,4.48,20.65,11.04,2.4
2026-08-20 07:47:31,True,4.39,20.69,11.00,8.3
2026-08-20 07:48:02,True,5.77,19.27,12.43,38.8
2026-08-20 07:48:33,True,10.92,14.05,17.65,27.3
2026-08-20 07:49:04,True,14.18,10.89,20.81,41.5
2026-08-20 07:49:35,True,11.26,13.94,17.76,19.8
2026-08-20 07:50:07,True,14.03,11.07,20.63,39.4
2026-08-20 07:50:38,True,4.76,20.35,11.35,8.9
2026-08-20 07:51:09,True,11.61,13.45,18.24,27.5
2026-08-20 07:51:40,True,14.12,10.79,20.91,44.3
2026-08-20 07:52:11,True,4.50,20.58,11.11,8.1
2026-08-20 07:52:42,True,4.54,20.55,11.15,3.6
2026-08-20 07:53:13,True,5.62,19.49,12.21,8.5
2026-08-20 07:53:44,True,9.00,16.09,15.61,14.1
2026-08-20 07:54:16,True,11.62,13.24,18.45,44.3
2026-08-20 07:54:47,True,11.36,13.70,17.99,27.4
2026-08-20 07:55:18,True,11.13,14.09,17.61,26.9
2026-08-20 07:55:49,True,14.06,11.17,20.53,44.3
2026-08-20 07:56:20,True,5.35,19.92,11.78,4.0
2026-08-20 07:56:51,True,10.96,13.95,17.75,39.8
2026-08-20 07:57:22,True,14.08,10.69,21.01,52.1
2026-08-20 07:57:54,True,4.59,20.02,11.68,6.8
2026-08-20 07:58:25,True,4.60,20.08,11.61,3.6
2026-08-20 07:58:56,True,4.64,20.04,11.66,5.4
2026-08-20 07:59:27,True,6.42,18.23,13.46,58.6
2026-08-20 07:59:58,True,10.70,14.13,17.57,23.5
2026-08-20 08:00:29,True,13.90,10.72,20.97,39.2
2026-08-20 08:01:00,True,11.46,13.19,18.51,24.2
2026-08-20 08:01:31,True,13.97,10.74,20.95,55.0
2026-08-20 08:02:03,True,6.63,18.16,13.54,5.9
2026-08-20 08:02:34,True,12.96,11.72,19.97,37.8
2026-08-20 08:03:05,True,12.67,12.04,19.66,32.4
2026-08-20 08:03:36,True,4.63,20.16,11.53,3.6
2026-08-20 08:04:07,True,4.66,20.14,11.55,3.8
2026-08-20 08:04:38,True,5.51,19.30,12.40,7.0
2026-08-20 08:05:09,True,4.32,20.45,11.24,6.3
2026-08-20 08:05:40,True,13.71,11.00,20.70,38.3
2026-08-20 08:06:11,True,14.08,10.69,21.01,41.1
2026-08-20 08:06:43,True,11.28,13.43,18.27,19.0
2026-08-20 08:07:14,True,14.07,10.75,20.95,37.6
2026-08-20 08:07:45,True,4.97,19.57,12.13,11.2
2026-08-20 08:08:16,True,13.37,11.34,20.35,38.2
2026-08-20 08:08:47,True,14.17,10.64,21.06,41.7
2026-08-20 08:09:18,True,4.70,20.13,11.56,4.1
2026-08-20 08:09:49,True,4.72,20.11,11.58,9.6
2026-08-20 08:10:20,True,4.74,20.09,11.61,2.7
2026-08-20 08:10:52,True,6.76,18.15,13.55,44.0
2026-08-20 08:11:23,True,11.20,13.75,17.94,23.0
2026-08-20 08:11:54,True,14.13,10.71,20.99,39.8
2026-08-20 08:12:25,True,9.84,15.00,16.70,16.6
2026-08-20 08:12:56,True,14.05,10.73,20.96,52.2
2026-08-20 08:13:27,True,12.91,12.00,19.69,29.7
2026-08-20 08:13:58,True,11.43,13.63,18.07,24.3
2026-08-20 08:14:30,True,14.04,10.87,20.83,49.4
2026-08-20 08:15:01,True,4.65,20.15,11.55,4.3
2026-08-20 08:15:32,True,4.67,20.05,11.65,4.7
2026-08-20 08:16:03,True,4.70,20.03,11.67,8.3
2026-08-20 08:16:34,True,6.83,17.87,13.82,42.6
2026-08-20 08:17:05,True,11.00,13.79,17.90,23.3
2026-08-20 08:17:36,True,14.12,10.48,21.21,39.9
2026-08-20 08:18:07,True,9.48,15.20,16.50,27.7
2026-08-20 08:18:39,True,13.92,10.64,21.06,41.5
2026-08-20 08:19:10,True,12.94,11.84,19.85,31.5
2026-08-20 08:19:41,True,10.93,13.76,17.94,27.9
2026-08-20 08:20:12,True,14.02,10.67,21.02,38.7
2026-08-20 08:20:43,True,4.12,20.82,10.87,11.0
2026-08-20 08:21:14,True,4.72,20.00,11.69,5.5
2026-08-20 08:21:45,True,4.75,19.97,11.72,3.7
2026-08-20 08:22:17,True,5.51,19.15,12.55,5.9
2026-08-20 08:22:48,True,6.73,17.99,13.71,60.2
2026-08-20 08:23:19,True,11.69,12.98,18.72,28.3
2026-08-20 08:23:50,True,13.29,11.50,20.20,34.8
2026-08-20 08:24:21,True,10.87,13.79,17.90,22.0
2026-08-20 08:24:52,True,14.06,10.62,21.07,43.6
2026-08-20 08:25:23,True,9.28,15.48,16.21,15.0
2026-08-20 08:25:54,True,13.26,11.39,20.31,42.4
2026-08-20 08:26:26,True,14.09,10.60,21.09,37.2
2026-08-20 08:26:57,True,4.75,19.94,11.76,5.2
2026-08-20 08:27:28,True,4.77,19.91,11.78,3.6
2026-08-20 08:27:59,True,4.79,19.90,11.80,5.8
2026-08-20 08:28:30,True,6.03,18.58,13.11,49.0
2026-08-20 08:29:01,True,8.65,15.99,15.70,18.0
2026-08-20 08:29:32,True,13.88,10.69,21.01,37.8
2026-08-20 08:30:03,True,12.86,11.95,19.75,28.8
2026-08-20 08:30:35,True,10.97,13.69,18.01,23.3
2026-08-20 08:31:06,True,14.03,10.54,21.15,44.7
2026-08-20 08:31:37,True,5.27,19.43,12.27,5.5
2026-08-20 08:32:08,True,11.66,12.95,18.75,28.2
2026-08-20 08:32:39,True,14.14,10.45,21.24,42.1
2026-08-20 08:33:10,True,4.77,19.91,11.78,3.9
2026-08-20 08:33:41,True,4.78,19.89,11.80,3.9
2026-08-20 08:34:12,True,4.81,19.88,11.82,5.9
2026-08-20 08:34:43,True,6.36,18.08,13.61,52.3
2026-08-20 08:35:15,True,6.36,18.03,13.67,43.2
2026-08-20 08:35:46,True,11.71,12.86,18.84,24.1
2026-08-20 08:36:17,True,14.16,10.32,21.37,57.2
2026-08-20 08:36:48,True,10.26,14.20,17.50,28.2
2026-08-20 08:37:19,True,13.92,10.55,21.15,48.2
2026-08-20 08:37:50,True,12.67,11.79,19.91,31.5
2026-08-20 08:38:22,True,10.93,13.44,18.25,24.9
2026-08-20 08:38:53,True,14.16,10.35,21.35,37.3
2026-08-20 08:39:24,True,11.42,13.08,18.62,21.6
2026-08-20 08:39:55,True,4.83,19.66,12.03,10.7
2026-08-20 08:40:26,True,4.85,19.64,12.06,4.1
2026-08-20 08:40:57,True,4.88,19.61,12.08,3.6
2026-08-20 08:41:28,True,6.86,17.60,14.10,43.3
2026-08-20 08:41:59,True,11.54,12.59,19.11,23.6
2026-08-20 08:42:31,True,14.17,10.45,21.24,50.5
2026-08-20 08:43:02,True,7.80,16.70,14.99,7.0
2026-08-20 08:43:33,True,10.87,13.61,18.09,28.6
2026-08-20 08:44:04,True,14.01,10.49,21.20,41.0
2026-08-20 08:44:35,True,10.84,13.69,18.01,19.3
2026-08-20 08:45:06,True,14.01,10.54,21.15,45.3
2026-08-20 08:45:38,True,13.19,11.35,20.34,30.4
2026-08-20 08:46:09,True,4.75,19.76,11.93,7.6
2026-08-20 08:46:40,True,4.77,19.74,11.96,3.8
2026-08-20 08:47:11,True,4.79,19.71,11.99,3.4
2026-08-20 08:47:42,True,6.48,17.91,13.79,47.8
2026-08-20 08:48:13,True,11.23,13.16,18.54,35.6
2026-08-20 08:48:44,True,14.10,10.41,21.28,40.6
2026-08-20 08:49:15,True,9.49,14.96,16.74,10.9
2026-08-20 08:49:47,True,10.90,13.57,18.12,22.7
2026-08-20 08:50:18,True,14.11,10.39,21.31,52.3
2026-08-20 08:50:49,True,8.59,15.94,15.76,15.3
2026-08-20 08:51:20,True,14.03,10.28,21.41,36.6
2026-08-20 08:51:51,True,14.12,10.26,21.44,42.1
2026-08-20 08:52:22,True,4.83,19.60,12.09,3.0
2026-08-20 08:52:53,True,4.84,19.60,12.10,7.7
2026-08-20 08:53:24,True,4.86,19.57,12.12,3.4
2026-08-20 08:53:55,True,5.72,18.73,12.97,10.8
2026-08-20 08:54:27,True,7.00,17.55,14.15,46.3
2026-08-20 08:54:58,True,11.52,13.07,18.62,26.0
2026-08-20 08:55:29,True,14.03,10.43,21.27,49.9
2026-08-20 08:56:00,True,6.01,18.42,13.28,19.0
2026-08-20 08:56:31,True,11.85,12.58,19.11,26.8
2026-08-20 08:57:02,True,14.21,10.43,21.27,36.7
2026-08-20 08:57:33,True,10.99,13.34,18.36,32.5
2026-08-20 08:58:05,True,13.93,10.45,21.25,42.2
2026-08-20 08:58:36,True,14.02,10.40,21.30,53.8
2026-08-20 08:59:07,True,4.87,19.56,12.14,4.9
2026-08-20 08:59:38,True,4.88,19.56,12.13,3.8
2026-08-20 09:00:09,True,4.90,19.57,12.13,3.7
2026-08-20 09:00:40,True,6.02,18.45,13.25,3.3
2026-08-20 09:01:11,True,4.57,19.89,11.80,7.7
2026-08-20 09:01:42,True,13.56,10.82,20.87,52.4
2026-08-20 09:02:14,True,14.02,10.25,21.44,44.6
2026-08-20 09:02:45,True,9.25,15.15,16.55,25.4
2026-08-20 09:03:16,True,13.99,10.30,21.40,51.5
2026-08-20 09:03:47,True,12.92,11.51,20.19,41.2
2026-08-20 09:04:18,True,10.81,13.37,18.33,22.7
2026-08-20 09:04:49,True,13.99,10.46,21.24,42.9
2026-08-20 09:05:20,True,14.03,10.33,21.37,53.5
2026-08-20 09:05:52,True,4.90,19.54,12.16,8.6
2026-08-20 09:06:23,True,4.92,19.53,12.17,3.5
2026-08-20 09:06:54,True,4.94,19.51,12.19,4.0
2026-08-20 09:07:25,True,6.49,18.00,13.70,40.0
2026-08-20 09:07:56,True,8.77,15.38,16.31,16.8
2026-08-20 09:08:27,True,13.89,10.41,21.28,45.1
2026-08-20 09:08:58,True,14.01,10.58,21.12,40.9
2026-08-20 09:09:29,True,10.79,13.63,18.07,16.4
2026-08-20 09:10:01,True,13.90,10.70,20.99,44.4
2026-08-20 09:10:32,True,9.64,14.80,16.90,23.0
2026-08-20 09:11:03,True,11.04,13.40,18.30,34.0
2026-08-20 09:11:34,True,14.00,10.50,21.19,47.6
2026-08-20 09:12:05,True,7.81,16.68,15.01,4.5
2026-08-20 09:12:36,True,4.95,19.58,12.12,5.7
2026-08-20 09:13:07,True,4.97,19.55,12.15,5.6
2026-08-20 09:13:38,True,4.98,19.52,12.17,6.3
2026-08-20 09:14:10,True,6.90,17.58,14.11,40.9
2026-08-20 09:14:41,True,10.95,13.41,18.29,39.5
2026-08-20 09:15:12,True,14.06,10.40,21.29,52.1
2026-08-20 09:15:43,True,14.04,10.43,21.27,38.4
2026-08-20 09:16:14,True,10.85,13.62,18.08,27.0
2026-08-20 09:16:45,True,14.14,10.47,21.22,47.6
2026-08-20 09:17:16,True,4.81,19.68,12.01,11.5
2026-08-20 09:17:47,True,12.86,11.49,20.21,32.7
2026-08-20 09:18:19,True,14.15,10.33,21.37,38.7
2026-08-20 09:18:50,True,4.10,20.36,11.33,4.6
2026-08-20 09:19:21,True,4.92,19.57,12.13,3.1
2026-08-20 09:19:52,True,4.94,19.55,12.15,8.6
2026-08-20 09:20:23,True,4.97,19.52,12.18,3.9
2026-08-20 09:20:54,True,6.91,17.66,14.03,43.6
2026-08-20 09:21:25,True,11.55,13.28,18.42,25.4
2026-08-20 09:21:56,True,14.11,10.25,21.45,39.2
2026-08-20 09:22:28,True,9.52,14.94,16.76,23.6
2026-08-20 09:22:59,True,11.75,12.68,19.02,19.6
2026-08-20 09:23:30,True,14.16,10.33,21.37,45.4
2026-08-20 09:24:01,True,10.58,13.98,17.72,22.9
2026-08-20 09:24:32,True,14.13,10.37,21.33,45.3
2026-08-20 09:25:03,True,14.15,10.37,21.33,31.4
2026-08-20 09:25:35,True,4.96,19.53,12.17,8.1
2026-08-20 09:26:06,True,4.97,19.50,12.19,6.8
2026-08-20 09:26:37,True,4.99,19.49,12.20,2.9
2026-08-20 09:27:08,True,5.57,18.91,12.78,7.0
2026-08-20 09:27:39,True,6.22,18.19,13.50,37.0
2026-08-20 09:28:10,True,10.99,13.50,18.20,23.1
2026-08-20 09:28:41,True,13.99,10.31,21.39,46.0
2026-08-20 09:29:12,True,5.11,19.35,12.34,7.6
2026-08-20 09:29:43,True,13.15,11.24,20.46,37.6
2026-08-20 09:30:15,True,12.86,11.61,20.08,29.4
2026-08-20 09:30:46,True,10.99,13.36,18.34,34.1
2026-08-20 09:31:17,True,13.97,10.08,21.61,38.9
2026-08-20 09:31:48,True,10.36,13.88,17.81,4.6
2026-08-20 09:32:19,True,4.99,19.21,12.48,3.3
2026-08-20 09:32:50,True,5.01,19.20,12.50,5.1
2026-08-20 09:33:21,True,5.02,19.19,12.51,3.2
2026-08-20 09:33:52,True,6.57,17.67,14.03,36.5
2026-08-20 09:34:24,True,11.06,13.14,18.56,23.0
2026-08-20 09:34:55,True,13.94,10.27,21.42,48.9
2026-08-20 09:35:26,True,11.28,12.85,18.85,22.7
2026-08-20 09:35:57,True,11.54,12.74,18.95,22.0
2026-08-20 09:36:28,True,14.09,10.16,21.54,50.7
2026-08-20 09:36:59,True,9.34,15.14,16.56,16.6
2026-08-20 09:37:31,True,13.94,10.19,21.51,34.7
2026-08-20 09:38:02,True,14.03,10.12,21.57,35.8
2026-08-20 09:38:33,True,5.02,19.23,12.47,3.3
2026-08-20 09:39:04,True,5.03,19.23,12.47,9.2
2026-08-20 09:39:35,True,5.05,19.20,12.50,6.1
2026-08-20 09:40:06,True,5.05,19.19,12.51,6.9
2026-08-20 09:40:37,True,5.53,18.67,13.03,9.6
2026-08-20 09:41:08,True,6.91,17.33,14.36,36.7
2026-08-20 09:41:40,True,11.15,13.11,18.59,18.1
2026-08-20 09:42:11,True,14.03,10.17,21.53,41.8
2026-08-20 09:42:42,True,10.71,13.48,18.22,27.5
2026-08-20 09:43:13,True,13.98,10.31,21.39,49.5
2026-08-20 09:43:44,True,9.70,14.40,17.30,16.4
2026-08-20 09:44:15,True,11.33,13.10,18.59,17.1
2026-08-20 09:44:46,True,14.00,10.17,21.52,41.1
2026-08-20 09:45:18,True,5.95,18.32,13.38,4.8
2026-08-20 09:45:49,True,5.07,19.20,12.49,4.2
2026-08-20 09:46:20,True,5.09,19.18,12.51,3.2
2026-08-20 09:46:51,True,5.10,19.19,12.51,4.1
2026-08-20 09:47:22,True,7.11,17.11,14.58,45.6
2026-08-20 09:47:53,True,11.06,13.11,18.59,21.3
2026-08-20 09:48:24,True,14.18,10.17,21.53,38.4
2026-08-20 09:48:55,True,14.09,10.18,21.51,44.7
2026-08-20 09:49:27,True,11.05,13.22,18.47,23.6
2026-08-20 09:49:58,True,14.14,10.09,21.61,46.2
2026-08-20 09:50:29,True,7.84,16.29,15.40,4.2
2026-08-20 09:51:00,True,11.46,12.55,19.15,35.1
2026-08-20 09:51:31,True,14.02,9.95,21.75,52.3
2026-08-20 09:52:02,True,5.09,19.10,12.60,5.7
2026-08-20 09:52:33,True,5.09,19.08,12.62,4.3
2026-08-20 09:53:05,True,5.11,19.07,12.63,4.4
2026-08-20 09:53:36,True,5.12,18.86,12.84,3.3
2026-08-20 09:54:07,True,6.71,17.22,14.47,45.5
2026-08-20 09:54:38,True,10.73,13.32,18.38,23.6
2026-08-20 09:55:09,True,14.19,9.89,21.81,44.0
2026-08-20 09:55:40,True,4.96,19.11,12.59,8.1
2026-08-20 09:56:11,True,14.01,9.95,21.75,47.8
2026-08-20 09:56:42,True,9.65,14.35,17.34,13.4
2026-08-20 09:57:14,True,10.89,13.08,18.62,22.3
2026-08-20 09:57:45,True,14.08,10.08,21.61,43.0
2026-08-20 09:58:16,True,5.14,18.94,12.76,3.9
2026-08-20 09:58:47,True,5.15,18.92,12.78,2.7
2026-08-20 09:59:18,True,5.17,18.90,12.79,3.0
2026-08-20 09:59:49,True,5.18,18.90,12.80,8.1
2026-08-20 10:00:20,True,7.13,16.95,14.75,35.1
2026-08-20 10:00:51,True,10.90,13.36,18.33,30.8
2026-08-20 10:01:22,True,13.98,10.06,21.63,44.9
2026-08-20 10:01:54,True,9.58,14.41,17.29,5.5
2026-08-20 10:02:25,True,11.04,12.96,18.74,21.1
2026-08-20 10:02:56,True,12.71,11.32,20.38,31.7
2026-08-20 10:03:27,True,11.35,12.67,19.02,14.4
2026-08-20 10:03:58,True,13.94,10.05,21.65,44.2
2026-08-20 10:04:29,True,12.77,11.35,20.35,30.6
2026-08-20 10:05:01,True,5.16,18.92,12.77,5.1
2026-08-20 10:05:32,True,5.16,18.92,12.77,3.5
2026-08-20 10:06:03,True,5.18,18.91,12.78,3.0
2026-08-20 10:06:34,True,5.84,18.27,13.42,8.6
2026-08-20 10:07:05,True,6.71,17.39,14.30,6.1
2026-08-20 10:07:36,True,12.03,12.14,19.55,31.9
2026-08-20 10:08:07,True,14.20,10.00,21.69,35.8
2026-08-20 10:08:38,True,10.99,13.04,18.65,21.0
2026-08-20 10:09:09,True,13.99,10.10,21.60,46.5
2026-08-20 10:09:41,True,6.51,17.60,14.10,14.3
2026-08-20 10:10:12,True,13.25,10.82,20.88,36.5
2026-08-20 10:10:43,True,14.24,10.05,21.64,46.8
2026-08-20 10:11:14,True,5.20,18.88,12.82,4.6
2026-08-20 10:11:45,True,5.21,18.87,12.83,5.4
2026-08-20 10:12:16,True,5.23,18.85,12.85,7.5
2026-08-20 10:12:47,True,4.79,19.15,12.55,4.5
2026-08-20 10:13:18,True,6.73,17.18,14.52,41.1
2026-08-20 10:13:50,True,11.37,12.55,19.15,17.0
2026-08-20 10:14:21,True,13.98,10.03,21.67,33.4
2026-08-20 10:14:52,True,9.59,14.50,17.20,9.4
2026-08-20 10:15:23,True,10.95,12.97,18.72,21.6
2026-08-20 10:15:54,True,13.96,9.89,21.80,42.7
2026-08-20 10:16:25,True,10.55,13.54,18.16,17.6
2026-08-20 10:16:56,True,12.85,10.91,20.79,39.9
2026-08-20 10:17:28,True,14.06,9.75,21.94,35.3
2026-08-20 10:17:59,True,5.22,18.76,12.94,6.0
2026-08-20 10:18:30,True,5.22,18.76,12.94,3.3
2026-08-20 10:19:01,True,5.24,18.72,12.98,6.2
2026-08-20 10:19:32,True,5.25,18.74,12.95,3.3
2026-08-20 10:20:03,True,7.26,16.74,14.96,44.4
2026-08-20 10:20:34,True,10.67,13.57,18.12,20.6
2026-08-20 10:21:05,True,14.10,9.76,21.94,42.0
2026-08-20 10:21:37,True,13.35,10.77,20.93,31.7
2026-08-20 10:22:08,True,11.36,12.78,18.91,19.1
2026-08-20 10:22:39,True,14.11,9.85,21.84,43.1
2026-08-20 10:23:10,True,9.89,14.08,17.62,21.9
2026-08-20 10:23:41,True,13.55,10.24,21.45,53.2
2026-08-20 10:24:12,True,14.24,9.91,21.79,44.3
2026-08-20 10:24:43,True,5.18,18.79,12.90,4.8
2026-08-20 10:25:14,True,5.18,18.78,12.91,6.2
2026-08-20 10:25:46,True,5.20,18.76,12.94,4.2
2026-08-20 10:26:17,True,5.21,18.75,12.94,4.8
2026-08-20 10:26:48,True,6.75,17.23,14.47,38.7
2026-08-20 10:27:19,True,11.33,12.62,19.08,24.1
2026-08-20 10:27:50,True,14.07,9.85,21.85,39.2
2026-08-20 10:28:21,True,5.18,18.65,13.04,8.2
2026-08-20 10:28:52,True,12.34,11.17,20.53,29.3
2026-08-20 10:29:23,True,12.83,10.91,20.78,27.7
2026-08-20 10:29:55,True,11.01,12.79,18.90,34.0
2026-08-20 10:30:26,True,13.98,9.77,21.92,48.7
2026-08-20 10:30:57,True,11.48,12.31,19.38,26.8
2026-08-20 10:31:28,True,5.14,18.69,13.00,5.9
2026-08-20 10:31:59,True,5.15,18.67,13.03,4.4
2026-08-20 10:32:30,True,5.16,18.43,13.27,4.2
2026-08-20 10:33:01,True,5.17,18.63,13.07,4.8
2026-08-20 10:33:32,True,5.17,18.64,13.06,4.3
2026-08-20 10:34:04,True,7.19,16.71,14.99,54.9
2026-08-20 10:34:35,True,11.70,12.05,19.65,23.1
2026-08-20 10:35:06,True,14.15,9.59,22.10,36.9
2026-08-20 10:35:37,True,12.15,11.84,19.85,26.6
2026-08-20 10:36:08,True,11.05,12.79,18.90,23.4
2026-08-20 10:36:39,True,13.99,9.91,21.78,42.5
2026-08-20 10:37:10,True,10.40,13.41,18.28,15.3
2026-08-20 10:37:42,True,14.11,9.81,21.89,40.3
2026-08-20 10:38:13,True,14.05,9.74,21.96,43.6
2026-08-20 10:38:44,True,5.16,18.72,12.97,3.4
2026-08-20 10:39:15,True,5.16,18.72,12.98,3.2
2026-08-20 10:39:46,True,5.18,18.70,13.00,4.3
2026-08-20 10:40:17,True,5.19,18.69,13.00,4.5
2026-08-20 10:40:48,True,7.16,16.64,15.05,51.6
2026-08-20 10:41:19,True,11.14,12.65,19.05,21.6
2026-08-20 10:41:50,True,14.20,9.68,22.01,47.2
2026-08-20 10:42:22,True,5.43,18.79,12.90,4.2
2026-08-20 10:42:53,True,11.64,12.04,19.65,19.7
2026-08-20 10:43:24,True,11.68,12.18,19.51,17.0
2026-08-20 10:43:55,True,11.64,12.36,19.34,24.7
2026-08-20 10:44:26,True,14.18,9.73,21.96,51.0
2026-08-20 10:44:57,True,6.21,17.73,13.96,8.7
2026-08-20 10:45:28,True,5.20,18.65,13.05,4.2
2026-08-20 10:45:59,True,5.22,18.63,13.07,5.7
2026-08-20 10:46:31,True,5.22,18.62,13.08,3.8
2026-08-20 10:47:02,True,6.00,17.83,13.87,6.5
2026-08-20 10:47:33,True,6.25,17.56,14.14,3.6
2026-08-20 10:48:04,True,13.19,10.63,21.07,43.5
2026-08-20 10:48:35,True,14.15,9.65,22.04,42.1
2026-08-20 10:49:06,True,10.92,12.85,18.85,23.5
2026-08-20 10:49:37,True,14.12,9.54,22.15,37.5
2026-08-20 10:50:08,True,9.12,14.68,17.02,14.0
2026-08-20 10:50:40,True,13.98,9.77,21.93,45.7
2026-08-20 10:51:11,True,13.94,9.75,21.95,47.6
2026-08-20 10:51:42,True,5.24,18.58,13.12,3.8
2026-08-20 10:52:13,True,5.25,18.54,13.15,5.0
2026-08-20 10:52:44,True,5.27,18.52,13.18,3.2
2026-08-20 10:53:15,True,4.50,19.32,12.38,5.4
2026-08-20 10:53:46,True,7.00,16.78,14.92,40.6
2026-08-20 10:54:17,True,11.57,12.07,19.62,24.3
2026-08-20 10:54:49,True,14.15,9.89,21.81,42.1
2026-08-20 10:55:20,True,7.40,16.43,15.26,13.5
2026-08-20 10:55:51,True,13.16,10.61,21.09,41.7
2026-08-20 10:56:22,True,11.43,12.37,19.32,22.4
2026-08-20 10:56:53,True,11.04,12.78,18.92,25.1
2026-08-20 10:57:24,True,13.94,9.89,21.80,38.7
2026-08-20 10:57:55,True,5.18,18.69,13.00,4.9
2026-08-20 10:58:27,True,5.18,18.70,13.00,3.1
2026-08-20 10:58:58,True,5.20,18.67,13.02,3.8
2026-08-20 10:59:29,True,5.21,18.67,13.02,3.9
2026-08-20 11:00:00,True,6.11,17.63,14.07,8.4
2026-08-20 11:00:31,True,10.60,13.07,18.62,19.4
2026-08-20 11:01:02,True,13.06,10.50,21.20,37.3
2026-08-20 11:01:33,True,12.85,10.88,20.82,32.1
2026-08-20 11:02:04,True,11.40,12.36,19.34,26.5
2026-08-20 11:02:36,True,14.09,9.70,21.99,41.5
2026-08-20 11:03:07,True,6.58,16.92,14.77,17.6
2026-08-20 11:03:38,True,12.65,10.88,20.82,33.9
2026-08-20 11:04:09,True,14.15,9.57,22.13,38.4
2026-08-20 11:04:40,True,5.21,18.55,13.15,2.6
2026-08-20 11:05:11,True,5.21,18.55,13.14,5.3
2026-08-20 11:05:42,True,5.23,18.54,13.15,3.3
2026-08-20 11:06:13,True,5.24,18.55,13.15,3.9
2026-08-20 11:06:45,True,7.12,16.57,15.13,34.0
2026-08-20 11:07:16,True,11.04,12.64,19.05,27.6
2026-08-20 11:07:47,True,14.13,9.41,22.29,44.5
2026-08-20 11:08:18,True,6.30,17.22,14.48,13.6
2026-08-20 11:08:49,True,12.80,10.94,20.76,51.8
2026-08-20 11:09:20,True,11.59,12.09,19.61,23.1
2026-08-20 11:09:52,True,11.43,12.19,19.50,27.3
2026-08-20 11:10:23,True,14.14,9.54,22.15,41.2
2026-08-20 11:10:54,True,4.42,19.30,12.40,3.8
2026-08-20 11:11:25,True,5.22,18.49,13.21,4.5
2026-08-20 11:11:56,True,5.24,18.47,13.23,4.0
2026-08-20 11:12:27,True,5.24,18.46,13.23,3.5
2026-08-20 11:12:58,True,6.07,17.69,14.00,7.0
2026-08-20 11:13:29,True,5.46,18.07,13.62,8.9
2026-08-20 11:14:00,True,13.43,10.18,21.52,34.1
2026-08-20 11:14:32,True,14.19,9.49,22.21,35.6
2026-08-20 11:15:03,True,11.20,12.40,19.30,17.5
2026-08-20 11:15:34,True,14.05,9.65,22.04,49.0
2026-08-20 11:16:05,True,8.85,14.83,16.86,14.6
2026-08-20 11:16:36,True,13.39,10.36,21.33,32.4
2026-08-20 11:17:07,True,10.38,13.41,18.29,14.6
2026-08-20 11:17:38,True,5.23,18.49,13.20,3.1
2026-08-20 11:18:10,True,5.24,18.48,13.22,5.4
2026-08-20 11:18:41,True,5.26,18.37,13.33,5.5
2026-08-20 11:19:12,True,5.26,18.38,13.32,5.0
2026-08-20 11:19:43,True,7.16,16.49,15.20,43.9
2026-08-20 11:20:14,True,11.06,12.56,19.14,27.1
2026-08-20 11:20:45,True,14.17,9.52,22.18,48.8
2026-08-20 11:21:16,True,11.38,12.21,19.48,18.9
2026-08-20 11:21:47,True,11.08,12.58,19.11,21.0
2026-08-20 11:22:18,True,14.15,9.35,22.35,41.7
2026-08-20 11:22:50,True,11.64,11.96,19.73,19.9
2026-08-20 11:23:21,True,11.27,12.27,19.43,19.8
2026-08-20 11:23:52,True,14.07,9.40,22.30,37.0
2026-08-20 11:24:23,True,5.91,17.70,13.99,3.3
2026-08-20 11:24:54,True,5.24,18.35,13.34,5.8
2026-08-20 11:25:25,True,5.25,18.35,13.34,4.6
2026-08-20 11:25:56,True,5.26,18.33,13.36,5.8
2026-08-20 11:26:27,True,4.48,19.12,12.58,4.6
2026-08-20 11:26:58,True,7.34,16.34,15.36,45.9
2026-08-20 11:27:30,True,11.36,12.00,19.70,29.5
2026-08-20 11:28:01,True,14.18,9.34,22.35,51.1
2026-08-20 11:28:32,True,10.96,12.53,19.17,24.6
2026-08-20 11:29:03,True,14.15,9.40,22.30,35.5
2026-08-20 11:29:34,True,5.09,18.52,13.18,12.0
2026-08-20 11:30:05,True,12.67,10.87,20.83,42.9
2026-08-20 11:30:37,True,14.18,9.37,22.32,45.9
2026-08-20 11:31:08,True,5.26,18.25,13.45,5.7
2026-08-20 11:31:39,True,5.27,18.25,13.45,3.1
2026-08-20 11:32:10,True,5.29,18.24,13.45,6.7
2026-08-20 11:32:41,True,5.29,18.24,13.45,4.3
2026-08-20 11:33:12,True,6.30,17.24,14.46,6.8
2026-08-20 11:33:43,True,10.73,13.02,18.68,27.8
2026-08-20 11:34:14,True,14.13,9.37,22.33,55.5
2026-08-20 11:34:45,True,8.10,15.49,16.20,3.6
2026-08-20 11:35:16,True,11.70,11.84,19.86,23.4
2026-08-20 11:35:48,True,12.95,10.69,21.01,35.7
2026-08-20 11:36:19,True,10.83,12.68,19.02,25.8
2026-08-20 11:36:50,True,14.14,9.46,22.24,48.3
2026-08-20 11:37:21,True,4.46,19.16,12.54,3.8
2026-08-20 11:37:52,True,5.27,18.36,13.34,4.7
2026-08-20 11:38:23,True,5.27,18.37,13.33,2.5
2026-08-20 11:38:54,True,5.29,18.38,13.32,6.2
2026-08-20 11:39:25,True,5.29,18.39,13.31,3.8
2026-08-20 11:39:56,True,6.52,17.12,14.58,44.0
2026-08-20 11:40:28,True,11.24,12.42,19.28,27.4
2026-08-20 11:40:59,True,14.09,9.48,22.21,40.4
2026-08-20 11:41:30,True,10.89,12.76,18.93,14.3
2026-08-20 11:42:01,True,11.14,12.50,19.20,22.1
2026-08-20 11:42:32,True,12.66,10.85,20.85,33.0
2026-08-20 11:43:03,True,7.41,16.23,15.46,12.3
2026-08-20 11:43:35,True,11.04,12.61,19.09,24.9
2026-08-20 11:44:06,True,14.10,9.60,22.09,45.3
2026-08-20 11:44:37,True,5.30,18.37,13.33,3.5
2026-08-20 11:45:08,True,5.30,18.36,13.33,4.8
2026-08-20 11:45:39,True,5.32,18.35,13.34,3.4
2026-08-20 11:46:10,True,5.33,18.34,13.35,7.0
2026-08-20 11:46:41,True,5.87,17.76,13.93,6.0
2026-08-20 11:47:12,True,5.49,18.15,13.54,10.8
2026-08-20 11:47:43,True,13.45,10.19,21.51,31.6
2026-08-20 11:48:14,True,5.90,18.00,13.70,9.4
2026-08-20 11:48:46,True,10.92,12.68,19.02,15.3
2026-08-20 11:49:17,True,14.06,9.58,22.11,35.3
2026-08-20 11:49:48,True,10.64,12.93,18.77,16.7
2026-08-20 11:50:19,True,13.98,9.59,22.11,42.3
2026-08-20 11:50:50,True,4.52,19.14,12.55,2.8
2026-08-20 11:51:21,True,5.30,18.31,13.38,6.5
2026-08-20 11:51:52,True,5.30,18.31,13.39,9.8
2026-08-20 11:52:23,True,5.32,18.32,13.38,3.6
2026-08-20 11:52:54,True,5.33,18.31,13.38,6.1
2026-08-20 11:53:26,True,7.34,16.28,15.41,38.3
2026-08-20 11:53:57,True,11.42,12.35,19.34,21.3
2026-08-20 11:54:28,True,14.19,9.62,22.08,40.8
2026-08-20 11:54:59,True,10.70,12.98,18.71,13.9
2026-08-20 11:55:30,True,11.24,12.43,19.27,21.6
2026-08-20 11:56:01,True,13.98,9.68,22.01,45.1
2026-08-20 11:56:32,True,10.50,13.15,18.54,15.9
2026-08-20 11:57:04,True,13.68,9.77,21.92,48.0
2026-08-20 11:57:35,True,11.92,11.75,19.95,15.6
2026-08-20 11:58:06,True,5.32,18.36,13.34,3.5
2026-08-20 11:58:37,True,5.32,18.31,13.39,6.0
2026-08-20 11:59:08,True,5.34,18.26,13.43,0.6
2026-08-20 11:59:39,True,5.34,18.28,13.41,4.3
2026-08-20 12:00:10,True,7.34,16.19,15.50,53.6
2026-08-20 12:00:41,True,11.07,12.27,19.43,33.2
2026-08-20 12:01:13,True,14.18,9.31,22.38,48.6
2026-08-20 12:01:44,True,7.72,15.63,16.06,12.5
2026-08-20 12:02:15,True,14.10,9.25,22.44,38.9
2026-08-20 12:02:46,True,11.69,11.63,20.06,26.9
2026-08-20 12:03:17,True,10.96,12.44,19.26,24.4
2026-08-20 12:03:48,True,14.08,9.34,22.36,44.4
2026-08-20 12:04:20,True,5.32,18.15,13.55,5.5
2026-08-20 12:04:51,True,5.32,18.15,13.55,5.0
2026-08-20 12:05:22,True,5.34,18.13,13.57,4.6
2026-08-20 12:05:53,True,5.34,18.13,13.57,4.0
2026-08-20 12:06:24,True,5.36,18.13,13.57,3.8
2026-08-20 12:06:55,True,6.55,16.91,14.79,48.1
2026-08-20 12:07:26,True,11.11,12.31,19.39,26.0
2026-08-20 12:07:57,True,14.20,9.06,22.63,51.3
2026-08-20 12:08:28,True,10.72,12.53,19.17,14.4
2026-08-20 12:09:00,True,11.68,11.71,19.99,24.4
2026-08-20 12:09:31,True,11.63,11.90,19.80,22.4
2026-08-20 12:10:02,True,10.99,12.43,19.27,26.5
2026-08-20 12:10:33,True,13.25,10.09,21.60,31.2
2026-08-20 12:11:04,True,14.36,9.40,22.30,39.7
2026-08-20 12:11:35,True,5.34,18.17,13.52,3.0
2026-08-20 12:12:06,True,5.34,18.17,13.53,2.9
2026-08-20 12:12:37,True,5.36,18.16,13.54,3.7
2026-08-20 12:13:09,True,5.37,18.15,13.55,2.9
2026-08-20 12:13:40,True,7.09,16.40,15.30,39.2
2026-08-20 12:14:11,True,11.08,12.38,19.32,21.2
2026-08-20 12:14:42,True,14.25,9.35,22.34,45.3
2026-08-20 12:15:13,True,11.05,12.27,19.43,22.2
2026-08-20 12:15:44,True,14.14,9.26,22.43,38.3
2026-08-20 12:16:15,True,10.38,13.42,18.28,13.7
2026-08-20 12:16:46,True,10.98,12.45,19.24,17.7
2026-08-20 12:17:18,True,14.16,9.23,22.47,43.0
2026-08-20 12:17:49,True,5.37,18.12,13.57,6.3
2026-08-20 12:18:20,True,5.38,18.12,13.58,3.6
2026-08-20 12:18:51,True,5.40,18.12,13.58,4.5
2026-08-20 12:19:22,True,5.40,18.12,13.58,4.3
2026-08-20 12:19:53,True,6.49,17.02,14.68,5.9
2026-08-20 12:20:24,True,7.25,16.20,15.50,17.7
2026-08-20 12:20:55,True,11.71,11.75,19.95,22.0
2026-08-20 12:21:26,True,12.86,10.44,21.25,32.6
2026-08-20 12:21:58,True,10.95,12.45,19.25,25.9
2026-08-20 12:22:29,True,13.96,9.21,22.48,44.6
2026-08-20 12:23:00,True,7.85,15.64,16.06,6.4
2026-08-20 12:23:31,True,12.30,11.34,20.35,21.1
2026-08-20 12:24:02,True,14.02,9.29,22.41,50.0
2026-08-20 12:24:33,True,4.68,18.66,13.04,5.0
2026-08-20 12:25:05,True,4.68,18.59,13.11,6.5
2026-08-20 12:25:36,True,4.68,18.71,12.98,6.2
2026-08-20 12:26:07,True,4.68,18.72,12.97,4.2
2026-08-20 12:26:38,True,4.68,18.44,13.26,1.2
2026-08-20 12:27:09,True,4.68,18.47,13.22,0.0
2026-08-20 12:27:40,True,4.68,18.49,13.20,0.2
2026-08-20 12:28:11,True,4.68,18.52,13.18,3.2
2026-08-20 12:28:42,True,4.68,18.52,13.17,0.0
2026-08-20 12:29:13,True,4.68,18.45,13.24,8.7
2026-08-20 12:29:44,True,4.68,18.05,13.65,4.0
2026-08-20 12:30:15,True,4.68,18.21,13.49,0.2
2026-08-20 12:30:46,True,4.68,18.34,13.35,0.5
2026-08-20 12:31:18,False,0.00,23.05,8.65,2.3
2026-08-20 12:31:49,False,0.00,23.05,8.65,1.8
2026-08-20 12:32:20,False,0.00,23.07,8.63,0.8
2026-08-20 12:32:51,False,0.00,23.07,8.63,1.0
2026-08-20 12:33:22,False,0.00,23.08,8.62,3.5
2026-08-20 12:33:53,False,0.00,23.11,8.58,2.7
2026-08-20 12:34:24,False,0.00,23.12,8.58,1.7
2026-08-20 12:34:55,False,0.00,23.12,8.58,1.6
2026-08-20 12:35:26,True,0.18,22.92,8.77,1.3
2026-08-20 12:35:57,True,0.01,26.39,5.30,6.6
2026-08-20 12:36:28,True,1.12,24.97,6.73,36.4
2026-08-20 12:36:59,True,1.37,24.49,7.20,24.2
2026-08-20 12:37:31,True,1.81,24.06,7.63,29.9
2026-08-20 12:38:02,True,0.95,24.95,6.74,8.1
2026-08-20 12:38:33,True,0.95,24.72,6.97,17.4
2026-08-20 12:39:04,True,2.10,23.54,8.15,42.3
2026-08-20 12:39:35,True,0.96,24.73,6.96,17.5
2026-08-20 12:40:06,True,2.29,23.28,8.42,42.0
2026-08-20 12:40:37,True,1.88,23.69,8.01,25.7
2026-08-20 12:41:09,True,2.30,23.24,8.46,35.9
2026-08-20 12:41:40,True,1.24,24.32,7.38,24.1
2026-08-20 12:42:11,True,1.42,24.02,7.67,21.2
2026-08-20 12:42:42,True,2.32,23.21,8.49,41.7
2026-08-20 12:43:13,True,1.90,23.61,8.09,25.3
2026-08-20 12:43:44,True,1.94,23.42,8.28,33.5
2026-08-20 12:44:15,True,2.33,23.10,8.60,38.8
2026-08-20 12:44:47,True,1.25,24.23,7.46,4.4
2026-08-20 12:45:18,True,1.45,23.97,7.72,9.1
2026-08-20 12:45:49,True,2.09,23.29,8.40,42.0
2026-08-20 12:46:20,True,1.90,23.48,8.22,25.8
2026-08-20 12:46:51,True,1.54,23.96,7.74,8.4
2026-08-20 12:47:22,True,2.33,23.02,8.68,39.6
2026-08-20 12:47:53,True,1.22,24.14,7.56,55.0
2026-08-20 12:48:25,True,1.46,24.00,7.69,10.4
2026-08-20 12:48:56,True,1.41,23.89,7.81,21.2
2026-08-20 12:49:27,True,2.34,23.00,8.70,41.6
2026-08-20 12:49:58,True,1.31,24.11,7.58,9.5
2026-08-20 12:50:29,True,2.39,23.12,8.58,18.1
2026-08-20 12:51:00,True,1.22,24.11,7.58,47.0
2026-08-20 12:51:31,True,2.09,23.06,8.64,38.6
2026-08-20 12:52:03,True,1.10,24.21,7.48,5.3
2026-08-20 12:52:34,True,1.57,23.76,7.94,15.8
2026-08-20 12:53:05,True,1.96,23.38,8.31,26.3
2026-08-20 12:53:36,True,1.11,24.18,7.52,5.6
2026-08-20 12:54:07,True,1.61,23.58,8.11,22.9
2026-08-20 12:54:38,True,1.39,23.89,7.80,12.0
2026-08-20 12:55:09,True,2.27,22.97,8.72,23.7
2026-08-20 12:55:40,True,2.25,22.90,8.80,38.8
2026-08-20 12:56:11,True,1.48,23.78,7.91,5.4
2026-08-20 12:56:43,True,1.04,24.15,7.55,0.8
2026-08-20 12:57:14,True,1.04,24.15,7.55,2.1
2026-08-20 12:57:45,True,1.04,24.14,7.55,1.1
2026-08-20 12:58:16,True,1.04,24.14,7.55,2.6
2026-08-20 12:58:47,True,1.04,24.09,7.60,1.1
2026-08-20 12:59:18,False,0.00,25.03,6.66,0.4
2026-08-20 12:59:49,False,0.00,24.97,6.73,0.4
2026-08-20 13:00:20,False,0.00,24.95,6.74,0.1
2026-08-20 13:00:51,False,0.00,24.95,6.75,2.6
2026-08-20 13:01:22,False,0.00,24.93,6.77,1.2
2026-08-20 13:01:53,False,0.00,24.93,6.77,1.5
2026-08-20 13:02:24,False,0.00,24.93,6.77,0.4
2026-08-20 13:02:55,False,0.00,24.92,6.78,2.4
2026-08-20 13:03:27,False,0.00,24.85,6.84,0.5
2026-08-20 13:03:58,False,0.00,24.88,6.81,1.7
2026-08-20 13:04:29,False,0.00,24.88,6.82,1.0
2026-08-20 13:05:00,False,0.00,24.83,6.86,4.1
2026-08-20 13:05:31,False,0.00,24.80,6.90,0.4
2026-08-20 13:06:02,False,0.00,24.84,6.86,1.5
2026-08-20 13:06:33,False,0.00,24.81,6.88,2.3
2026-08-20 13:07:04,False,0.00,24.84,6.86,1.4
2026-08-20 13:07:35,False,0.00,24.84,6.86,1.1
2026-08-20 13:08:06,False,0.00,24.85,6.84,0.8
2026-08-20 13:08:37,False,0.00,24.88,6.82,0.8
2026-08-20 13:09:08,False,0.00,24.88,6.82,0.3
2026-08-20 13:09:39,False,0.00,24.88,6.81,1.7
2026-08-20 13:10:10,False,0.00,24.85,6.85,1.4
2026-08-20 13:10:41,False,0.00,24.83,6.87,0.9
2026-08-20 13:11:13,False,0.00,24.84,6.85,2.0
2026-08-20 13:11:44,False,0.00,24.83,6.87,0.1
2026-08-20 13:12:15,False,0.00,24.82,6.87,1.6
2026-08-20 13:12:46,True,0.18,24.60,7.10,0.5
2026-08-20 13:13:17,True,0.20,24.58,7.12,3.5
2026-08-20 13:13:48,True,0.89,25.53,6.16,4.8
2026-08-20 13:14:19,True,2.38,23.78,7.91,6.7
2026-08-20 13:14:50,True,2.46,23.38,8.31,49.2
2026-08-20 13:15:21,True,2.63,23.24,8.45,50.9
2026-08-20 13:15:53,True,1.36,24.44,7.26,17.3
2026-08-20 13:16:24,True,2.77,23.06,8.64,29.2
2026-08-20 13:16:55,True,2.72,23.14,8.56,24.7
2026-08-20 13:17:26,True,1.32,24.35,7.35,58.7
2026-08-20 13:17:57,True,2.25,23.45,8.24,39.1
2026-08-20 13:18:28,True,1.46,24.23,7.47,13.6
2026-08-20 13:19:00,True,2.01,23.57,8.13,36.0
2026-08-20 13:19:31,True,1.53,24.16,7.53,51.8
2026-08-20 13:20:02,True,2.09,23.61,8.08,10.1
2026-08-20 13:20:33,True,1.37,24.33,7.37,36.0
2026-08-20 13:21:04,True,1.41,24.36,7.34,14.6
2026-08-20 13:21:35,True,1.53,24.16,7.53,46.4
2026-08-20 13:22:06,True,2.26,23.42,8.28,35.8
2026-08-20 13:22:38,True,1.39,24.22,7.48,17.6
2026-08-20 13:23:09,True,2.66,22.89,8.81,47.7
2026-08-20 13:23:40,True,2.78,22.62,9.07,50.2
2026-08-20 13:24:11,True,1.32,24.07,7.62,7.3
2026-08-20 13:24:42,True,2.30,23.11,8.58,36.4
2026-08-20 13:25:13,True,2.60,22.78,8.91,48.2
2026-08-20 13:25:45,True,1.47,23.95,7.74,38.2
2026-08-20 13:26:16,True,2.32,23.09,8.61,37.2
2026-08-20 13:26:47,True,2.24,23.11,8.58,36.8
2026-08-20 13:27:18,True,1.76,23.65,8.04,4.0
2026-08-20 13:27:49,True,1.62,23.78,7.91,10.6
2026-08-20 13:28:20,True,1.62,23.70,8.00,48.0
2026-08-20 13:28:51,True,1.25,23.99,7.71,18.3
2026-08-20 13:29:22,True,1.20,23.87,7.82,3.4
2026-08-20 13:29:53,True,1.20,23.88,7.81,2.1
2026-08-20 13:30:25,True,1.20,23.88,7.82,1.4
2026-08-20 13:30:56,True,1.20,23.88,7.81,3.7
2026-08-20 13:31:27,True,1.20,23.88,7.81,2.2
2026-08-20 13:31:58,True,1.20,23.88,7.81,0.5
2026-08-20 13:32:29,True,1.20,23.84,7.85,0.1
2026-08-20 13:33:00,True,1.20,23.83,7.87,0.3
2026-08-20 13:33:31,True,1.20,23.82,7.87,0.0
2026-08-20 13:34:02,True,1.20,23.84,7.85,4.6
2026-08-20 13:34:33,True,1.20,23.84,7.85,1.0
2026-08-20 13:35:04,True,1.20,23.83,7.86,0.0
2026-08-20 13:35:35,True,1.20,23.83,7.87,0.0
2026-08-20 13:36:06,True,1.20,23.83,7.87,3.6
2026-08-20 13:36:38,True,1.20,23.81,7.89,0.0
2026-08-20 13:37:09,True,1.20,23.74,7.95,8.8
2026-08-20 13:37:40,True,1.20,23.76,7.94,2.3
2026-08-20 13:38:11,True,1.20,23.76,7.94,2.0
2026-08-20 13:38:42,True,1.21,23.61,8.09,0.2
2026-08-20 13:39:13,True,1.21,23.61,8.08,1.5
2026-08-20 13:39:44,True,1.21,23.62,8.08,2.8
2026-08-20 13:40:15,True,1.21,23.60,8.10,0.0
2026-08-20 13:40:46,True,1.21,23.61,8.09,0.0
2026-08-20 13:41:17,True,1.21,23.61,8.08,1.4
2026-08-20 13:41:48,True,1.21,23.61,8.08,1.2
2026-08-20 13:42:20,True,1.21,23.61,8.09,0.4
2026-08-20 13:42:51,True,1.21,23.62,8.08,4.0
2026-08-20 13:43:22,True,1.21,23.62,8.08,1.3
2026-08-20 13:43:53,True,1.21,23.60,8.10,2.3
2026-08-20 13:44:24,True,1.21,23.59,8.11,0.0
2026-08-20 13:44:55,True,1.21,23.60,8.09,3.2
2026-08-20 13:45:26,True,1.21,23.60,8.10,2.9
2026-08-20 13:45:57,True,1.21,23.60,8.10,4.4
2026-08-20 13:46:28,True,1.21,23.60,8.10,1.6
2026-08-20 13:46:59,True,1.21,23.61,8.09,1.7
2026-08-20 13:47:30,True,1.21,23.60,8.10,1.8
2026-08-20 13:48:01,True,1.21,23.59,8.11,1.1
2026-08-20 13:48:32,True,1.21,23.61,8.08,0.1
2026-08-20 13:49:04,True,1.21,23.62,8.07,0.6
2026-08-20 13:49:35,True,1.21,23.62,8.07,2.4
2026-08-20 13:50:06,True,1.21,23.60,8.10,0.0
2026-08-20 13:50:37,True,1.21,23.60,8.10,0.0
2026-08-20 13:51:08,True,1.21,23.60,8.10,1.9
2026-08-20 13:51:39,True,1.21,23.60,8.10,0.7
2026-08-20 13:52:10,True,1.21,23.60,8.10,1.0
2026-08-20 13:52:41,True,1.21,23.59,8.11,1.8
2026-08-20 13:53:12,True,1.21,23.58,8.12,2.7
2026-08-20 13:53:43,True,1.21,23.56,8.13,1.4
2026-08-20 13:54:14,True,1.21,23.57,8.12,1.2
2026-08-20 13:54:45,True,1.21,23.57,8.12,1.5
2026-08-20 13:55:17,True,1.21,23.58,8.12,1.3
2026-08-20 13:55:48,True,1.21,23.57,8.12,0.0
2026-08-20 13:56:19,True,1.21,23.57,8.12,0.0
2026-08-20 13:56:50,True,1.21,23.57,8.12,5.5
2026-08-20 13:57:21,True,1.21,23.57,8.13,0.0
2026-08-20 13:57:52,True,1.21,23.57,8.12,0.5
2026-08-20 13:58:23,True,1.21,23.57,8.13,1.4
2026-08-20 13:58:54,True,1.21,23.51,8.18,6.0
2026-08-20 13:59:25,True,1.21,23.54,8.15,3.0
2026-08-20 13:59:56,True,1.21,23.53,8.16,5.1
2026-08-20 14:00:27,True,1.21,23.54,8.15,0.0
2026-08-20 14:00:58,True,1.21,23.55,8.15,1.1
2026-08-20 14:01:29,True,1.21,23.55,8.15,2.8
2026-08-20 14:02:01,True,1.21,23.55,8.15,3.3
2026-08-20 14:02:32,True,1.21,23.54,8.16,1.6
2026-08-20 14:03:03,True,1.21,23.55,8.15,0.2
2026-08-20 14:03:34,True,1.21,23.55,8.15,2.5
2026-08-20 14:04:05,True,1.21,23.56,8.13,0.0
2026-08-20 14:04:36,True,1.21,23.56,8.14,1.2
2026-08-20 14:05:07,True,1.21,23.58,8.12,1.2
2026-08-20 14:05:38,True,1.21,23.57,8.12,0.0
2026-08-20 14:06:09,True,1.21,23.59,8.11,0.6
2026-08-20 14:06:40,True,1.21,23.58,8.11,1.2
2026-08-20 14:07:11,True,1.21,23.59,8.10,1.3
2026-08-20 14:07:42,True,1.21,23.58,8.12,2.9
2026-08-20 14:08:14,True,1.21,23.56,8.14,3.1
2026-08-20 14:08:45,True,1.21,23.57,8.12,0.7
2026-08-20 14:09:16,True,1.21,23.57,8.12,2.2
2026-08-20 14:09:47,True,1.21,23.57,8.13,1.6
2026-08-20 14:10:18,True,1.21,23.56,8.13,1.2
2026-08-20 14:10:49,True,1.21,23.56,8.13,1.0
2026-08-20 14:11:20,True,1.21,23.56,8.14,0.6
2026-08-20 14:11:51,True,1.21,23.56,8.13,1.6
2026-08-20 14:12:22,True,1.21,23.57,8.13,0.0
2026-08-20 14:12:53,True,1.21,23.31,8.38,3.9
2026-08-20 14:13:24,False,0.00,24.20,7.49,2.9
2026-08-20 14:13:55,False,0.00,24.22,7.47,3.7
2026-08-20 14:14:27,False,0.00,24.23,7.47,5.6
2026-08-20 14:14:58,False,0.00,24.30,7.40,5.0
2026-08-20 14:15:29,False,0.00,24.24,7.46,3.4
2026-08-20 14:16:00,False,0.00,24.36,7.34,1.7
2026-08-20 14:16:31,False,0.00,24.32,7.38,0.3
2026-08-20 14:17:02,False,0.00,24.33,7.36,1.2
2026-08-20 14:17:33,False,0.00,24.33,7.37,1.1
2026-08-20 14:18:04,False,0.00,24.31,7.39,2.0
2026-08-20 14:18:35,False,0.00,24.25,7.45,0.0
2026-08-20 14:19:06,False,0.00,24.26,7.43,0.0
2026-08-20 14:19:37,False,0.00,24.26,7.43,0.0
2026-08-20 14:20:08,False,0.00,24.28,7.42,0.8
2026-08-20 14:20:39,False,0.00,24.20,7.50,0.0
2026-08-20 14:21:10,False,0.00,24.20,7.50,0.2
2026-08-20 14:21:42,False,0.00,24.19,7.51,1.3
2026-08-20 14:22:13,False,0.00,24.17,7.52,0.0
2026-08-20 14:22:44,False,0.00,24.15,7.55,1.5
2026-08-20 14:23:15,False,0.00,24.16,7.54,1.2
2026-08-20 14:23:46,False,0.00,24.13,7.56,2.7
2026-08-20 14:24:17,False,0.00,24.18,7.51,1.7
2026-08-20 14:24:48,False,0.00,24.19,7.51,0.3
2026-08-20 14:25:19,False,0.00,24.16,7.54,1.4
2026-08-20 14:25:50,False,0.00,24.08,7.62,0.4
2026-08-20 14:26:21,False,0.00,24.10,7.60,1.3
2026-08-20 14:26:52,False,0.00,24.00,7.70,3.0
2026-08-20 14:27:24,False,0.00,23.65,8.04,0.8
2026-08-20 14:27:55,True,0.18,23.66,8.03,1.9
2026-08-20 14:28:26,True,1.38,25.07,6.62,7.6
2026-08-20 14:28:57,True,1.85,24.01,7.69,6.1
2026-08-20 14:29:28,True,12.40,13.32,18.37,52.1
2026-08-20 14:29:59,True,11.50,14.12,17.57,38.9
2026-08-20 14:30:30,True,7.13,18.63,13.07,3.9
2026-08-20 14:31:01,True,12.46,13.14,18.56,52.2
2026-08-20 14:31:33,True,4.02,21.54,10.16,3.3
2026-08-20 14:32:04,True,4.46,21.08,10.62,4.9
2026-08-20 14:32:35,True,10.26,15.09,16.60,26.0
2026-08-20 14:33:06,True,11.33,14.15,17.55,32.0
2026-08-20 14:33:37,True,11.91,13.32,18.37,47.6
2026-08-20 14:34:08,True,4.43,21.12,10.58,8.7
2026-08-20 14:34:39,True,12.38,13.15,18.55,50.1
2026-08-20 14:35:11,True,4.09,21.39,10.30,4.5
2026-08-20 14:35:42,True,5.51,19.87,11.83,47.9
2026-08-20 14:36:13,True,10.13,15.49,16.21,25.7
2026-08-20 14:36:44,True,10.23,15.11,16.58,7.8
2026-08-20 14:37:15,True,11.90,13.44,18.26,49.2
2026-08-20 14:37:46,True,4.41,21.19,10.50,3.9
2026-08-20 14:38:17,True,11.85,13.43,18.27,52.1
2026-08-20 14:38:48,True,4.20,21.11,10.59,6.1
2026-08-20 14:39:19,True,4.74,20.54,11.16,7.6
2026-08-20 14:39:51,True,9.79,15.44,16.26,27.5
2026-08-20 14:40:22,True,9.12,16.18,15.52,8.5
2026-08-20 14:40:53,True,12.35,12.86,18.83,42.3
2026-08-20 14:41:24,True,9.60,15.47,16.23,23.4
2026-08-20 14:41:55,True,12.40,12.79,18.91,45.6
2026-08-20 14:42:26,True,4.23,21.00,10.70,3.6
2026-08-20 14:42:57,True,5.62,19.61,12.09,51.2
2026-08-20 14:43:29,True,9.92,15.33,16.37,25.0
2026-08-20 14:44:00,True,4.09,21.04,10.65,6.6
2026-08-20 14:44:31,True,12.45,12.66,19.04,47.5
2026-08-20 14:45:02,True,10.06,15.44,16.25,25.2
2026-08-20 14:45:33,True,12.32,12.76,18.93,46.2
2026-08-20 14:46:04,True,4.21,20.98,10.72,5.4
2026-08-20 14:46:35,True,4.56,20.62,11.07,10.5
2026-08-20 14:47:07,True,10.04,15.17,16.53,30.4
2026-08-20 14:47:38,True,12.41,12.57,19.12,43.9
2026-08-20 14:48:09,True,9.98,14.98,16.72,21.4
2026-08-20 14:48:40,True,12.51,12.53,19.17,50.5
2026-08-20 14:49:11,True,10.50,14.76,16.93,31.9
2026-08-20 14:49:42,True,11.25,14.29,17.41,28.3
2026-08-20 14:50:14,True,4.31,20.72,10.98,4.3
2026-08-20 14:50:45,True,5.64,19.38,12.31,50.1
2026-08-20 14:51:16,True,11.70,13.18,18.52,36.1
2026-08-20 14:51:47,True,8.51,16.36,15.34,24.4
2026-08-20 14:52:18,True,12.50,12.39,19.31,48.0
2026-08-20 14:52:49,True,9.91,15.10,16.59,27.0
2026-08-20 14:53:21,True,12.56,12.38,19.32,48.0
2026-08-20 14:53:52,True,4.41,20.56,11.13,5.9
2026-08-20 14:54:23,True,4.65,20.35,11.35,8.0
2026-08-20 14:54:54,True,10.13,14.58,17.12,25.5
2026-08-20 14:55:25,True,12.49,12.30,19.39,38.3
2026-08-20 14:55:56,True,10.46,14.26,17.43,30.5
2026-08-20 14:56:27,True,8.57,16.21,15.49,14.6
2026-08-20 14:56:59,True,11.95,12.82,18.88,50.5
2026-08-20 14:57:30,True,4.46,20.35,11.34,5.0
2026-08-20 14:58:01,True,4.07,21.17,10.52,4.8
2026-08-20 14:58:32,True,6.15,18.74,12.96,67.4
2026-08-20 14:59:03,True,11.74,13.02,18.68,41.8
2026-08-20 14:59:34,True,9.82,14.84,16.86,30.7
2026-08-20 15:00:05,True,12.54,12.23,19.47,49.6
2026-08-20 15:00:37,True,9.88,14.98,16.72,21.8
2026-08-20 15:01:08,True,12.37,12.36,19.33,50.6
2026-08-20 15:01:39,True,4.51,20.27,11.43,6.5
2026-08-20 15:02:10,True,4.52,20.27,11.43,4.3
2026-08-20 15:02:41,True,6.03,18.74,12.96,59.5
2026-08-20 15:03:12,True,11.86,12.88,18.82,41.7
2026-08-20 15:03:43,True,9.78,14.94,16.75,27.4
2026-08-20 15:04:15,True,12.37,12.33,19.36,51.8
2026-08-20 15:04:46,True,10.03,14.66,17.04,30.3
2026-08-20 15:05:17,True,12.54,12.32,19.38,52.4
2026-08-20 15:05:48,True,4.43,20.42,11.28,4.9
2026-08-20 15:06:19,True,5.08,19.80,11.89,9.2
2026-08-20 15:06:50,True,9.84,14.90,16.79,22.0
2026-08-20 15:07:21,True,12.51,12.31,19.39,49.2
2026-08-20 15:07:53,True,9.85,14.84,16.85,33.6
2026-08-20 15:08:24,True,11.43,13.33,18.37,32.6
2026-08-20 15:08:55,True,11.93,12.94,18.75,45.4
2026-08-20 15:09:26,True,3.63,21.19,10.51,4.7
2026-08-20 15:09:57,True,4.48,20.34,11.36,10.0
2026-08-20 15:10:28,True,5.88,18.94,12.76,45.1
2026-08-20 15:10:59,True,10.60,14.18,17.52,42.8
2026-08-20 15:11:31,True,4.28,20.53,11.16,6.8
2026-08-20 15:12:02,True,12.46,12.28,19.41,41.1
2026-08-20 15:12:33,True,9.26,15.38,16.32,22.4
2026-08-20 15:13:04,True,12.50,12.25,19.45,50.8
2026-08-20 15:13:35,True,4.49,20.36,11.34,6.6
2026-08-20 15:14:06,True,5.13,19.74,11.95,7.6
2026-08-20 15:14:37,True,4.54,20.32,11.37,14.8
2026-08-20 15:15:08,True,12.52,12.39,19.31,47.4
2026-08-20 15:15:40,True,10.20,14.72,16.98,30.4
2026-08-20 15:16:11,True,12.51,12.24,19.46,47.2
2026-08-20 15:16:42,True,10.14,14.55,17.15,25.5
2026-08-20 15:17:13,True,12.58,12.29,19.41,46.9
2026-08-20 15:17:44,True,4.54,20.30,11.40,3.7
2026-08-20 15:18:15,True,5.07,19.78,11.92,10.6
2026-08-20 15:18:47,True,4.10,20.74,10.96,3.8
2026-08-20 15:19:18,True,12.51,12.35,19.34,47.1
2026-08-20 15:19:49,True,9.97,14.94,16.76,27.4
2026-08-20 15:20:20,True,12.52,12.22,19.48,48.6
2026-08-20 15:20:51,True,10.10,14.94,16.76,28.8
2026-08-20 15:21:22,True,12.53,12.40,19.30,48.3
2026-08-20 15:21:53,True,4.61,20.24,11.46,10.0
2026-08-20 15:22:25,True,4.85,19.89,11.80,12.2
2026-08-20 15:22:56,True,4.18,20.65,11.05,4.4
2026-08-20 15:23:27,True,12.58,12.22,19.47,48.3
2026-08-20 15:23:58,True,7.75,16.69,15.00,7.2
2026-08-20 15:24:29,True,12.56,12.15,19.54,53.3
2026-08-20 15:25:00,True,5.40,19.30,12.40,5.1
2026-08-20 15:25:31,True,12.50,12.21,19.49,43.6
2026-08-20 15:26:02,True,5.29,19.66,12.03,7.0
2026-08-20 15:26:34,True,4.64,20.02,11.68,3.5
2026-08-20 15:27:05,True,6.18,18.47,13.23,56.0
2026-08-20 15:27:36,True,10.42,14.35,17.35,27.4
2026-08-20 15:28:07,True,12.58,12.05,19.65,46.7
2026-08-20 15:28:38,True,10.35,14.09,17.60,28.8
2026-08-20 15:29:09,True,11.51,13.10,18.59,30.8
2026-08-20 15:29:41,True,9.98,14.68,17.01,26.5
2026-08-20 15:30:12,True,12.54,12.03,19.67,49.4
2026-08-20 15:30:43,True,4.64,20.00,11.69,4.3
2026-08-20 15:31:14,True,5.01,19.63,12.06,6.6
2026-08-20 15:31:45,True,5.52,19.07,12.62,47.0
2026-08-20 15:32:16,True,10.15,14.32,17.38,43.5
2026-08-20 15:32:47,True,12.45,12.11,19.59,52.1
2026-08-20 15:33:19,True,10.08,14.39,17.31,27.4
2026-08-20 15:33:50,True,8.71,15.92,15.78,17.0
2026-08-20 15:34:21,True,11.88,12.88,18.82,44.5
2026-08-20 15:34:52,True,12.55,12.12,19.57,43.3
2026-08-20 15:35:23,True,4.70,20.00,11.70,3.0
2026-08-20 15:35:54,True,5.39,19.30,12.40,6.4
2026-08-20 15:36:26,True,6.05,18.57,13.13,53.5
2026-08-20 15:36:57,True,12.50,12.15,19.55,54.9
2026-08-20 15:37:28,True,8.67,15.99,15.70,6.4
2026-08-20 15:37:59,True,11.99,12.70,19.00,48.6
2026-08-20 15:38:30,True,4.45,20.26,11.44,4.1
2026-08-20 15:39:01,True,12.45,11.86,19.83,44.5
2026-08-20 15:39:32,True,8.77,15.66,16.03,7.2
2026-08-20 15:40:03,True,4.75,19.73,11.96,6.7
2026-08-20 15:40:35,True,5.32,19.15,12.54,6.6
2026-08-20 15:41:06,True,4.63,19.83,11.86,14.1
2026-08-20 15:41:37,True,12.50,11.87,19.83,43.1
2026-08-20 15:42:08,True,8.00,16.47,15.22,5.0
2026-08-20 15:42:39,True,11.88,12.53,19.17,49.1
2026-08-20 15:43:10,True,5.46,19.04,12.65,3.4
2026-08-20 15:43:41,True,12.46,11.95,19.74,44.8
2026-08-20 15:44:12,True,10.29,14.13,17.57,18.8
2026-08-20 15:44:44,True,4.82,19.66,12.04,4.1
2026-08-20 15:45:15,True,5.60,18.87,12.82,20.6
2026-08-20 15:45:46,True,7.96,16.66,15.04,16.4
2026-08-20 15:46:17,True,12.44,11.96,19.74,42.7
2026-08-20 15:46:48,True,5.23,19.19,12.50,11.0
2026-08-20 15:47:19,True,12.53,11.98,19.72,42.1
2026-08-20 15:47:50,True,9.78,14.64,17.05,21.6
2026-08-20 15:48:21,True,12.45,11.95,19.74,43.0
2026-08-20 15:48:53,True,4.39,20.03,11.67,7.6
2026-08-20 15:49:24,True,4.79,19.62,12.08,8.7
2026-08-20 15:49:55,True,6.38,18.07,13.63,65.6
2026-08-20 15:50:26,True,10.21,14.26,17.44,30.0
2026-08-20 15:50:57,True,12.41,11.98,19.71,49.2
2026-08-20 15:51:28,True,10.35,14.04,17.66,25.1
2026-08-20 15:52:00,True,12.65,11.86,19.83,53.8
2026-08-20 15:52:31,True,9.92,14.48,17.22,26.3
2026-08-20 15:53:02,True,12.45,11.73,19.96,50.3
2026-08-20 15:53:33,True,4.82,19.33,12.36,3.3
2026-08-20 15:54:04,True,4.83,19.40,12.29,6.4
2026-08-20 15:54:35,True,5.70,18.51,13.18,51.2
2026-08-20 15:55:06,True,10.49,14.00,17.69,38.2
2026-08-20 15:55:38,True,12.51,11.80,19.90,49.7
2026-08-20 15:56:09,True,9.36,14.86,16.84,22.3
2026-08-20 15:56:40,True,12.52,11.80,19.89,56.2
2026-08-20 15:57:11,True,10.12,14.30,17.40,27.4
2026-08-20 15:57:42,True,12.46,11.83,19.86,51.7
2026-08-20 15:58:14,True,4.10,20.20,11.50,6.4
2026-08-20 15:58:45,True,4.85,19.47,12.22,3.4
2026-08-20 15:59:16,True,5.68,18.64,13.06,52.1
2026-08-20 15:59:47,True,9.23,14.89,16.80,20.0
2026-08-20 16:00:18,True,12.42,11.91,19.79,48.9
2026-08-20 16:00:49,True,9.84,14.48,17.22,25.4
2026-08-20 16:01:20,True,12.42,11.91,19.79,51.1
2026-08-20 16:01:52,True,10.17,14.12,17.57,26.3
2026-08-20 16:02:23,True,12.56,11.75,19.94,50.4
2026-08-20 16:02:54,True,4.86,19.44,12.25,9.4
2026-08-20 16:03:25,True,4.87,19.44,12.26,4.1
2026-08-20 16:03:56,True,6.07,18.22,13.47,56.3
2026-08-20 16:04:27,True,10.07,14.10,17.60,26.1
2026-08-20 16:04:58,True,12.43,11.78,19.92,51.0
2026-08-20 16:05:30,True,5.05,19.22,12.48,9.6
2026-08-20 16:06:01,True,11.78,12.32,19.37,45.1
2026-08-20 16:06:32,True,7.30,16.93,14.76,5.0
2026-08-20 16:07:03,True,10.89,13.12,18.58,39.4
2026-08-20 16:07:34,True,12.50,11.71,19.99,46.5
2026-08-20 16:08:05,True,4.90,19.35,12.35,4.3
2026-08-20 16:08:36,True,5.19,19.02,12.67,11.0
2026-08-20 16:09:07,True,5.81,18.43,13.27,52.8
2026-08-20 16:09:39,True,11.82,12.38,19.31,38.1
2026-08-20 16:10:10,True,12.58,11.67,20.03,51.6
2026-08-20 16:10:41,True,10.49,13.45,18.25,26.7
2026-08-20 16:11:12,True,10.21,13.90,17.79,24.1
2026-08-20 16:11:43,True,10.36,13.70,18.00,31.6
2026-08-20 16:12:15,True,12.54,11.39,20.30,44.6
2026-08-20 16:12:46,True,4.90,19.08,12.62,3.5
2026-08-20 16:13:17,True,4.91,19.07,12.62,5.2
2026-08-20 16:13:48,True,6.06,17.91,13.78,52.6
2026-08-20 16:14:19,True,10.39,13.45,18.24,19.8
2026-08-20 16:14:50,True,12.58,11.46,20.23,45.4
2026-08-20 16:15:22,True,10.03,13.96,17.74,25.6
2026-08-20 16:15:53,True,11.45,12.46,19.24,39.2
2026-08-20 16:16:24,True,10.35,14.00,17.69,15.5
2026-08-20 16:16:55,True,12.36,11.67,20.02,47.0
2026-08-20 16:17:26,True,4.96,19.09,12.60,3.5
2026-08-20 16:17:57,True,4.97,19.13,12.56,8.6
2026-08-20 16:18:28,True,6.24,17.81,13.89,43.1
2026-08-20 16:19:00,True,9.99,14.05,17.65,25.7
2026-08-20 16:19:31,True,12.36,11.72,19.97,39.1
2026-08-20 16:20:02,True,10.21,13.82,17.87,23.9
2026-08-20 16:20:33,True,12.60,11.57,20.12,54.7
2026-08-20 16:21:04,True,10.03,14.06,17.64,24.6
2026-08-20 16:21:35,True,12.54,11.48,20.22,45.4
2026-08-20 16:22:07,True,4.98,19.16,12.53,4.1
2026-08-20 16:22:38,True,4.98,18.97,12.73,3.8
2026-08-20 16:23:09,True,6.45,17.53,14.17,43.8
2026-08-20 16:23:40,True,10.09,13.94,17.75,25.0
2026-08-20 16:24:11,True,12.48,11.48,20.22,47.7
2026-08-20 16:24:43,True,10.12,13.76,17.94,27.0
2026-08-20 16:25:14,True,10.28,13.73,17.96,21.1
2026-08-20 16:25:45,True,10.07,13.91,17.79,27.2
2026-08-20 16:26:16,True,12.53,11.49,20.20,47.4
2026-08-20 16:26:47,True,5.01,18.99,12.70,4.2
2026-08-20 16:27:18,True,4.43,19.57,12.12,6.0
2026-08-20 16:27:49,True,5.91,18.13,13.57,44.1
2026-08-20 16:28:21,True,11.96,12.06,19.63,54.3
2026-08-20 16:28:52,True,12.01,12.12,19.58,28.3
2026-08-20 16:29:23,True,11.82,12.18,19.51,38.9
2026-08-20 16:29:54,True,6.35,17.74,13.95,7.0
2026-08-20 16:30:25,True,12.45,11.52,20.18,44.8
2026-08-20 16:30:56,True,7.51,16.60,15.09,5.5
2026-08-20 16:31:27,True,5.04,19.03,12.67,5.8
2026-08-20 16:31:58,True,5.83,18.26,13.44,7.5
2026-08-20 16:32:30,True,6.38,17.64,14.05,20.1
2026-08-20 16:33:01,True,10.78,13.21,18.48,40.3
2026-08-20 16:33:32,True,10.39,13.65,18.05,16.5
2026-08-20 16:34:03,True,10.29,13.77,17.93,23.5
2026-08-20 16:34:34,True,8.87,15.31,16.39,12.7
2026-08-20 16:35:05,True,10.58,13.48,18.21,28.5
2026-08-20 16:35:36,True,12.25,11.75,19.95,42.3
2026-08-20 16:36:08,True,5.05,19.02,12.67,5.8
2026-08-20 16:36:39,True,5.46,18.56,13.14,17.9
2026-08-20 16:37:10,True,5.94,17.99,13.71,59.3
2026-08-20 16:37:41,True,11.04,12.60,19.10,53.8
2026-08-20 16:38:12,True,12.51,11.23,20.46,41.5
2026-08-20 16:38:43,True,11.82,11.99,19.70,42.1
2026-08-20 16:39:15,True,8.84,14.99,16.70,6.6
2026-08-20 16:39:46,True,11.98,11.80,19.90,58.1
2026-08-20 16:40:17,True,11.81,12.24,19.46,40.2
2026-08-20 16:40:48,True,5.07,18.81,12.89,3.9
2026-08-20 16:41:19,True,5.53,18.36,13.34,8.0
2026-08-20 16:41:50,True,5.92,17.95,13.75,58.9
2026-08-20 16:42:21,True,11.88,12.06,19.64,41.0
2026-08-20 16:42:53,True,5.64,18.31,13.38,5.0
2026-08-20 16:43:24,True,12.46,11.54,20.15,58.0
2026-08-20 16:43:55,True,10.35,13.47,18.23,31.0
2026-08-20 16:44:26,True,12.54,11.44,20.26,42.7
2026-08-20 16:44:57,True,5.08,18.87,12.83,6.4
2026-08-20 16:45:28,True,5.09,18.86,12.83,3.2
2026-08-20 16:45:59,True,6.23,17.70,13.99,55.2
2026-08-20 16:46:31,True,9.99,13.95,17.74,26.9
2026-08-20 16:47:02,True,12.55,11.33,20.37,53.1
2026-08-20 16:47:33,True,10.07,13.80,17.89,29.2
2026-08-20 16:48:04,True,8.78,15.12,16.57,15.8
2026-08-20 16:48:35,True,10.63,13.26,18.44,33.7
2026-08-20 16:49:06,True,12.52,12.06,19.63,39.0
2026-08-20 16:49:37,True,5.11,18.87,12.83,5.3
2026-08-20 16:50:09,True,5.24,18.69,13.01,11.1
2026-08-20 16:50:40,True,7.85,16.06,15.63,13.4
2026-08-20 16:51:11,True,12.45,11.47,20.23,48.2
