now,target,angle_deg,FairMode,zeta,status,aggregator,n_batt,cap_pu,sumP_pu,util,util_min,util_max
  1,  2,   0.0, 0,      0.000000,Optimal,Agg1    , 402,      1.447200,      1.190592,      0.822687,     -0.181859,      0.999996
  1,  2,   0.0, 0,      0.000000,Optimal,Agg2    , 397,      1.429200,      1.199334,      0.839164,     -0.140335,      0.999995
  1,  2,   0.0, 0,      0.000000,Optimal,Agg3    , 417,      1.501200,      1.240490,      0.826332,     -0.079700,      0.999995
  1,  2,  30.0, 0,      0.000000,Optimal,Agg1    , 402,      1.447200,      1.039391,      0.718208,     -0.622203,      0.999879
  1,  2,  30.0, 0,      0.000000,Optimal,Agg2    , 397,      1.429200,      1.079048,      0.755001,     -0.146816,      0.999897
  1,  2,  30.0, 0,      0.000000,Optimal,Agg3    , 417,      1.501200,      1.102159,      0.734185,     -0.586895,      0.999869
  1,  2,  60.0, 0,      0.000000,Optimal,Agg1    , 402,      1.447200,      0.224549,      0.155161,     -0.650324,      0.943936
  1,  2,  60.0, 0,      0.000000,Optimal,Agg2    , 397,      1.429200,      0.220107,      0.154007,     -0.649826,      0.924910
  1,  2,  60.0, 0,      0.000000,Optimal,Agg3    , 417,      1.501200,      0.230170,      0.153324,     -0.655162,      0.968055
  1,  2,  90.0, 0,      0.000000,Optimal,Agg1    , 402,      1.447200,     -0.119318,     -0.082448,     -0.649384,      0.598024
  1,  2,  90.0, 0,      0.000000,Optimal,Agg2    , 397,      1.429200,     -0.117404,     -0.082147,     -0.653736,      0.594924
  1,  2,  90.0, 0,      0.000000,Optimal,Agg3    , 417,      1.501200,     -0.133971,     -0.089243,     -0.648986,      0.557353
  1,  2, 120.0, 0,      0.000000,Optimal,Agg1    , 402,      1.447200,     -0.716622,     -0.495178,     -0.648117,      0.000000
  1,  2, 120.0, 0,      0.000000,Optimal,Agg2    , 397,      1.429200,     -0.700763,     -0.490318,     -0.640617,      0.067222
  1,  2, 120.0, 0,      0.000000,Optimal,Agg3    , 417,      1.501200,     -0.738858,     -0.492178,     -0.639326,      0.098900
  1,  2, 150.0, 0,      0.000000,Optimal,Agg1    , 402,      1.447200,     -0.869934,     -0.601115,     -0.655732,      0.000000
  1,  2, 150.0, 0,      0.000000,Optimal,Agg2    , 397,      1.429200,     -0.856554,     -0.599324,     -0.656006,     -0.030392
  1,  2, 150.0, 0,      0.000000,Optimal,Agg3    , 417,      1.501200,     -0.900704,     -0.599989,     -0.656840,      0.000042
  1,  2, 180.0, 0,      0.000000,Optimal,Agg1    , 402,      1.447200,     -0.869918,     -0.601104,     -0.655721,      0.000056
  1,  2, 180.0, 0,      0.000000,Optimal,Agg2    , 397,      1.429200,     -0.856539,     -0.599314,     -0.655998,     -0.030384
  1,  2, 180.0, 0,      0.000000,Optimal,Agg3    , 417,      1.501200,     -0.900689,     -0.599979,     -0.656832,      0.000056
  1,  2, 210.0, 0,      0.000000,Optimal,Agg1    , 402,      1.447200,     -0.845785,     -0.584428,     -0.655700,      0.000070
  1,  2, 210.0, 0,      0.000000,Optimal,Agg2    , 397,      1.429200,     -0.825816,     -0.577817,     -0.655972,      0.011443
  1,  2, 210.0, 0,      0.000000,Optimal,Agg3    , 417,      1.501200,     -0.869287,     -0.579061,     -0.656797,      0.000083
  1,  2, 240.0, 0,      0.000000,Optimal,Agg1    , 402,      1.447200,     -0.096360,     -0.066583,     -0.649319,      0.980230
  1,  2, 240.0, 0,      0.000000,Optimal,Agg2    , 397,      1.429200,     -0.053943,     -0.037744,     -0.646601,      0.943892
  1,  2, 240.0, 0,      0.000000,Optimal,Agg3    , 417,      1.501200,     -0.081053,     -0.053992,     -0.650772,      0.989593
  1,  2, 270.0, 0,      0.000000,Optimal,Agg1    , 402,      1.447200,      0.134049,      0.092627,     -0.648265,      0.999915
  1,  2, 270.0, 0,      0.000000,Optimal,Agg2    , 397,      1.429200,      0.170056,      0.118987,     -0.650328,      0.963730
  1,  2, 270.0, 0,      0.000000,Optimal,Agg3    , 417,      1.501200,      0.153668,      0.102364,     -0.649373,      0.966398
  1,  2, 300.0, 0,      0.000000,Optimal,Agg1    , 402,      1.447200,      0.567679,      0.392261,     -0.244333,      0.998329
  1,  2, 300.0, 0,      0.000000,Optimal,Agg2    , 397,      1.429200,      0.587856,      0.411318,     -0.070442,      0.996465
  1,  2, 300.0, 0,      0.000000,Optimal,Agg3    , 417,      1.501200,      0.609602,      0.406076,     -0.248316,      0.998179
  1,  2, 330.0, 0,      0.000000,Optimal,Agg1    , 402,      1.447200,      1.023461,      0.707201,     -0.137847,      0.994085
  1,  2, 330.0, 0,      0.000000,Optimal,Agg2    , 397,      1.429200,      1.039972,      0.727660,      0.400793,      0.994132
  1,  2, 330.0, 0,      0.000000,Optimal,Agg3    , 417,      1.501200,      1.076756,      0.717264,     -0.142249,      0.956862
  2,  3,   0.0, 0,      0.000000,Optimal,Agg1    , 402,      1.447200,      1.210632,      0.836534,      0.403370,      0.999999
  2,  3,   0.0, 0,      0.000000,Optimal,Agg2    , 397,      1.429200,      1.213764,      0.849261,     -0.000950,      0.999999
  2,  3,   0.0, 0,      0.000000,Optimal,Agg3    , 417,      1.501200,      1.262938,      0.841286,      0.156485,      0.999999
  2,  3,  30.0, 0,      0.000000,Optimal,Agg1    , 402,      1.447200,      1.065375,      0.736163,     -0.580527,      0.999890
  2,  3,  30.0, 0,      0.000000,Optimal,Agg2    , 397,      1.429200,      1.089412,      0.762253,     -0.306587,      0.999769
  2,  3,  30.0, 0,      0.000000,Optimal,Agg3    , 417,      1.501200,      1.125655,      0.749837,     -0.411827,      0.999870
  2,  3,  60.0, 0,      0.000000,Optimal,Agg1    , 402,      1.447200,      0.264147,      0.182523,     -0.636821,      0.954308
  2,  3,  60.0, 0,      0.000000,Optimal,Agg2    , 397,      1.429200,      0.234905,      0.164361,     -0.636559,      0.932602
  2,  3,  60.0, 0,      0.000000,Optimal,Agg3    , 417,      1.501200,      0.257915,      0.171806,     -0.633380,      0.976832
  2,  3,  90.0, 0,      0.000000,Optimal,Agg1    , 402,      1.447200,     -0.100183,     -0.069225,     -0.621286,      0.962781
  2,  3,  90.0, 0,      0.000000,Optimal,Agg2    , 397,      1.429200,     -0.087853,     -0.061470,     -0.645130,      0.976177
  2,  3,  90.0, 0,      0.000000,Optimal,Agg3    , 417,      1.501200,     -0.115497,     -0.076936,     -0.633489,      0.974834
  2,  3, 120.0, 0,      0.000000,Optimal,Agg1    , 402,      1.447200,     -0.683544,     -0.472322,     -0.643025,      0.021657
  2,  3, 120.0, 0,      0.000000,Optimal,Agg2    , 397,      1.429200,     -0.667309,     -0.466911,     -0.632263,      0.089363
  2,  3, 120.0, 0,      0.000000,Optimal,Agg3    , 417,      1.501200,     -0.706991,     -0.470951,     -0.645764,      0.090184
  2,  3, 150.0, 0,      0.000000,Optimal,Agg1    , 402,      1.447200,     -0.794057,     -0.548685,     -0.645732,      0.000028
  2,  3, 150.0, 0,      0.000000,Optimal,Agg2    , 397,      1.429200,     -0.784996,     -0.549255,     -0.647955,      0.000035
  2,  3, 150.0, 0,      0.000000,Optimal,Agg3    , 417,      1.501200,     -0.828489,     -0.551885,     -0.649621,      0.000036
  2,  3, 180.0, 0,      0.000000,Optimal,Agg1    , 402,      1.447200,     -0.794053,     -0.548682,     -0.645732,      0.000038
  2,  3, 180.0, 0,      0.000000,Optimal,Agg2    , 397,      1.429200,     -0.784993,     -0.549253,     -0.647954,      0.000038
  2,  3, 180.0, 0,      0.000000,Optimal,Agg3    , 417,      1.501200,     -0.828486,     -0.551882,     -0.649621,      0.000038
  2,  3, 210.0, 0,      0.000000,Optimal,Agg1    , 402,      1.447200,     -0.772179,     -0.533568,     -0.645730,      0.102503
  2,  3, 210.0, 0,      0.000000,Optimal,Agg2    , 397,      1.429200,     -0.756944,     -0.529628,     -0.647952,      0.100124
  2,  3, 210.0, 0,      0.000000,Optimal,Agg3    , 417,      1.501200,     -0.801484,     -0.533896,     -0.649615,      0.007720
  2,  3, 240.0, 0,      0.000000,Optimal,Agg1    , 402,      1.447200,     -0.063131,     -0.043623,     -0.634738,      0.936542
  2,  3, 240.0, 0,      0.000000,Optimal,Agg2    , 397,      1.429200,     -0.025898,     -0.018121,     -0.637136,      0.983977
  2,  3, 240.0, 0,      0.000000,Optimal,Agg3    , 417,      1.501200,     -0.041911,     -0.027918,     -0.613661,      0.992979
  2,  3, 270.0, 0,      0.000000,Optimal,Agg1    , 402,      1.447200,      0.159426,      0.110162,     -0.623168,      0.999914
  2,  3, 270.0, 0,      0.000000,Optimal,Agg2    , 397,      1.429200,      0.191949,      0.134305,     -0.636950,      0.988083
  2,  3, 270.0, 0,      0.000000,Optimal,Agg3    , 417,      1.501200,      0.183419,      0.122182,     -0.635307,      0.986784
  2,  3, 300.0, 0,      0.000000,Optimal,Agg1    , 402,      1.447200,      0.588237,      0.406466,     -0.594619,      0.823829
  2,  3, 300.0, 0,      0.000000,Optimal,Agg2    , 397,      1.429200,      0.600924,      0.420462,     -0.050333,      0.858790
  2,  3, 300.0, 0,      0.000000,Optimal,Agg3    , 417,      1.501200,      0.623912,      0.415609,     -0.462805,      0.741251
  2,  3, 330.0, 0,      0.000000,Optimal,Agg1    , 402,      1.447200,      1.045617,      0.722510,      0.396805,      0.991799
  2,  3, 330.0, 0,      0.000000,Optimal,Agg2    , 397,      1.429200,      1.054483,      0.737814,      0.349779,      0.990907
  2,  3, 330.0, 0,      0.000000,Optimal,Agg3    , 417,      1.501200,      1.096224,      0.730232,      0.323896,      0.939097
  3,  4,   0.0, 0,      0.000000,Optimal,Agg1    , 402,      1.447200,      1.214309,      0.839075,      0.413453,      0.999992
  3,  4,   0.0, 0,      0.000000,Optimal,Agg2    , 397,      1.429200,      1.215940,      0.850784,     -0.043778,      0.999991
  3,  4,   0.0, 0,      0.000000,Optimal,Agg3    , 417,      1.501200,      1.264875,      0.842576,      0.143735,      0.999991
  3,  4,  30.0, 0,      0.000000,Optimal,Agg1    , 402,      1.447200,      1.067113,      0.737364,     -0.573058,      0.999949
  3,  4,  30.0, 0,      0.000000,Optimal,Agg2    , 397,      1.429200,      1.092018,      0.764077,     -0.125720,      0.999938
  3,  4,  30.0, 0,      0.000000,Optimal,Agg3    , 417,      1.501200,      1.130182,      0.752853,     -0.467452,      0.999745
  3,  4,  60.0, 0,      0.000000,Optimal,Agg1    , 402,      1.447200,      0.269652,      0.186327,     -0.622763,      0.959050
  3,  4,  60.0, 0,      0.000000,Optimal,Agg2    , 397,      1.429200,      0.247576,      0.173227,     -0.627375,      0.930508
  3,  4,  60.0, 0,      0.000000,Optimal,Agg3    , 417,      1.501200,      0.255798,      0.170395,     -0.617729,      0.973271
  3,  4,  90.0, 0,      0.000000,Optimal,Agg1    , 402,      1.447200,     -0.098604,     -0.068135,     -0.587764,      0.954510
  3,  4,  90.0, 0,      0.000000,Optimal,Agg2    , 397,      1.429200,     -0.083903,     -0.058707,     -0.603261,      0.989892
  3,  4,  90.0, 0,      0.000000,Optimal,Agg3    , 417,      1.501200,     -0.114961,     -0.076580,     -0.587204,      0.969203
  3,  4, 120.0, 0,      0.000000,Optimal,Agg1    , 402,      1.447200,     -0.666392,     -0.460470,     -0.624915,      0.041289
  3,  4, 120.0, 0,      0.000000,Optimal,Agg2    , 397,      1.429200,     -0.649517,     -0.454462,     -0.616582,      0.066379
  3,  4, 120.0, 0,      0.000000,Optimal,Agg3    , 417,      1.501200,     -0.687320,     -0.457847,     -0.639889,      0.066883
  3,  4, 150.0, 0,      0.000000,Optimal,Agg1    , 402,      1.447200,     -0.738130,     -0.510040,     -0.636574,      0.000000
  3,  4, 150.0, 0,      0.000000,Optimal,Agg2    , 397,      1.429200,     -0.726115,     -0.508057,     -0.639909,      0.000000
  3,  4, 150.0, 0,      0.000000,Optimal,Agg3    , 417,      1.501200,     -0.770447,     -0.513221,     -0.639911,      0.000000
  3,  4, 180.0, 0,      0.000000,Optimal,Agg1    , 402,      1.447200,     -0.738106,     -0.510024,     -0.636560,      0.000046
  3,  4, 180.0, 0,      0.000000,Optimal,Agg2    , 397,      1.429200,     -0.726091,     -0.508040,     -0.639894,      0.000046
  3,  4, 180.0, 0,      0.000000,Optimal,Agg3    , 417,      1.501200,     -0.770423,     -0.513205,     -0.639894,      0.000046
  3,  4, 210.0, 0,      0.000000,Optimal,Agg1    , 402,      1.447200,     -0.718899,     -0.496752,     -0.636567,      0.000098
  3,  4, 210.0, 0,      0.000000,Optimal,Agg2    , 397,      1.429200,     -0.701037,     -0.490510,     -0.639900,      0.000065
  3,  4, 210.0, 0,      0.000000,Optimal,Agg3    , 417,      1.501200,     -0.745813,     -0.496811,     -0.636568,      0.004448
  3,  4, 240.0, 0,      0.000000,Optimal,Agg1    , 402,      1.447200,     -0.048614,     -0.033591,     -0.623832,      0.937810
  3,  4, 240.0, 0,      0.000000,Optimal,Agg2    , 397,      1.429200,     -0.009953,     -0.006964,     -0.623899,      0.980081
  3,  4, 240.0, 0,      0.000000,Optimal,Agg3    , 417,      1.501200,     -0.031401,     -0.020917,     -0.596184,      0.994511
  3,  4, 270.0, 0,      0.000000,Optimal,Agg1    , 402,      1.447200,      0.163805,      0.113187,     -0.586651,      0.999859
  3,  4, 270.0, 0,      0.000000,Optimal,Agg2    , 397,      1.429200,      0.197515,      0.138200,     -0.623168,      0.970656
  3,  4, 270.0, 0,      0.000000,Optimal,Agg3    , 417,      1.501200,      0.185521,      0.123582,     -0.620760,      0.978486
  3,  4, 300.0, 0,      0.000000,Optimal,Agg1    , 402,      1.447200,      0.589514,      0.407348,     -0.072013,      0.728164
  3,  4, 300.0, 0,      0.000000,Optimal,Agg2    , 397,      1.429200,      0.600857,      0.420415,     -0.047019,      0.716324
  3,  4, 300.0, 0,      0.000000,Optimal,Agg3    , 417,      1.501200,      0.630019,      0.419677,     -0.037815,      0.756463
  3,  4, 330.0, 0,      0.000000,Optimal,Agg1    , 402,      1.447200,      1.047368,      0.723721,      0.350742,      0.965297
  3,  4, 330.0, 0,      0.000000,Optimal,Agg2    , 397,      1.429200,      1.056706,      0.739369,      0.350376,      0.964667
  3,  4, 330.0, 0,      0.000000,Optimal,Agg3    , 417,      1.501200,      1.099120,      0.732161,      0.320064,      0.935619
  4,  5,   0.0, 0,      0.000000,Optimal,Agg1    , 402,      1.447200,      1.222672,      0.844854,      0.428717,      0.999994
  4,  5,   0.0, 0,      0.000000,Optimal,Agg2    , 397,      1.429200,      1.221145,      0.854425,     -0.086696,      0.999994
  4,  5,   0.0, 0,      0.000000,Optimal,Agg3    , 417,      1.501200,      1.272814,      0.847865,     -0.201397,      0.999994
  4,  5,  30.0, 0,      0.000000,Optimal,Agg1    , 402,      1.447200,      1.074115,      0.742202,     -0.548799,      0.999950
  4,  5,  30.0, 0,      0.000000,Optimal,Agg2    , 397,      1.429200,      1.101500,      0.770711,     -0.244500,      0.999955
  4,  5,  30.0, 0,      0.000000,Optimal,Agg3    , 417,      1.501200,      1.133836,      0.755286,     -0.408764,      0.999871
  4,  5,  60.0, 0,      0.000000,Optimal,Agg1    , 402,      1.447200,      0.272277,      0.188141,     -0.609236,      0.952375
  4,  5,  60.0, 0,      0.000000,Optimal,Agg2    , 397,      1.429200,      0.260314,      0.182140,     -0.580139,      0.928990
  4,  5,  60.0, 0,      0.000000,Optimal,Agg3    , 417,      1.501200,      0.269612,      0.179598,     -0.604385,      0.972987
  4,  5,  90.0, 0,      0.000000,Optimal,Agg1    , 402,      1.447200,     -0.090073,     -0.062239,     -0.563981,      0.944937
  4,  5,  90.0, 0,      0.000000,Optimal,Agg2    , 397,      1.429200,     -0.073580,     -0.051483,     -0.578660,      0.987266
  4,  5,  90.0, 0,      0.000000,Optimal,Agg3    , 417,      1.501200,     -0.103176,     -0.068729,     -0.568282,      0.961742
  4,  5, 120.0, 0,      0.000000,Optimal,Agg1    , 402,      1.447200,     -0.644220,     -0.445149,     -0.611848,      0.034040
  4,  5, 120.0, 0,      0.000000,Optimal,Agg2    , 397,      1.429200,     -0.629877,     -0.440720,     -0.606056,      0.035363
  4,  5, 120.0, 0,      0.000000,Optimal,Agg3    , 417,      1.501200,     -0.661017,     -0.440326,     -0.631792,      0.034807
  4,  5, 150.0, 0,      0.000000,Optimal,Agg1    , 402,      1.447200,     -0.684693,     -0.473116,     -0.625176,      0.000036
  4,  5, 150.0, 0,      0.000000,Optimal,Agg2    , 397,      1.429200,     -0.674661,     -0.472055,     -0.631843,      0.000038
  4,  5, 150.0, 0,      0.000000,Optimal,Agg3    , 417,      1.501200,     -0.714833,     -0.476174,     -0.631847,      0.000044
  4,  5, 180.0, 0,      0.000000,Optimal,Agg1    , 402,      1.447200,     -0.684694,     -0.473116,     -0.625178,      0.000036
  4,  5, 180.0, 0,      0.000000,Optimal,Agg2    , 397,      1.429200,     -0.674662,     -0.472056,     -0.631845,      0.000036
  4,  5, 180.0, 0,      0.000000,Optimal,Agg3    , 417,      1.501200,     -0.714834,     -0.476175,     -0.631845,      0.000036
  4,  5, 210.0, 0,      0.000000,Optimal,Agg1    , 402,      1.447200,     -0.668005,     -0.461584,     -0.625179,      0.000108
  4,  5, 210.0, 0,      0.000000,Optimal,Agg2    , 397,      1.429200,     -0.651079,     -0.455555,     -0.631840,      0.002910
  4,  5, 210.0, 0,      0.000000,Optimal,Agg3    , 417,      1.501200,     -0.691970,     -0.460944,     -0.620730,      0.000237
  4,  5, 240.0, 0,      0.000000,Optimal,Agg1    , 402,      1.447200,     -0.036492,     -0.025215,     -0.610210,      0.944256
  4,  5, 240.0, 0,      0.000000,Optimal,Agg2    , 397,      1.429200,      0.008442,      0.005907,     -0.605777,      0.970797
  4,  5, 240.0, 0,      0.000000,Optimal,Agg3    , 417,      1.501200,     -0.022472,     -0.014970,     -0.592405,      0.987366
  4,  5, 270.0, 0,      0.000000,Optimal,Agg1    , 402,      1.447200,      0.172495,      0.119192,     -0.568502,      0.999924
  4,  5, 270.0, 0,      0.000000,Optimal,Agg2    , 397,      1.429200,      0.207346,      0.145078,     -0.587397,      0.976777
  4,  5, 270.0, 0,      0.000000,Optimal,Agg3    , 417,      1.501200,      0.193959,      0.129203,     -0.607676,      0.980514
  4,  5, 300.0, 0,      0.000000,Optimal,Agg1    , 402,      1.447200,      0.595900,      0.411761,     -0.069617,      0.708178
  4,  5, 300.0, 0,      0.000000,Optimal,Agg2    , 397,      1.429200,      0.604395,      0.422890,     -0.034641,      0.715742
  4,  5, 300.0, 0,      0.000000,Optimal,Agg3    , 417,      1.501200,      0.636459,      0.423967,     -0.019389,      0.735591
  4,  5, 330.0, 0,      0.000000,Optimal,Agg1    , 402,      1.447200,      1.055368,      0.729248,      0.450757,      0.969791
  4,  5, 330.0, 0,      0.000000,Optimal,Agg2    , 397,      1.429200,      1.061052,      0.742410,      0.084899,      0.969852
  4,  5, 330.0, 0,      0.000000,Optimal,Agg3    , 417,      1.501200,      1.106093,      0.736806,      0.008433,      0.940702
  5,  6,   0.0, 0,      0.000000,Optimal,Agg1    , 402,      1.447200,      1.223733,      0.845587,      0.421117,      0.999999
  5,  6,   0.0, 0,      0.000000,Optimal,Agg2    , 397,      1.429200,      1.222603,      0.855446,     -0.000405,      0.999998
  5,  6,   0.0, 0,      0.000000,Optimal,Agg3    , 417,      1.501200,      1.273847,      0.848553,      0.071855,      0.999998
  5,  6,  30.0, 0,      0.000000,Optimal,Agg1    , 402,      1.447200,      1.076694,      0.743984,     -0.516901,      0.999972
  5,  6,  30.0, 0,      0.000000,Optimal,Agg2    , 397,      1.429200,      1.098921,      0.768906,     -0.194564,      0.999901
  5,  6,  30.0, 0,      0.000000,Optimal,Agg3    , 417,      1.501200,      1.134047,      0.755427,     -0.421241,      0.999961
  5,  6,  60.0, 0,      0.000000,Optimal,Agg1    , 402,      1.447200,      0.274339,      0.189565,     -0.593821,      0.948356
  5,  6,  60.0, 0,      0.000000,Optimal,Agg2    , 397,      1.429200,      0.260930,      0.182570,     -0.572121,      0.924399
  5,  6,  60.0, 0,      0.000000,Optimal,Agg3    , 417,      1.501200,      0.275036,      0.183211,     -0.588914,      0.966203
  5,  6,  90.0, 0,      0.000000,Optimal,Agg1    , 402,      1.447200,     -0.086192,     -0.059557,     -0.540187,      0.940675
  5,  6,  90.0, 0,      0.000000,Optimal,Agg2    , 397,      1.429200,     -0.073701,     -0.051568,     -0.569204,      0.965588
  5,  6,  90.0, 0,      0.000000,Optimal,Agg3    , 417,      1.501200,     -0.098879,     -0.065867,     -0.579972,      0.953339
  5,  6, 120.0, 0,      0.000000,Optimal,Agg1    , 402,      1.447200,     -0.615093,     -0.425023,     -0.614663,      0.001218
  5,  6, 120.0, 0,      0.000000,Optimal,Agg2    , 397,      1.429200,     -0.601942,     -0.421174,     -0.622998,      0.001219
  5,  6, 120.0, 0,      0.000000,Optimal,Agg3    , 417,      1.501200,     -0.630911,     -0.420271,     -0.623725,      0.001218
  5,  6, 150.0, 0,      0.000000,Optimal,Agg1    , 402,      1.447200,     -0.636455,     -0.439784,     -0.615469,      0.000000
  5,  6, 150.0, 0,      0.000000,Optimal,Agg2    , 397,      1.429200,     -0.627206,     -0.438851,     -0.623803,      0.000000
  5,  6, 150.0, 0,      0.000000,Optimal,Agg3    , 417,      1.501200,     -0.664907,     -0.442917,     -0.623804,      0.000000
  5,  6, 180.0, 0,      0.000000,Optimal,Agg1    , 402,      1.447200,     -0.636446,     -0.439777,     -0.615462,      0.000000
  5,  6, 180.0, 0,      0.000000,Optimal,Agg2    , 397,      1.429200,     -0.627197,     -0.438845,     -0.623796,      0.000000
  5,  6, 180.0, 0,      0.000000,Optimal,Agg3    , 417,      1.501200,     -0.664897,     -0.442910,     -0.623795,      0.000000
  5,  6, 210.0, 0,      0.000000,Optimal,Agg1    , 402,      1.447200,     -0.622809,     -0.430354,     -0.615471,      0.005811
  5,  6, 210.0, 0,      0.000000,Optimal,Agg2    , 397,      1.429200,     -0.607938,     -0.425370,     -0.623801,      0.000215
  5,  6, 210.0, 0,      0.000000,Optimal,Agg3    , 417,      1.501200,     -0.646612,     -0.430730,     -0.609914,      0.011528
  5,  6, 240.0, 0,      0.000000,Optimal,Agg1    , 402,      1.447200,     -0.023009,     -0.015899,     -0.597742,      0.951734
  5,  6, 240.0, 0,      0.000000,Optimal,Agg2    , 397,      1.429200,      0.016715,      0.011695,     -0.595275,      0.989524
  5,  6, 240.0, 0,      0.000000,Optimal,Agg3    , 417,      1.501200,     -0.010957,     -0.007299,     -0.594075,      0.995481
  5,  6, 270.0, 0,      0.000000,Optimal,Agg1    , 402,      1.447200,      0.177501,      0.122651,     -0.555105,      0.999940
  5,  6, 270.0, 0,      0.000000,Optimal,Agg2    , 397,      1.429200,      0.207148,      0.144940,     -0.574015,      0.985021
  5,  6, 270.0, 0,      0.000000,Optimal,Agg3    , 417,      1.501200,      0.197382,      0.131483,     -0.593611,      0.988221
  5,  6, 300.0, 0,      0.000000,Optimal,Agg1    , 402,      1.447200,      0.596040,      0.411857,     -0.077977,      0.872767
  5,  6, 300.0, 0,      0.000000,Optimal,Agg2    , 397,      1.429200,      0.607416,      0.425004,     -0.039979,      0.765331
  5,  6, 300.0, 0,      0.000000,Optimal,Agg3    , 417,      1.501200,      0.637078,      0.424379,     -0.015928,      0.775522
  5,  6, 330.0, 0,      0.000000,Optimal,Agg1    , 402,      1.447200,      1.055205,      0.729136,      0.373721,      0.973722
  5,  6, 330.0, 0,      0.000000,Optimal,Agg2    , 397,      1.429200,      1.063178,      0.743897,      0.383192,      0.979518
  5,  6, 330.0, 0,      0.000000,Optimal,Agg3    , 417,      1.501200,      1.107525,      0.737760,      0.357643,      0.938243
  6,  7,   0.0, 0,      0.000000,Optimal,Agg1    , 402,      1.447200,      1.222572,      0.844784,      0.426720,      0.999998
  6,  7,   0.0, 0,      0.000000,Optimal,Agg2    , 397,      1.429200,      1.222266,      0.855210,     -0.036902,      0.999998
  6,  7,   0.0, 0,      0.000000,Optimal,Agg3    , 417,      1.501200,      1.274090,      0.848714,      0.031120,      0.999998
  6,  7,  30.0, 0,      0.000000,Optimal,Agg1    , 402,      1.447200,      1.077751,      0.744715,     -0.484923,      0.999978
  6,  7,  30.0, 0,      0.000000,Optimal,Agg2    , 397,      1.429200,      1.100789,      0.770214,     -0.163695,      0.999913
  6,  7,  30.0, 0,      0.000000,Optimal,Agg3    , 417,      1.501200,      1.136222,      0.756876,     -0.431068,      0.999862
  6,  7,  60.0, 0,      0.000000,Optimal,Agg1    , 402,      1.447200,      0.274901,      0.189954,     -0.581137,      0.945667
  6,  7,  60.0, 0,      0.000000,Optimal,Agg2    , 397,      1.429200,      0.254267,      0.177908,     -0.559416,      0.918941
  6,  7,  60.0, 0,      0.000000,Optimal,Agg3    , 417,      1.501200,      0.274745,      0.183017,     -0.575219,      0.962254
  6,  7,  90.0, 0,      0.000000,Optimal,Agg1    , 402,      1.447200,     -0.088249,     -0.060979,     -0.526289,      0.979919
  6,  7,  90.0, 0,      0.000000,Optimal,Agg2    , 397,      1.429200,     -0.074369,     -0.052036,     -0.559750,      0.962063
  6,  7,  90.0, 0,      0.000000,Optimal,Agg3    , 417,      1.501200,     -0.097236,     -0.064772,     -0.581860,      0.961492
  6,  7, 120.0, 0,      0.000000,Optimal,Agg1    , 402,      1.447200,     -0.574697,     -0.397109,     -0.605533,      0.010615
  6,  7, 120.0, 0,      0.000000,Optimal,Agg2    , 397,      1.429200,     -0.557424,     -0.390025,     -0.615534,      0.009946
  6,  7, 120.0, 0,      0.000000,Optimal,Agg3    , 417,      1.501200,     -0.588663,     -0.392128,     -0.615670,      0.013397
  6,  7, 150.0, 0,      0.000000,Optimal,Agg1    , 402,      1.447200,     -0.591585,     -0.408779,     -0.605726,      0.000047
  6,  7, 150.0, 0,      0.000000,Optimal,Agg2    , 397,      1.429200,     -0.578483,     -0.404760,     -0.615726,      0.000047
  6,  7, 150.0, 0,      0.000000,Optimal,Agg3    , 417,      1.501200,     -0.616711,     -0.410812,     -0.615730,      0.000059
  6,  7, 180.0, 0,      0.000000,Optimal,Agg1    , 402,      1.447200,     -0.591605,     -0.408793,     -0.605739,      0.000000
  6,  7, 180.0, 0,      0.000000,Optimal,Agg2    , 397,      1.429200,     -0.578503,     -0.404774,     -0.615739,      0.000000
  6,  7, 180.0, 0,      0.000000,Optimal,Agg3    , 417,      1.501200,     -0.616733,     -0.410827,     -0.615739,      0.000000
  6,  7, 210.0, 0,      0.000000,Optimal,Agg1    , 402,      1.447200,     -0.580272,     -0.400962,     -0.605733,      0.000116
  6,  7, 210.0, 0,      0.000000,Optimal,Agg2    , 397,      1.429200,     -0.560773,     -0.392368,     -0.615722,      0.014260
  6,  7, 210.0, 0,      0.000000,Optimal,Agg3    , 417,      1.501200,     -0.600197,     -0.399811,     -0.615586,      0.000321
  6,  7, 240.0, 0,      0.000000,Optimal,Agg1    , 402,      1.447200,     -0.014905,     -0.010299,     -0.585221,      0.941170
  6,  7, 240.0, 0,      0.000000,Optimal,Agg2    , 397,      1.429200,      0.024172,      0.016913,     -0.582055,      0.951113
  6,  7, 240.0, 0,      0.000000,Optimal,Agg3    , 417,      1.501200,     -0.005938,     -0.003955,     -0.583576,      0.992412
  6,  7, 270.0, 0,      0.000000,Optimal,Agg1    , 402,      1.447200,      0.175310,      0.121137,     -0.534273,      0.999893
  6,  7, 270.0, 0,      0.000000,Optimal,Agg2    , 397,      1.429200,      0.207320,      0.145060,     -0.560845,      0.976188
  6,  7, 270.0, 0,      0.000000,Optimal,Agg3    , 417,      1.501200,      0.194773,      0.129745,     -0.580130,      0.985356
  6,  7, 300.0, 0,      0.000000,Optimal,Agg1    , 402,      1.447200,      0.595093,      0.411203,     -0.073631,      0.706098
  6,  7, 300.0, 0,      0.000000,Optimal,Agg2    , 397,      1.429200,      0.607550,      0.425098,     -0.019801,      0.742954
  6,  7, 300.0, 0,      0.000000,Optimal,Agg3    , 417,      1.501200,      0.637221,      0.424475,     -0.014372,      0.731592
  6,  7, 330.0, 0,      0.000000,Optimal,Agg1    , 402,      1.447200,      1.055533,      0.729362,      0.439134,      0.983575
  6,  7, 330.0, 0,      0.000000,Optimal,Agg2    , 397,      1.429200,      1.062279,      0.743268,      0.255440,      0.983271
  6,  7, 330.0, 0,      0.000000,Optimal,Agg3    , 417,      1.501200,      1.107417,      0.737688,      0.240399,      0.939262
  7,  8,   0.0, 0,      0.000000,Optimal,Agg1    , 402,      1.447200,      1.223283,      0.845275,      0.410981,      0.999995
  7,  8,   0.0, 0,      0.000000,Optimal,Agg2    , 397,      1.429200,      1.221070,      0.854373,      0.003219,      0.999995
  7,  8,   0.0, 0,      0.000000,Optimal,Agg3    , 417,      1.501200,      1.272780,      0.847842,      0.008628,      0.999994
  7,  8,  30.0, 0,      0.000000,Optimal,Agg1    , 402,      1.447200,      1.075649,      0.743262,     -0.475297,      0.999907
  7,  8,  30.0, 0,      0.000000,Optimal,Agg2    , 397,      1.429200,      1.099930,      0.769613,     -0.254823,      0.999966
  7,  8,  30.0, 0,      0.000000,Optimal,Agg3    , 417,      1.501200,      1.134844,      0.755958,     -0.410191,      0.999881
  7,  8,  60.0, 0,      0.000000,Optimal,Agg1    , 402,      1.447200,      0.272693,      0.188428,     -0.566482,      0.940715
  7,  8,  60.0, 0,      0.000000,Optimal,Agg2    , 397,      1.429200,      0.254206,      0.177866,     -0.556893,      0.913469
  7,  8,  60.0, 0,      0.000000,Optimal,Agg3    , 417,      1.501200,      0.271691,      0.180983,     -0.569345,      0.956801
  7,  8,  90.0, 0,      0.000000,Optimal,Agg1    , 402,      1.447200,     -0.087271,     -0.060303,     -0.492581,      0.752042
  7,  8,  90.0, 0,      0.000000,Optimal,Agg2    , 397,      1.429200,     -0.071535,     -0.050053,     -0.550271,      0.749775
  7,  8,  90.0, 0,      0.000000,Optimal,Agg3    , 417,      1.501200,     -0.095879,     -0.063868,     -0.552889,      0.774389
  7,  8, 120.0, 0,      0.000000,Optimal,Agg1    , 402,      1.447200,     -0.529819,     -0.366099,     -0.595861,      0.049874
  7,  8, 120.0, 0,      0.000000,Optimal,Agg2    , 397,      1.429200,     -0.513783,     -0.359490,     -0.607529,      0.049521
  7,  8, 120.0, 0,      0.000000,Optimal,Agg3    , 417,      1.501200,     -0.545396,     -0.363306,     -0.607610,      0.050080
  7,  8, 150.0, 0,      0.000000,Optimal,Agg1    , 402,      1.447200,     -0.543545,     -0.375584,     -0.595998,      0.000055
  7,  8, 150.0, 0,      0.000000,Optimal,Agg2    , 397,      1.429200,     -0.532491,     -0.372580,     -0.607665,      0.000070
  7,  8, 150.0, 0,      0.000000,Optimal,Agg3    , 417,      1.501200,     -0.569448,     -0.379328,     -0.607669,      0.000071
  7,  8, 180.0, 0,      0.000000,Optimal,Agg1    , 402,      1.447200,     -0.543568,     -0.375600,     -0.596014,      0.000032
  7,  8, 180.0, 0,      0.000000,Optimal,Agg2    , 397,      1.429200,     -0.532515,     -0.372596,     -0.607681,      0.000032
  7,  8, 180.0, 0,      0.000000,Optimal,Agg3    , 417,      1.501200,     -0.569473,     -0.379345,     -0.607681,      0.000032
  7,  8, 210.0, 0,      0.000000,Optimal,Agg1    , 402,      1.447200,     -0.533736,     -0.368806,     -0.595994,      0.033733
  7,  8, 210.0, 0,      0.000000,Optimal,Agg2    , 397,      1.429200,     -0.516679,     -0.361516,     -0.607641,      0.029918
  7,  8, 210.0, 0,      0.000000,Optimal,Agg3    , 417,      1.501200,     -0.556286,     -0.370561,     -0.607483,      0.000435
  7,  8, 240.0, 0,      0.000000,Optimal,Agg1    , 402,      1.447200,     -0.009007,     -0.006223,     -0.571812,      0.938369
  7,  8, 240.0, 0,      0.000000,Optimal,Agg2    , 397,      1.429200,      0.027902,      0.019523,     -0.568407,      0.978218
  7,  8, 240.0, 0,      0.000000,Optimal,Agg3    , 417,      1.501200,      0.002969,      0.001978,     -0.569815,      0.990079
  7,  8, 270.0, 0,      0.000000,Optimal,Agg1    , 402,      1.447200,      0.172447,      0.119159,     -0.507565,      0.999866
  7,  8, 270.0, 0,      0.000000,Optimal,Agg2    , 397,      1.429200,      0.206319,      0.144360,     -0.543290,      0.980859
  7,  8, 270.0, 0,      0.000000,Optimal,Agg3    , 417,      1.501200,      0.199044,      0.132590,     -0.565523,      0.985654
  7,  8, 300.0, 0,      0.000000,Optimal,Agg1    , 402,      1.447200,      0.595832,      0.411714,     -0.072279,      0.707034
  7,  8, 300.0, 0,      0.000000,Optimal,Agg2    , 397,      1.429200,      0.604443,      0.422924,     -0.008557,      0.715181
  7,  8, 300.0, 0,      0.000000,Optimal,Agg3    , 417,      1.501200,      0.637352,      0.424562,     -0.017763,      0.734900
  7,  8, 330.0, 0,      0.000000,Optimal,Agg1    , 402,      1.447200,      1.055655,      0.729446,      0.429859,      0.963734
  7,  8, 330.0, 0,      0.000000,Optimal,Agg2    , 397,      1.429200,      1.060762,      0.742207,      0.138030,      0.963674
  7,  8, 330.0, 0,      0.000000,Optimal,Agg3    , 417,      1.501200,      1.105944,      0.736707,      0.129472,      0.937253
  8,  9,   0.0, 0,      0.000000,Optimal,Agg1    , 402,      1.447200,      1.236277,      0.854255,      0.441185,      0.999997
  8,  9,   0.0, 0,      0.000000,Optimal,Agg2    , 397,      1.429200,      1.234427,      0.863719,      0.000679,      0.999998
  8,  9,   0.0, 0,      0.000000,Optimal,Agg3    , 417,      1.501200,      1.286922,      0.857262,      0.072512,      0.999997
  8,  9,  30.0, 0,      0.000000,Optimal,Agg1    , 402,      1.447200,      1.088698,      0.752279,     -0.347229,      0.999943
  8,  9,  30.0, 0,      0.000000,Optimal,Agg2    , 397,      1.429200,      1.109333,      0.776191,     -0.244493,      0.999954
  8,  9,  30.0, 0,      0.000000,Optimal,Agg3    , 417,      1.501200,      1.150709,      0.766526,     -0.359318,      0.999811
  8,  9,  60.0, 0,      0.000000,Optimal,Agg1    , 402,      1.447200,      0.294874,      0.203755,     -0.555356,      0.942251
  8,  9,  60.0, 0,      0.000000,Optimal,Agg2    , 397,      1.429200,      0.270123,      0.189003,     -0.546597,      0.924277
  8,  9,  60.0, 0,      0.000000,Optimal,Agg3    , 417,      1.501200,      0.291700,      0.194311,     -0.569528,      0.957908
  8,  9,  90.0, 0,      0.000000,Optimal,Agg1    , 402,      1.447200,     -0.072837,     -0.050330,     -0.477413,      0.631141
  8,  9,  90.0, 0,      0.000000,Optimal,Agg2    , 397,      1.429200,     -0.060378,     -0.042246,     -0.500609,      0.607250
  8,  9,  90.0, 0,      0.000000,Optimal,Agg3    , 417,      1.501200,     -0.081294,     -0.054153,     -0.537879,      0.644690
  8,  9, 120.0, 0,      0.000000,Optimal,Agg1    , 402,      1.447200,     -0.484179,     -0.334562,     -0.587122,      0.104602
  8,  9, 120.0, 0,      0.000000,Optimal,Agg2    , 397,      1.429200,     -0.466865,     -0.326662,     -0.600218,      0.105578
  8,  9, 120.0, 0,      0.000000,Optimal,Agg3    , 417,      1.501200,     -0.502641,     -0.334826,     -0.600517,      0.106805
  8,  9, 150.0, 0,      0.000000,Optimal,Agg1    , 402,      1.447200,     -0.496718,     -0.343227,     -0.587247,      0.000033
  8,  9, 150.0, 0,      0.000000,Optimal,Agg2    , 397,      1.429200,     -0.484175,     -0.338774,     -0.600341,      0.000043
  8,  9, 150.0, 0,      0.000000,Optimal,Agg3    , 417,      1.501200,     -0.524562,     -0.349428,     -0.600582,      0.000043
  8,  9, 180.0, 0,      0.000000,Optimal,Agg1    , 402,      1.447200,     -0.496719,     -0.343228,     -0.587248,      0.000031
  8,  9, 180.0, 0,      0.000000,Optimal,Agg2    , 397,      1.429200,     -0.484177,     -0.338775,     -0.600343,      0.000031
  8,  9, 180.0, 0,      0.000000,Optimal,Agg3    , 417,      1.501200,     -0.524564,     -0.349430,     -0.600582,      0.000031
  8,  9, 210.0, 0,      0.000000,Optimal,Agg1    , 402,      1.447200,     -0.488785,     -0.337745,     -0.587254,      0.000076
  8,  9, 210.0, 0,      0.000000,Optimal,Agg2    , 397,      1.429200,     -0.469032,     -0.328178,     -0.600342,      0.021879
  8,  9, 210.0, 0,      0.000000,Optimal,Agg3    , 417,      1.501200,     -0.513116,     -0.341804,     -0.600522,      0.000149
  8,  9, 240.0, 0,      0.000000,Optimal,Agg1    , 402,      1.447200,      0.016168,      0.011172,     -0.559693,      0.949945
  8,  9, 240.0, 0,      0.000000,Optimal,Agg2    , 397,      1.429200,      0.057841,      0.040471,     -0.555895,      0.985559
  8,  9, 240.0, 0,      0.000000,Optimal,Agg3    , 417,      1.501200,      0.030111,      0.020058,     -0.558080,      0.993260
  8,  9, 270.0, 0,      0.000000,Optimal,Agg1    , 402,      1.447200,      0.192223,      0.132824,     -0.495813,      0.999885
  8,  9, 270.0, 0,      0.000000,Optimal,Agg2    , 397,      1.429200,      0.223610,      0.156458,     -0.512218,      0.980774
  8,  9, 270.0, 0,      0.000000,Optimal,Agg3    , 417,      1.501200,      0.214471,      0.142866,     -0.553282,      0.988042
  8,  9, 300.0, 0,      0.000000,Optimal,Agg1    , 402,      1.447200,      0.607838,      0.420009,     -0.054886,      0.878104
  8,  9, 300.0, 0,      0.000000,Optimal,Agg2    , 397,      1.429200,      0.616699,      0.431499,      0.019150,      0.874277
  8,  9, 300.0, 0,      0.000000,Optimal,Agg3    , 417,      1.501200,      0.647183,      0.431110,      0.006794,      0.858852
  8,  9, 330.0, 0,      0.000000,Optimal,Agg1    , 402,      1.447200,      1.071933,      0.740694,      0.413562,      0.962989
  8,  9, 330.0, 0,      0.000000,Optimal,Agg2    , 397,      1.429200,      1.076696,      0.753356,      0.258256,      0.960657
  8,  9, 330.0, 0,      0.000000,Optimal,Agg3    , 417,      1.501200,      1.123574,      0.748451,      0.240928,      0.958661
  9, 10,   0.0, 0,      0.000000,Optimal,Agg1    , 402,      1.447200,      1.266584,      0.875196,      0.500584,      0.999997
  9, 10,   0.0, 0,      0.000000,Optimal,Agg2    , 397,      1.429200,      1.260809,      0.882178,      0.359237,      0.999997
  9, 10,   0.0, 0,      0.000000,Optimal,Agg3    , 417,      1.501200,      1.319662,      0.879072,      0.110543,      0.999997
  9, 10,  30.0, 0,      0.000000,Optimal,Agg1    , 402,      1.447200,      1.123123,      0.776066,     -0.236373,      0.999950
  9, 10,  30.0, 0,      0.000000,Optimal,Agg2    , 397,      1.429200,      1.133316,      0.792973,     -0.138816,      0.999919
  9, 10,  30.0, 0,      0.000000,Optimal,Agg3    , 417,      1.501200,      1.181538,      0.787063,     -0.284517,      0.999932
  9, 10,  60.0, 0,      0.000000,Optimal,Agg1    , 402,      1.447200,      0.333624,      0.230530,     -0.549370,      0.943876
  9, 10,  60.0, 0,      0.000000,Optimal,Agg2    , 397,      1.429200,      0.319244,      0.223372,     -0.535671,      0.936742
  9, 10,  60.0, 0,      0.000000,Optimal,Agg3    , 417,      1.501200,      0.335137,      0.223246,     -0.553495,      0.959057
  9, 10,  90.0, 0,      0.000000,Optimal,Agg1    , 402,      1.447200,     -0.043363,     -0.029963,     -0.459741,      0.608331
  9, 10,  90.0, 0,      0.000000,Optimal,Agg2    , 397,      1.429200,     -0.029392,     -0.020565,     -0.498471,      0.755239
  9, 10,  90.0, 0,      0.000000,Optimal,Agg3    , 417,      1.501200,     -0.052908,     -0.035244,     -0.534012,      0.691330
  9, 10, 120.0, 0,      0.000000,Optimal,Agg1    , 402,      1.447200,     -0.450894,     -0.311563,     -0.590819,      0.151680
  9, 10, 120.0, 0,      0.000000,Optimal,Agg2    , 397,      1.429200,     -0.434188,     -0.303798,     -0.602307,      0.152041
  9, 10, 120.0, 0,      0.000000,Optimal,Agg3    , 417,      1.501200,     -0.469895,     -0.313013,     -0.605718,      0.152217
  9, 10, 150.0, 0,      0.000000,Optimal,Agg1    , 402,      1.447200,     -0.466424,     -0.322294,     -0.590929,      0.000034
  9, 10, 150.0, 0,      0.000000,Optimal,Agg2    , 397,      1.429200,     -0.453909,     -0.317597,     -0.602415,      0.000034
  9, 10, 150.0, 0,      0.000000,Optimal,Agg3    , 417,      1.501200,     -0.494833,     -0.329625,     -0.605765,      0.000045
  9, 10, 180.0, 0,      0.000000,Optimal,Agg1    , 402,      1.447200,     -0.466435,     -0.322301,     -0.590936,      0.000000
  9, 10, 180.0, 0,      0.000000,Optimal,Agg2    , 397,      1.429200,     -0.453920,     -0.317605,     -0.602422,      0.000000
  9, 10, 180.0, 0,      0.000000,Optimal,Agg3    , 417,      1.501200,     -0.494845,     -0.329633,     -0.605770,      0.000000
  9, 10, 210.0, 0,      0.000000,Optimal,Agg1    , 402,      1.447200,     -0.457284,     -0.315979,     -0.590902,      0.044601
  9, 10, 210.0, 0,      0.000000,Optimal,Agg2    , 397,      1.429200,     -0.437818,     -0.306338,     -0.602363,      0.095345
  9, 10, 210.0, 0,      0.000000,Optimal,Agg3    , 417,      1.501200,     -0.481476,     -0.320727,     -0.581000,      0.000925
  9, 10, 240.0, 0,      0.000000,Optimal,Agg1    , 402,      1.447200,      0.061794,      0.042699,     -0.551990,      0.955421
  9, 10, 240.0, 0,      0.000000,Optimal,Agg2    , 397,      1.429200,      0.103077,      0.072122,     -0.556221,      0.993394
  9, 10, 240.0, 0,      0.000000,Optimal,Agg3    , 417,      1.501200,      0.072011,      0.047969,     -0.558659,      0.997957
  9, 10, 270.0, 0,      0.000000,Optimal,Agg1    , 402,      1.447200,      0.234680,      0.162161,     -0.472171,      0.999925
  9, 10, 270.0, 0,      0.000000,Optimal,Agg2    , 397,      1.429200,      0.263894,      0.184645,     -0.507631,      0.986705
  9, 10, 270.0, 0,      0.000000,Optimal,Agg3    , 417,      1.501200,      0.255885,      0.170454,     -0.553156,      0.989772
  9, 10, 300.0, 0,      0.000000,Optimal,Agg1    , 402,      1.447200,      0.637206,      0.440303,     -0.466842,      0.771370
  9, 10, 300.0, 0,      0.000000,Optimal,Agg2    , 397,      1.429200,      0.634566,      0.444001,     -0.101842,      0.687120
  9, 10, 300.0, 0,      0.000000,Optimal,Agg3    , 417,      1.501200,      0.672891,      0.448236,     -0.127032,      0.774459
  9, 10, 330.0, 0,      0.000000,Optimal,Agg1    , 402,      1.447200,      1.103330,      0.762389,     -0.105143,      0.968208
  9, 10, 330.0, 0,      0.000000,Optimal,Agg2    , 397,      1.429200,      1.097540,      0.767940,      0.178477,      0.968198
  9, 10, 330.0, 0,      0.000000,Optimal,Agg3    , 417,      1.501200,      1.149308,      0.765593,     -0.115919,      0.947811
 10, 11,   0.0, 0,      0.000000,Optimal,Agg1    , 402,      1.447200,      1.306193,      0.902565,      0.584189,      0.999995
 10, 11,   0.0, 0,      0.000000,Optimal,Agg2    , 397,      1.429200,      1.299105,      0.908974,      0.502561,      0.999996
 10, 11,   0.0, 0,      0.000000,Optimal,Agg3    , 417,      1.501200,      1.361944,      0.907237,      0.545767,      0.999995
 10, 11,  30.0, 0,      0.000000,Optimal,Agg1    , 402,      1.447200,      1.169149,      0.807870,     -0.345750,      0.999827
 10, 11,  30.0, 0,      0.000000,Optimal,Agg2    , 397,      1.429200,      1.169857,      0.818540,     -0.139941,      0.999460
 10, 11,  30.0, 0,      0.000000,Optimal,Agg3    , 417,      1.501200,      1.225782,      0.816535,     -0.198393,      0.999915
 10, 11,  60.0, 0,      0.000000,Optimal,Agg1    , 402,      1.447200,      0.401676,      0.277554,     -0.593766,      0.942158
 10, 11,  60.0, 0,      0.000000,Optimal,Agg2    , 397,      1.429200,      0.379247,      0.265356,     -0.557989,      0.927302
 10, 11,  60.0, 0,      0.000000,Optimal,Agg3    , 417,      1.501200,      0.395926,      0.263740,     -0.590703,      0.989644
 10, 11,  90.0, 0,      0.000000,Optimal,Agg1    , 402,      1.447200,     -0.000852,     -0.000589,     -0.501465,      0.735245
 10, 11,  90.0, 0,      0.000000,Optimal,Agg2    , 397,      1.429200,      0.006242,      0.004368,     -0.536461,      0.672290
 10, 11,  90.0, 0,      0.000000,Optimal,Agg3    , 417,      1.501200,     -0.015640,     -0.010419,     -0.452918,      0.694817
 10, 11, 120.0, 0,      0.000000,Optimal,Agg1    , 402,      1.447200,     -0.465744,     -0.321824,     -0.638732,      0.148217
 10, 11, 120.0, 0,      0.000000,Optimal,Agg2    , 397,      1.429200,     -0.448117,     -0.313544,     -0.637193,      0.147415
 10, 11, 120.0, 0,      0.000000,Optimal,Agg3    , 417,      1.501200,     -0.481743,     -0.320905,     -0.656593,      0.145758
 10, 11, 150.0, 0,      0.000000,Optimal,Agg1    , 402,      1.447200,     -0.487414,     -0.336798,     -0.640323,      0.000036
 10, 11, 150.0, 0,      0.000000,Optimal,Agg2    , 397,      1.429200,     -0.474152,     -0.331760,     -0.638773,      0.000036
 10, 11, 150.0, 0,      0.000000,Optimal,Agg3    , 417,      1.501200,     -0.514663,     -0.342835,     -0.656660,      0.000036
 10, 11, 180.0, 0,      0.000000,Optimal,Agg1    , 402,      1.447200,     -0.487424,     -0.336805,     -0.640331,      0.000000
 10, 11, 180.0, 0,      0.000000,Optimal,Agg2    , 397,      1.429200,     -0.474161,     -0.331767,     -0.638781,      0.000000
 10, 11, 180.0, 0,      0.000000,Optimal,Agg3    , 417,      1.501200,     -0.514674,     -0.342842,     -0.656664,      0.000000
 10, 11, 210.0, 0,      0.000000,Optimal,Agg1    , 402,      1.447200,     -0.474345,     -0.327768,     -0.640325,      0.067506
 10, 11, 210.0, 0,      0.000000,Optimal,Agg2    , 397,      1.429200,     -0.454018,     -0.317673,     -0.638765,      0.100740
 10, 11, 210.0, 0,      0.000000,Optimal,Agg3    , 417,      1.501200,     -0.495042,     -0.329764,     -0.629431,      0.046478
 10, 11, 240.0, 0,      0.000000,Optimal,Agg1    , 402,      1.447200,      0.113492,      0.078422,     -0.543106,      0.951782
 10, 11, 240.0, 0,      0.000000,Optimal,Agg2    , 397,      1.429200,      0.146559,      0.102546,     -0.601887,      0.995297
 10, 11, 240.0, 0,      0.000000,Optimal,Agg3    , 417,      1.501200,      0.122876,      0.081852,     -0.571368,      0.992706
 10, 11, 270.0, 0,      0.000000,Optimal,Agg1    , 402,      1.447200,      0.297661,      0.205681,     -0.503516,      0.999772
 10, 11, 270.0, 0,      0.000000,Optimal,Agg2    , 397,      1.429200,      0.319413,      0.223491,     -0.537714,      0.985430
 10, 11, 270.0, 0,      0.000000,Optimal,Agg3    , 417,      1.501200,      0.314476,      0.209483,     -0.598616,      0.966242
 10, 11, 300.0, 0,      0.000000,Optimal,Agg1    , 402,      1.447200,      0.674131,      0.465817,     -0.397889,      0.856315
 10, 11, 300.0, 0,      0.000000,Optimal,Agg2    , 397,      1.429200,      0.665695,      0.465781,     -0.090396,      0.686871
 10, 11, 300.0, 0,      0.000000,Optimal,Agg3    , 417,      1.501200,      0.708748,      0.472121,     -0.122167,      0.859098
 10, 11, 330.0, 0,      0.000000,Optimal,Agg1    , 402,      1.447200,      1.138619,      0.786773,     -0.065552,      0.971589
 10, 11, 330.0, 0,      0.000000,Optimal,Agg2    , 397,      1.429200,      1.129835,      0.790536,     -0.004429,      0.951924
 10, 11, 330.0, 0,      0.000000,Optimal,Agg3    , 417,      1.501200,      1.186388,      0.790293,     -0.087442,      0.971721
 11, 12,   0.0, 0,      0.000000,Optimal,Agg1    , 402,      1.447200,      1.347542,      0.931138,      0.694604,      0.999997
 11, 12,   0.0, 0,      0.000000,Optimal,Agg2    , 397,      1.429200,      1.338586,      0.936598,      0.649689,      0.999997
 11, 12,   0.0, 0,      0.000000,Optimal,Agg3    , 417,      1.501200,      1.404834,      0.935807,      0.678582,      0.999997
 11, 12,  30.0, 0,      0.000000,Optimal,Agg1    , 402,      1.447200,      1.216829,      0.840816,      0.005508,      0.999968
 11, 12,  30.0, 0,      0.000000,Optimal,Agg2    , 397,      1.429200,      1.199064,      0.838976,     -0.524031,      0.999673
 11, 12,  30.0, 0,      0.000000,Optimal,Agg3    , 417,      1.501200,      1.271652,      0.847090,     -0.269404,      0.999873
 11, 12,  60.0, 0,      0.000000,Optimal,Agg1    , 402,      1.447200,      0.463360,      0.320177,     -0.654030,      0.943487
 11, 12,  60.0, 0,      0.000000,Optimal,Agg2    , 397,      1.429200,      0.445426,      0.311661,     -0.548202,      0.928279
 11, 12,  60.0, 0,      0.000000,Optimal,Agg3    , 417,      1.501200,      0.466260,      0.310592,     -0.688452,      0.963102
 11, 12,  90.0, 0,      0.000000,Optimal,Agg1    , 402,      1.447200,      0.040703,      0.028126,     -0.530286,      0.742717
 11, 12,  90.0, 0,      0.000000,Optimal,Agg2    , 397,      1.429200,      0.046341,      0.032425,     -0.548238,      0.886796
 11, 12,  90.0, 0,      0.000000,Optimal,Agg3    , 417,      1.501200,      0.025536,      0.017010,     -0.584284,      0.784157
 11, 12, 120.0, 0,      0.000000,Optimal,Agg1    , 402,      1.447200,     -0.468722,     -0.323882,     -0.687550,      0.171039
 11, 12, 120.0, 0,      0.000000,Optimal,Agg2    , 397,      1.429200,     -0.453456,     -0.317280,     -0.681333,      0.150802
 11, 12, 120.0, 0,      0.000000,Optimal,Agg3    , 417,      1.501200,     -0.481136,     -0.320501,     -0.764559,      0.121028
 11, 12, 150.0, 0,      0.000000,Optimal,Agg1    , 402,      1.447200,     -0.574500,     -0.396973,     -0.746917,      0.000029
 11, 12, 150.0, 0,      0.000000,Optimal,Agg2    , 397,      1.429200,     -0.556354,     -0.389276,     -0.718032,      0.000000
 11, 12, 150.0, 0,      0.000000,Optimal,Agg3    , 417,      1.501200,     -0.601711,     -0.400820,     -0.764756,      0.000000
 11, 12, 180.0, 0,      0.000000,Optimal,Agg1    , 402,      1.447200,     -0.574502,     -0.396975,     -0.746922,      0.000000
 11, 12, 180.0, 0,      0.000000,Optimal,Agg2    , 397,      1.429200,     -0.556356,     -0.389278,     -0.718037,      0.000000
 11, 12, 180.0, 0,      0.000000,Optimal,Agg3    , 417,      1.501200,     -0.601714,     -0.400822,     -0.764755,      0.000000
 11, 12, 210.0, 0,      0.000000,Optimal,Agg1    , 402,      1.447200,     -0.551106,     -0.380809,     -0.746898,      0.126124
 11, 12, 210.0, 0,      0.000000,Optimal,Agg2    , 397,      1.429200,     -0.530386,     -0.371107,     -0.717997,      0.103600
 11, 12, 210.0, 0,      0.000000,Optimal,Agg3    , 417,      1.501200,     -0.572281,     -0.381216,     -0.735000,      0.113400
 11, 12, 240.0, 0,      0.000000,Optimal,Agg1    , 402,      1.447200,      0.158794,      0.109725,     -0.556352,      0.953705
 11, 12, 240.0, 0,      0.000000,Optimal,Agg2    , 397,      1.429200,      0.186466,      0.130469,     -0.614897,      0.996943
 11, 12, 240.0, 0,      0.000000,Optimal,Agg3    , 417,      1.501200,      0.165700,      0.110379,     -0.673953,      0.988207
 11, 12, 270.0, 0,      0.000000,Optimal,Agg1    , 402,      1.447200,      0.355681,      0.245772,     -0.547841,      0.995392
 11, 12, 270.0, 0,      0.000000,Optimal,Agg2    , 397,      1.429200,      0.383597,      0.268400,     -0.640045,      0.969637
 11, 12, 270.0, 0,      0.000000,Optimal,Agg3    , 417,      1.501200,      0.378712,      0.252273,     -0.588335,      0.958148
 11, 12, 300.0, 0,      0.000000,Optimal,Agg1    , 402,      1.447200,      0.712609,      0.492405,     -0.253396,      0.832754
 11, 12, 300.0, 0,      0.000000,Optimal,Agg2    , 397,      1.429200,      0.702687,      0.491665,     -0.154920,      0.702243
 11, 12, 300.0, 0,      0.000000,Optimal,Agg3    , 417,      1.501200,      0.743741,      0.495431,     -0.133030,      0.833201
 11, 12, 330.0, 0,      0.000000,Optimal,Agg1    , 402,      1.447200,      1.176670,      0.813067,      0.567000,      0.964012
 11, 12, 330.0, 0,      0.000000,Optimal,Agg2    , 397,      1.429200,      1.166107,      0.815916,      0.593287,      0.930837
 11, 12, 330.0, 0,      0.000000,Optimal,Agg3    , 417,      1.501200,      1.224599,      0.815747,      0.563593,      0.964047
 12, 13,   0.0, 0,      0.000000,Optimal,Agg1    , 402,      1.447200,      1.389516,      0.960141,      0.820787,      0.999993
 12, 13,   0.0, 0,      0.000000,Optimal,Agg2    , 397,      1.429200,      1.377193,      0.963611,      0.805829,      0.999993
 12, 13,   0.0, 0,      0.000000,Optimal,Agg3    , 417,      1.501200,      1.446759,      0.963735,      0.815350,      0.999992
 12, 13,  30.0, 0,      0.000000,Optimal,Agg1    , 402,      1.447200,      1.263310,      0.872934,      0.175504,      0.999975
 12, 13,  30.0, 0,      0.000000,Optimal,Agg2    , 397,      1.429200,      1.227757,      0.859052,     -0.454736,      0.999833
 12, 13,  30.0, 0,      0.000000,Optimal,Agg3    , 417,      1.501200,      1.313765,      0.875143,     -0.412484,      0.999964
 12, 13,  60.0, 0,      0.000000,Optimal,Agg1    , 402,      1.447200,      0.542100,      0.374585,     -0.661884,      0.954701
 12, 13,  60.0, 0,      0.000000,Optimal,Agg2    , 397,      1.429200,      0.511412,      0.357831,     -0.703761,      0.949135
 12, 13,  60.0, 0,      0.000000,Optimal,Agg3    , 417,      1.501200,      0.530183,      0.353173,     -0.862129,      0.958884
 12, 13,  90.0, 0,      0.000000,Optimal,Agg1    , 402,      1.447200,      0.091846,      0.063465,     -0.661897,      0.898896
 12, 13,  90.0, 0,      0.000000,Optimal,Agg2    , 397,      1.429200,      0.085156,      0.059583,     -0.669501,      0.778729
 12, 13,  90.0, 0,      0.000000,Optimal,Agg3    , 417,      1.501200,      0.072948,      0.048593,     -0.605313,      0.643024
 12, 13, 120.0, 0,      0.000000,Optimal,Agg1    , 402,      1.447200,     -0.472303,     -0.326356,     -0.781874,      0.598445
 12, 13, 120.0, 0,      0.000000,Optimal,Agg2    , 397,      1.429200,     -0.465883,     -0.325975,     -0.852554,      0.551832
 12, 13, 120.0, 0,      0.000000,Optimal,Agg3    , 417,      1.501200,     -0.494205,     -0.329207,     -0.939293,      0.578139
 12, 13, 150.0, 0,      0.000000,Optimal,Agg1    , 402,      1.447200,     -0.734173,     -0.507306,     -0.910426,     -0.003228
 12, 13, 150.0, 0,      0.000000,Optimal,Agg2    , 397,      1.429200,     -0.707414,     -0.494972,     -0.869219,     -0.026521
 12, 13, 150.0, 0,      0.000000,Optimal,Agg3    , 417,      1.501200,     -0.760917,     -0.506873,     -0.942967,     -0.027321
 12, 13, 180.0, 0,      0.000000,Optimal,Agg1    , 402,      1.447200,     -0.739340,     -0.510876,     -0.923642,     -0.003331
 12, 13, 180.0, 0,      0.000000,Optimal,Agg2    , 397,      1.429200,     -0.712370,     -0.498440,     -0.888198,     -0.026517
 12, 13, 180.0, 0,      0.000000,Optimal,Agg3    , 417,      1.501200,     -0.766035,     -0.510282,     -0.942975,     -0.046447
 12, 13, 210.0, 0,      0.000000,Optimal,Agg1    , 402,      1.447200,     -0.697288,     -0.481819,     -0.923649,      0.235606
 12, 13, 210.0, 0,      0.000000,Optimal,Agg2    , 397,      1.429200,     -0.670435,     -0.469098,     -0.888206,      0.240541
 12, 13, 210.0, 0,      0.000000,Optimal,Agg3    , 417,      1.501200,     -0.718679,     -0.478736,     -0.910759,      0.120510
 12, 13, 240.0, 0,      0.000000,Optimal,Agg1    , 402,      1.447200,      0.217020,      0.149958,     -0.617502,      0.972036
 12, 13, 240.0, 0,      0.000000,Optimal,Agg2    , 397,      1.429200,      0.229675,      0.160702,     -0.599734,      0.996426
 12, 13, 240.0, 0,      0.000000,Optimal,Agg3    , 417,      1.501200,      0.230407,      0.153482,     -0.779282,      0.989652
 12, 13, 270.0, 0,      0.000000,Optimal,Agg1    , 402,      1.447200,      0.425930,      0.294313,     -0.682858,      0.991051
 12, 13, 270.0, 0,      0.000000,Optimal,Agg2    , 397,      1.429200,      0.444341,      0.310902,     -0.598145,      0.979554
 12, 13, 270.0, 0,      0.000000,Optimal,Agg3    , 417,      1.501200,      0.449635,      0.299517,     -0.597564,      0.980249
 12, 13, 300.0, 0,      0.000000,Optimal,Agg1    , 402,      1.447200,      0.754811,      0.521566,      0.210721,      0.783604
 12, 13, 300.0, 0,      0.000000,Optimal,Agg2    , 397,      1.429200,      0.740233,      0.517935,      0.177923,      0.732112
 12, 13, 300.0, 0,      0.000000,Optimal,Agg3    , 417,      1.501200,      0.782576,      0.521300,      0.239854,      0.783860
 12, 13, 330.0, 0,      0.000000,Optimal,Agg1    , 402,      1.447200,      1.214114,      0.838940,      0.746303,      0.878582
 12, 13, 330.0, 0,      0.000000,Optimal,Agg2    , 397,      1.429200,      1.202580,      0.841436,      0.746987,      0.878607
 12, 13, 330.0, 0,      0.000000,Optimal,Agg3    , 417,      1.501200,      1.263260,      0.841500,      0.747670,      0.878158
 13, 14,   0.0, 0,      0.000000,Optimal,Agg1    , 402,      1.447200,      1.426192,      0.985484,      0.887118,      0.999998
 13, 14,   0.0, 0,      0.000000,Optimal,Agg2    , 397,      1.429200,      1.409690,      0.986349,      0.908113,      0.999998
 13, 14,   0.0, 0,      0.000000,Optimal,Agg3    , 417,      1.501200,      1.480992,      0.986539,      0.894506,      0.999998
 13, 14,  30.0, 0,      0.000000,Optimal,Agg1    , 402,      1.447200,      1.285858,      0.888514,     -0.450855,      0.999747
 13, 14,  30.0, 0,      0.000000,Optimal,Agg2    , 397,      1.429200,      1.260883,      0.882230,      0.169847,      0.999937
 13, 14,  30.0, 0,      0.000000,Optimal,Agg3    , 417,      1.501200,      1.332409,      0.887563,     -0.192444,      0.999937
 13, 14,  60.0, 0,      0.000000,Optimal,Agg1    , 402,      1.447200,      0.611389,      0.422463,     -0.807801,      0.955670
 13, 14,  60.0, 0,      0.000000,Optimal,Agg2    , 397,      1.429200,      0.568187,      0.397556,     -0.773486,      0.953293
 13, 14,  60.0, 0,      0.000000,Optimal,Agg3    , 417,      1.501200,      0.594457,      0.395988,     -0.977953,      0.944034
 13, 14,  90.0, 0,      0.000000,Optimal,Agg1    , 402,      1.447200,      0.140812,      0.097300,     -0.681939,      0.888054
 13, 14,  90.0, 0,      0.000000,Optimal,Agg2    , 397,      1.429200,      0.124464,      0.087087,     -0.737970,      0.773068
 13, 14,  90.0, 0,      0.000000,Optimal,Agg3    , 417,      1.501200,      0.114630,      0.076359,     -0.532256,      0.653186
 13, 14, 120.0, 0,      0.000000,Optimal,Agg1    , 402,      1.447200,     -0.451063,     -0.311680,     -0.928224,      0.714367
 13, 14, 120.0, 0,      0.000000,Optimal,Agg2    , 397,      1.429200,     -0.455971,     -0.319039,     -0.684629,      0.706182
 13, 14, 120.0, 0,      0.000000,Optimal,Agg3    , 417,      1.501200,     -0.480079,     -0.319797,     -0.902949,      0.711325
 13, 14, 150.0, 0,      0.000000,Optimal,Agg1    , 402,      1.447200,     -0.814855,     -0.563056,     -0.999969,      0.091640
 13, 14, 150.0, 0,      0.000000,Optimal,Agg2    , 397,      1.429200,     -0.802371,     -0.561412,     -0.999998,      0.062865
 13, 14, 150.0, 0,      0.000000,Optimal,Agg3    , 417,      1.501200,     -0.853902,     -0.568813,     -0.999998,      0.023948
 13, 14, 180.0, 0,      0.000000,Optimal,Agg1    , 402,      1.447200,     -0.904302,     -0.624863,     -1.000035,      0.080931
 13, 14, 180.0, 0,      0.000000,Optimal,Agg2    , 397,      1.429200,     -0.882488,     -0.617470,     -1.000024,      0.021812
 13, 14, 180.0, 0,      0.000000,Optimal,Agg3    , 417,      1.501200,     -0.933824,     -0.622052,     -1.000034,      0.131052
 13, 14, 210.0, 0,      0.000000,Optimal,Agg1    , 402,      1.447200,     -0.859100,     -0.593629,     -0.999964,      0.292889
 13, 14, 210.0, 0,      0.000000,Optimal,Agg2    , 397,      1.429200,     -0.819434,     -0.573351,     -0.999946,      0.371711
 13, 14, 210.0, 0,      0.000000,Optimal,Agg3    , 417,      1.501200,     -0.865550,     -0.576572,     -0.999967,      0.168404
 13, 14, 240.0, 0,      0.000000,Optimal,Agg1    , 402,      1.447200,      0.273861,      0.189235,     -0.614080,      0.992795
 13, 14, 240.0, 0,      0.000000,Optimal,Agg2    , 397,      1.429200,      0.276649,      0.193569,     -0.771787,      0.987877
 13, 14, 240.0, 0,      0.000000,Optimal,Agg3    , 417,      1.501200,      0.285076,      0.189899,     -0.814208,      0.989634
 13, 14, 270.0, 0,      0.000000,Optimal,Agg1    , 402,      1.447200,      0.493740,      0.341169,     -0.637768,      0.995404
 13, 14, 270.0, 0,      0.000000,Optimal,Agg2    , 397,      1.429200,      0.496399,      0.347327,     -0.540625,      0.974487
 13, 14, 270.0, 0,      0.000000,Optimal,Agg3    , 417,      1.501200,      0.515727,      0.343543,     -0.481185,      0.965967
 13, 14, 300.0, 0,      0.000000,Optimal,Agg1    , 402,      1.447200,      0.788815,      0.545063,      0.280136,      0.745383
 13, 14, 300.0, 0,      0.000000,Optimal,Agg2    , 397,      1.429200,      0.773798,      0.541421,      0.312144,      0.759418
 13, 14, 300.0, 0,      0.000000,Optimal,Agg3    , 417,      1.501200,      0.815544,      0.543261,      0.305584,      0.753474
 13, 14, 330.0, 0,      0.000000,Optimal,Agg1    , 402,      1.447200,      1.249907,      0.863672,      0.783043,      0.906889
 13, 14, 330.0, 0,      0.000000,Optimal,Agg2    , 397,      1.429200,      1.233946,      0.863382,      0.804126,      0.907536
 13, 14, 330.0, 0,      0.000000,Optimal,Agg3    , 417,      1.501200,      1.296980,      0.863962,      0.802258,      0.906165
 14, 15,   0.0, 0,      0.000000,Optimal,Agg1    , 402,      1.447200,      1.387277,      0.958594,      0.584629,      0.999992
 14, 15,   0.0, 0,      0.000000,Optimal,Agg2    , 397,      1.429200,      1.378351,      0.964421,      0.625574,      0.999989
 14, 15,   0.0, 0,      0.000000,Optimal,Agg3    , 417,      1.501200,      1.438735,      0.958390,      0.562292,      0.999992
 14, 15,  30.0, 0,      0.000000,Optimal,Agg1    , 402,      1.447200,      1.276427,      0.881998,     -0.433820,      0.999932
 14, 15,  30.0, 0,      0.000000,Optimal,Agg2    , 397,      1.429200,      1.259913,      0.881551,      0.323959,      0.999949
 14, 15,  30.0, 0,      0.000000,Optimal,Agg3    , 417,      1.501200,      1.324283,      0.882150,      0.166831,      0.999955
 14, 15,  60.0, 0,      0.000000,Optimal,Agg1    , 402,      1.447200,      0.642902,      0.444239,     -0.635131,      0.944106
 14, 15,  60.0, 0,      0.000000,Optimal,Agg2    , 397,      1.429200,      0.602177,      0.421339,     -0.745461,      0.939169
 14, 15,  60.0, 0,      0.000000,Optimal,Agg3    , 417,      1.501200,      0.630308,      0.419870,     -0.874990,      0.946569
 14, 15,  90.0, 0,      0.000000,Optimal,Agg1    , 402,      1.447200,      0.174261,      0.120413,     -0.603519,      0.852609
 14, 15,  90.0, 0,      0.000000,Optimal,Agg2    , 397,      1.429200,      0.157077,      0.109906,     -0.684509,      0.796212
 14, 15,  90.0, 0,      0.000000,Optimal,Agg3    , 417,      1.501200,      0.153746,      0.102416,     -0.557773,      0.696613
 14, 15, 120.0, 0,      0.000000,Optimal,Agg1    , 402,      1.447200,     -0.411013,     -0.284005,     -0.858970,      0.856901
 14, 15, 120.0, 0,      0.000000,Optimal,Agg2    , 397,      1.429200,     -0.427939,     -0.299426,     -0.741421,      0.528622
 14, 15, 120.0, 0,      0.000000,Optimal,Agg3    , 417,      1.501200,     -0.449135,     -0.299184,     -0.891389,      0.521830
 14, 15, 150.0, 0,      0.000000,Optimal,Agg1    , 402,      1.447200,     -0.846791,     -0.585123,     -0.968022,      0.480340
 14, 15, 150.0, 0,      0.000000,Optimal,Agg2    , 397,      1.429200,     -0.845683,     -0.591717,     -0.948336,      0.483260
 14, 15, 150.0, 0,      0.000000,Optimal,Agg3    , 417,      1.501200,     -0.889589,     -0.592585,     -0.988543,      0.489631
 14, 15, 180.0, 0,      0.000000,Optimal,Agg1    , 402,      1.447200,     -0.967784,     -0.668728,     -1.000002,      0.198487
 14, 15, 180.0, 0,      0.000000,Optimal,Agg2    , 397,      1.429200,     -0.966213,     -0.676051,     -1.000002,      0.265464
 14, 15, 180.0, 0,      0.000000,Optimal,Agg3    , 417,      1.501200,     -1.007960,     -0.671436,     -1.000002,      0.306075
 14, 15, 210.0, 0,      0.000000,Optimal,Agg1    , 402,      1.447200,     -0.890375,     -0.615240,     -0.999993,      0.441190
 14, 15, 210.0, 0,      0.000000,Optimal,Agg2    , 397,      1.429200,     -0.886056,     -0.619966,     -0.999983,      0.466173
 14, 15, 210.0, 0,      0.000000,Optimal,Agg3    , 417,      1.501200,     -0.919704,     -0.612646,     -0.999986,      0.742081
 14, 15, 240.0, 0,      0.000000,Optimal,Agg1    , 402,      1.447200,      0.315018,      0.217674,     -0.728588,      0.985744
 14, 15, 240.0, 0,      0.000000,Optimal,Agg2    , 397,      1.429200,      0.312090,      0.218367,     -0.885504,      0.984650
 14, 15, 240.0, 0,      0.000000,Optimal,Agg3    , 417,      1.501200,      0.327803,      0.218360,     -0.776543,      0.986800
 14, 15, 270.0, 0,      0.000000,Optimal,Agg1    , 402,      1.447200,      0.539275,      0.372633,     -0.539514,      0.990212
 14, 15, 270.0, 0,      0.000000,Optimal,Agg2    , 397,      1.429200,      0.540775,      0.378376,     -0.450925,      0.963206
 14, 15, 270.0, 0,      0.000000,Optimal,Agg3    , 417,      1.501200,      0.559906,      0.372973,     -0.476791,      0.970330
 14, 15, 300.0, 0,      0.000000,Optimal,Agg1    , 402,      1.447200,      0.812772,      0.561617,      0.333974,      0.776195
 14, 15, 300.0, 0,      0.000000,Optimal,Agg2    , 397,      1.429200,      0.798965,      0.559029,      0.378597,      0.797416
 14, 15, 300.0, 0,      0.000000,Optimal,Agg3    , 417,      1.501200,      0.839201,      0.559020,      0.375542,      0.761384
 14, 15, 330.0, 0,      0.000000,Optimal,Agg1    , 402,      1.447200,      1.244693,      0.860070,      0.562799,      0.936473
 14, 15, 330.0, 0,      0.000000,Optimal,Agg2    , 397,      1.429200,      1.230323,      0.860847,      0.612533,      0.934562
 14, 15, 330.0, 0,      0.000000,Optimal,Agg3    , 417,      1.501200,      1.289504,      0.858982,      0.562289,      0.936807
 15, 16,   0.0, 0,      0.000000,Optimal,Agg1    , 402,      1.447200,      1.143044,      0.789831,      0.176885,      0.999997
 15, 16,   0.0, 0,      0.000000,Optimal,Agg2    , 397,      1.429200,      1.165673,      0.815612,      0.220580,      0.999996
 15, 16,   0.0, 0,      0.000000,Optimal,Agg3    , 417,      1.501200,      1.210771,      0.806535,      0.153051,      0.999997
 15, 16,  30.0, 0,      0.000000,Optimal,Agg1    , 402,      1.447200,      1.082622,      0.748081,      0.176881,      0.999971
 15, 16,  30.0, 0,      0.000000,Optimal,Agg2    , 397,      1.429200,      1.091212,      0.763513,      0.195596,      0.999984
 15, 16,  30.0, 0,      0.000000,Optimal,Agg3    , 417,      1.501200,      1.135480,      0.756381,     -0.120581,      0.999931
 15, 16,  60.0, 0,      0.000000,Optimal,Agg1    , 402,      1.447200,      0.665677,      0.459976,     -0.707986,      0.958136
 15, 16,  60.0, 0,      0.000000,Optimal,Agg2    , 397,      1.429200,      0.634659,      0.444066,     -0.899375,      0.935823
 15, 16,  60.0, 0,      0.000000,Optimal,Agg3    , 417,      1.501200,      0.663233,      0.441802,     -0.885473,      0.934534
 15, 16,  90.0, 0,      0.000000,Optimal,Agg1    , 402,      1.447200,      0.204915,      0.141594,     -0.550813,      0.858773
 15, 16,  90.0, 0,      0.000000,Optimal,Agg2    , 397,      1.429200,      0.193081,      0.135097,     -0.620952,      0.799127
 15, 16,  90.0, 0,      0.000000,Optimal,Agg3    , 417,      1.501200,      0.192561,      0.128271,     -0.475697,      0.716397
 15, 16, 120.0, 0,      0.000000,Optimal,Agg1    , 402,      1.447200,     -0.368246,     -0.254454,     -0.897621,      0.898019
 15, 16, 120.0, 0,      0.000000,Optimal,Agg2    , 397,      1.429200,     -0.384445,     -0.268993,     -0.790533,      0.667611
 15, 16, 120.0, 0,      0.000000,Optimal,Agg3    , 417,      1.501200,     -0.401380,     -0.267373,     -0.793096,      0.673576
 15, 16, 150.0, 0,      0.000000,Optimal,Agg1    , 402,      1.447200,     -0.809331,     -0.559239,     -0.997722,      0.112201
 15, 16, 150.0, 0,      0.000000,Optimal,Agg2    , 397,      1.429200,     -0.823075,     -0.575899,     -0.981732,      0.132190
 15, 16, 150.0, 0,      0.000000,Optimal,Agg3    , 417,      1.501200,     -0.863279,     -0.575059,     -0.997670,     -0.046133
 15, 16, 180.0, 0,      0.000000,Optimal,Agg1    , 402,      1.447200,     -0.941853,     -0.650810,     -1.000003,      0.351052
 15, 16, 180.0, 0,      0.000000,Optimal,Agg2    , 397,      1.429200,     -0.968049,     -0.677337,     -0.999998,      0.369816
 15, 16, 180.0, 0,      0.000000,Optimal,Agg3    , 417,      1.501200,     -1.000266,     -0.666311,     -1.000000,      0.434384
 15, 16, 210.0, 0,      0.000000,Optimal,Agg1    , 402,      1.447200,     -0.881269,     -0.608948,     -0.999972,      0.565875
 15, 16, 210.0, 0,      0.000000,Optimal,Agg2    , 397,      1.429200,     -0.893830,     -0.625406,     -0.999976,      0.475845
 15, 16, 210.0, 0,      0.000000,Optimal,Agg3    , 417,      1.501200,     -0.927067,     -0.617550,     -0.999974,      0.755909
 15, 16, 240.0, 0,      0.000000,Optimal,Agg1    , 402,      1.447200,      0.347375,      0.240032,     -0.779270,      0.995255
 15, 16, 240.0, 0,      0.000000,Optimal,Agg2    , 397,      1.429200,      0.346394,      0.242369,     -0.878047,      0.997301
 15, 16, 240.0, 0,      0.000000,Optimal,Agg3    , 417,      1.501200,      0.345535,      0.230172,     -0.783297,      0.998951
 15, 16, 270.0, 0,      0.000000,Optimal,Agg1    , 402,      1.447200,      0.590956,      0.408345,     -0.533387,      0.982025
 15, 16, 270.0, 0,      0.000000,Optimal,Agg2    , 397,      1.429200,      0.599945,      0.419777,     -0.434050,      0.999983
 15, 16, 270.0, 0,      0.000000,Optimal,Agg3    , 417,      1.501200,      0.610619,      0.406754,     -0.353432,      0.998139
 15, 16, 300.0, 0,      0.000000,Optimal,Agg1    , 402,      1.447200,      0.830058,      0.573562,      0.133654,      0.875274
 15, 16, 300.0, 0,      0.000000,Optimal,Agg2    , 397,      1.429200,      0.828714,      0.579844,      0.196203,      0.965560
 15, 16, 300.0, 0,      0.000000,Optimal,Agg3    , 417,      1.501200,      0.869630,      0.579290,      0.153052,      0.913585
 15, 16, 330.0, 0,      0.000000,Optimal,Agg1    , 402,      1.447200,      1.065824,      0.736473,      0.176883,      0.942900
 15, 16, 330.0, 0,      0.000000,Optimal,Agg2    , 397,      1.429200,      1.075239,      0.752336,      0.220580,      0.940254
 15, 16, 330.0, 0,      0.000000,Optimal,Agg3    , 417,      1.501200,      1.118815,      0.745281,      0.153051,      0.942983
 16, 17,   0.0, 0,      0.000000,Optimal,Agg1    , 402,      1.447200,      0.776010,      0.536215,      0.099923,      0.999984
 16, 17,   0.0, 0,      0.000000,Optimal,Agg2    , 397,      1.429200,      0.828501,      0.579696,      0.099928,      0.999985
 16, 17,   0.0, 0,      0.000000,Optimal,Agg3    , 417,      1.501200,      0.860622,      0.573290,      0.099924,      0.999985
 16, 17,  30.0, 0,      0.000000,Optimal,Agg1    , 402,      1.447200,      0.733190,      0.506627,     -0.108112,      0.999990
 16, 17,  30.0, 0,      0.000000,Optimal,Agg2    , 397,      1.429200,      0.779995,      0.545757,     -0.962284,      0.999951
 16, 17,  30.0, 0,      0.000000,Optimal,Agg3    , 417,      1.501200,      0.803714,      0.535381,     -0.014181,      0.999975
 16, 17,  60.0, 0,      0.000000,Optimal,Agg1    , 402,      1.447200,      0.554603,      0.383225,     -0.892947,      0.968315
 16, 17,  60.0, 0,      0.000000,Optimal,Agg2    , 397,      1.429200,      0.591892,      0.414142,     -0.794562,      0.999670
 16, 17,  60.0, 0,      0.000000,Optimal,Agg3    , 417,      1.501200,      0.599896,      0.399611,     -0.616889,      0.999538
 16, 17,  90.0, 0,      0.000000,Optimal,Agg1    , 402,      1.447200,      0.211142,      0.145897,     -0.358478,      0.953260
 16, 17,  90.0, 0,      0.000000,Optimal,Agg2    , 397,      1.429200,      0.214691,      0.150218,     -0.448418,      0.935049
 16, 17,  90.0, 0,      0.000000,Optimal,Agg3    , 417,      1.501200,      0.225152,      0.149981,     -0.364252,      0.790226
 16, 17, 120.0, 0,      0.000000,Optimal,Agg1    , 402,      1.447200,     -0.341628,     -0.236061,     -0.868362,      0.984515
 16, 17, 120.0, 0,      0.000000,Optimal,Agg2    , 397,      1.429200,     -0.357139,     -0.249887,     -0.800499,      0.879545
 16, 17, 120.0, 0,      0.000000,Optimal,Agg3    , 417,      1.501200,     -0.370809,     -0.247008,     -0.811309,      0.648613
 16, 17, 150.0, 0,      0.000000,Optimal,Agg1    , 402,      1.447200,     -0.780189,     -0.539103,     -0.985411,      0.087283
 16, 17, 150.0, 0,      0.000000,Optimal,Agg2    , 397,      1.429200,     -0.801492,     -0.560798,     -0.946732,      0.059202
 16, 17, 150.0, 0,      0.000000,Optimal,Agg3    , 417,      1.501200,     -0.833324,     -0.555105,     -0.958512,      0.096703
 16, 17, 180.0, 0,      0.000000,Optimal,Agg1    , 402,      1.447200,     -0.919063,     -0.635063,     -1.000003,      0.723153
 16, 17, 180.0, 0,      0.000000,Optimal,Agg2    , 397,      1.429200,     -0.951400,     -0.665687,     -0.999936,      0.537738
 16, 17, 180.0, 0,      0.000000,Optimal,Agg3    , 417,      1.501200,     -0.987427,     -0.657758,     -1.000008,      0.587482
 16, 17, 210.0, 0,      0.000000,Optimal,Agg1    , 402,      1.447200,     -0.858025,     -0.592886,     -0.999998,      0.873145
 16, 17, 210.0, 0,      0.000000,Optimal,Agg2    , 397,      1.429200,     -0.885798,     -0.619786,     -0.999995,      0.745093
 16, 17, 210.0, 0,      0.000000,Optimal,Agg3    , 417,      1.501200,     -0.927981,     -0.618160,     -0.999992,      0.830813
 16, 17, 240.0, 0,      0.000000,Optimal,Agg1    , 402,      1.447200,      0.260605,      0.180075,     -0.969227,      0.999828
 16, 17, 240.0, 0,      0.000000,Optimal,Agg2    , 397,      1.429200,      0.265660,      0.185880,     -0.795327,      0.999598
 16, 17, 240.0, 0,      0.000000,Optimal,Agg3    , 417,      1.501200,      0.251245,      0.167363,     -0.830938,      0.998977
 16, 17, 270.0, 0,      0.000000,Optimal,Agg1    , 402,      1.447200,      0.557996,      0.385569,     -0.074030,      0.999821
 16, 17, 270.0, 0,      0.000000,Optimal,Agg2    , 397,      1.429200,      0.575472,      0.402653,     -0.395411,      0.999990
 16, 17, 270.0, 0,      0.000000,Optimal,Agg3    , 417,      1.501200,      0.613275,      0.408523,     -0.921125,      0.998739
 16, 17, 300.0, 0,      0.000000,Optimal,Agg1    , 402,      1.447200,      0.667454,      0.461204,      0.099906,      0.998993
 16, 17, 300.0, 0,      0.000000,Optimal,Agg2    , 397,      1.429200,      0.705121,      0.493367,      0.099916,      1.000002
 16, 17, 300.0, 0,      0.000000,Optimal,Agg3    , 417,      1.501200,      0.742846,      0.494835,      0.099941,      0.999909
 16, 17, 330.0, 0,      0.000000,Optimal,Agg1    , 402,      1.447200,      0.743200,      0.513544,      0.099956,      0.997519
 16, 17, 330.0, 0,      0.000000,Optimal,Agg2    , 397,      1.429200,      0.793494,      0.555202,      0.099956,      0.999900
 16, 17, 330.0, 0,      0.000000,Optimal,Agg3    , 417,      1.501200,      0.824677,      0.549345,      0.099957,      0.999989
 17, 18,   0.0, 0,      0.000000,Optimal,Agg1    , 402,      1.447200,      0.533173,      0.368417,      0.099935,      0.999990
 17, 18,   0.0, 0,      0.000000,Optimal,Agg2    , 397,      1.429200,      0.598687,      0.418897,      0.099935,      0.999986
 17, 18,   0.0, 0,      0.000000,Optimal,Agg3    , 417,      1.501200,      0.610085,      0.406398,      0.099934,      0.999988
 17, 18,  30.0, 0,      0.000000,Optimal,Agg1    , 402,      1.447200,      0.506218,      0.349791,     -0.175924,      0.999967
 17, 18,  30.0, 0,      0.000000,Optimal,Agg2    , 397,      1.429200,      0.565743,      0.395846,     -0.903422,      0.999967
 17, 18,  30.0, 0,      0.000000,Optimal,Agg3    , 417,      1.501200,      0.575770,      0.383540,     -0.176300,      0.999965
 17, 18,  60.0, 0,      0.000000,Optimal,Agg1    , 402,      1.447200,      0.439031,      0.303366,     -0.123885,      0.999864
 17, 18,  60.0, 0,      0.000000,Optimal,Agg2    , 397,      1.429200,      0.477386,      0.334023,     -0.996091,      0.999876
 17, 18,  60.0, 0,      0.000000,Optimal,Agg3    , 417,      1.501200,      0.493317,      0.328615,     -0.260845,      0.999910
 17, 18,  90.0, 0,      0.000000,Optimal,Agg1    , 402,      1.447200,      0.221788,      0.153253,     -0.403275,      0.938451
 17, 18,  90.0, 0,      0.000000,Optimal,Agg2    , 397,      1.429200,      0.226325,      0.158358,     -0.405346,      0.934259
 17, 18,  90.0, 0,      0.000000,Optimal,Agg3    , 417,      1.501200,      0.242928,      0.161822,     -0.408797,      0.954552
 17, 18, 120.0, 0,      0.000000,Optimal,Agg1    , 402,      1.447200,     -0.308919,     -0.213460,     -0.785473,      0.940219
 17, 18, 120.0, 0,      0.000000,Optimal,Agg2    , 397,      1.429200,     -0.324291,     -0.226904,     -0.639792,      0.771544
 17, 18, 120.0, 0,      0.000000,Optimal,Agg3    , 417,      1.501200,     -0.339714,     -0.226295,     -0.707753,      0.525190
 17, 18, 150.0, 0,      0.000000,Optimal,Agg1    , 402,      1.447200,     -0.739743,     -0.511155,     -0.985130,      0.303631
 17, 18, 150.0, 0,      0.000000,Optimal,Agg2    , 397,      1.429200,     -0.767093,     -0.536729,     -0.963962,      0.154958
 17, 18, 150.0, 0,      0.000000,Optimal,Agg3    , 417,      1.501200,     -0.799838,     -0.532799,     -0.986347,      0.187927
 17, 18, 180.0, 0,      0.000000,Optimal,Agg1    , 402,      1.447200,     -0.896806,     -0.619684,     -1.000002,      0.903836
 17, 18, 180.0, 0,      0.000000,Optimal,Agg2    , 397,      1.429200,     -0.921400,     -0.644696,     -1.000002,      0.594517
 17, 18, 180.0, 0,      0.000000,Optimal,Agg3    , 417,      1.501200,     -0.968097,     -0.644882,     -1.000002,      0.728876
 17, 18, 210.0, 0,      0.000000,Optimal,Agg1    , 402,      1.447200,     -0.842289,     -0.582013,     -0.999985,      0.982080
 17, 18, 210.0, 0,      0.000000,Optimal,Agg2    , 397,      1.429200,     -0.867518,     -0.606995,     -0.999985,      0.992715
 17, 18, 210.0, 0,      0.000000,Optimal,Agg3    , 417,      1.501200,     -0.912352,     -0.607749,     -0.999980,      0.801917
 17, 18, 240.0, 0,      0.000000,Optimal,Agg1    , 402,      1.447200,      0.151327,      0.104565,     -0.868335,      0.999967
 17, 18, 240.0, 0,      0.000000,Optimal,Agg2    , 397,      1.429200,      0.196263,      0.137324,     -0.809760,      0.999818
 17, 18, 240.0, 0,      0.000000,Optimal,Agg3    , 417,      1.501200,      0.182176,      0.121354,     -0.947864,      0.999926
 17, 18, 270.0, 0,      0.000000,Optimal,Agg1    , 402,      1.447200,      0.449095,      0.310320,     -0.206594,      1.000002
 17, 18, 270.0, 0,      0.000000,Optimal,Agg2    , 397,      1.429200,      0.484120,      0.338735,     -0.202112,      0.999970
 17, 18, 270.0, 0,      0.000000,Optimal,Agg3    , 417,      1.501200,      0.515969,      0.343704,     -0.475881,      0.999991
 17, 18, 300.0, 0,      0.000000,Optimal,Agg1    , 402,      1.447200,      0.502287,      0.347075,      0.099810,      0.999958
 17, 18, 300.0, 0,      0.000000,Optimal,Agg2    , 397,      1.429200,      0.552572,      0.386630,      0.099894,      0.999799
 17, 18, 300.0, 0,      0.000000,Optimal,Agg3    , 417,      1.501200,      0.574891,      0.382955,      0.099910,      1.000003
 17, 18, 330.0, 0,      0.000000,Optimal,Agg1    , 402,      1.447200,      0.525267,      0.362954,      0.099955,      0.999960
 17, 18, 330.0, 0,      0.000000,Optimal,Agg2    , 397,      1.429200,      0.586477,      0.410353,      0.099957,      0.999902
 17, 18, 330.0, 0,      0.000000,Optimal,Agg3    , 417,      1.501200,      0.601989,      0.401005,      0.099957,      0.999995
 18, 19,   0.0, 0,      0.000000,Optimal,Agg1    , 402,      1.447200,      0.417561,      0.288530,      0.099943,      0.999993
 18, 19,   0.0, 0,      0.000000,Optimal,Agg2    , 397,      1.429200,      0.437038,      0.305792,      0.099943,      0.999990
 18, 19,   0.0, 0,      0.000000,Optimal,Agg3    , 417,      1.501200,      0.451733,      0.300915,      0.099942,      0.999993
 18, 19,  30.0, 0,      0.000000,Optimal,Agg1    , 402,      1.447200,      0.403280,      0.278662,     -0.099044,      0.999950
 18, 19,  30.0, 0,      0.000000,Optimal,Agg2    , 397,      1.429200,      0.418877,      0.293085,     -0.376785,      0.999944
 18, 19,  30.0, 0,      0.000000,Optimal,Agg3    , 417,      1.501200,      0.440268,      0.293277,     -0.099485,      0.999969
 18, 19,  60.0, 0,      0.000000,Optimal,Agg1    , 402,      1.447200,      0.359457,      0.248381,     -0.085546,      0.999925
 18, 19,  60.0, 0,      0.000000,Optimal,Agg2    , 397,      1.429200,      0.366254,      0.256265,     -0.148532,      0.999919
 18, 19,  60.0, 0,      0.000000,Optimal,Agg3    , 417,      1.501200,      0.402480,      0.268105,     -0.086066,      0.999946
 18, 19,  90.0, 0,      0.000000,Optimal,Agg1    , 402,      1.447200,      0.205176,      0.141774,     -0.355286,      0.999455
 18, 19,  90.0, 0,      0.000000,Optimal,Agg2    , 397,      1.429200,      0.183088,      0.128105,     -0.358484,      0.999416
 18, 19,  90.0, 0,      0.000000,Optimal,Agg3    , 417,      1.501200,      0.218584,      0.145606,     -0.362123,      0.999550
 18, 19, 120.0, 0,      0.000000,Optimal,Agg1    , 402,      1.447200,     -0.248437,     -0.171667,     -0.669438,      0.661450
 18, 19, 120.0, 0,      0.000000,Optimal,Agg2    , 397,      1.429200,     -0.281809,     -0.197180,     -0.661139,      0.614434
 18, 19, 120.0, 0,      0.000000,Optimal,Agg3    , 417,      1.501200,     -0.281876,     -0.187767,     -0.668043,      0.630236
 18, 19, 150.0, 0,      0.000000,Optimal,Agg1    , 402,      1.447200,     -0.682809,     -0.471814,     -0.995520,      0.375719
 18, 19, 150.0, 0,      0.000000,Optimal,Agg2    , 397,      1.429200,     -0.722284,     -0.505376,     -0.995086,      0.237887
 18, 19, 150.0, 0,      0.000000,Optimal,Agg3    , 417,      1.501200,     -0.745043,     -0.496298,     -0.976543,      0.199206
 18, 19, 180.0, 0,      0.000000,Optimal,Agg1    , 402,      1.447200,     -0.845393,     -0.584158,     -0.999970,      0.849801
 18, 19, 180.0, 0,      0.000000,Optimal,Agg2    , 397,      1.429200,     -0.881505,     -0.616782,     -0.999996,      0.440190
 18, 19, 180.0, 0,      0.000000,Optimal,Agg3    , 417,      1.501200,     -0.923355,     -0.615078,     -0.999993,      0.567380
 18, 19, 210.0, 0,      0.000000,Optimal,Agg1    , 402,      1.447200,     -0.795980,     -0.550014,     -0.999971,      0.946894
 18, 19, 210.0, 0,      0.000000,Optimal,Agg2    , 397,      1.429200,     -0.823443,     -0.576157,     -0.999994,      0.814414
 18, 19, 210.0, 0,      0.000000,Optimal,Agg3    , 417,      1.501200,     -0.879328,     -0.585750,     -0.999960,      0.997079
 18, 19, 240.0, 0,      0.000000,Optimal,Agg1    , 402,      1.447200,      0.112506,      0.077741,     -0.938734,      0.999965
 18, 19, 240.0, 0,      0.000000,Optimal,Agg2    , 397,      1.429200,      0.114570,      0.080164,     -0.931777,      0.999790
 18, 19, 240.0, 0,      0.000000,Optimal,Agg3    , 417,      1.501200,      0.133032,      0.088617,     -0.999844,      0.999935
 18, 19, 270.0, 0,      0.000000,Optimal,Agg1    , 402,      1.447200,      0.379567,      0.262277,     -0.271598,      1.000002
 18, 19, 270.0, 0,      0.000000,Optimal,Agg2    , 397,      1.429200,      0.383120,      0.268066,     -0.351792,      0.999790
 18, 19, 270.0, 0,      0.000000,Optimal,Agg3    , 417,      1.501200,      0.418541,      0.278804,      0.005057,      0.999987
 18, 19, 300.0, 0,      0.000000,Optimal,Agg1    , 402,      1.447200,      0.408523,      0.282285,      0.099913,      1.000005
 18, 19, 300.0, 0,      0.000000,Optimal,Agg2    , 397,      1.429200,      0.421881,      0.295187,      0.099936,      0.999940
 18, 19, 300.0, 0,      0.000000,Optimal,Agg3    , 417,      1.501200,      0.444772,      0.296278,      0.099938,      0.999995
 18, 19, 330.0, 0,      0.000000,Optimal,Agg1    , 402,      1.447200,      0.415988,      0.287443,      0.099943,      1.000004
 18, 19, 330.0, 0,      0.000000,Optimal,Agg2    , 397,      1.429200,      0.433508,      0.303322,      0.099947,      0.999995
 18, 19, 330.0, 0,      0.000000,Optimal,Agg3    , 417,      1.501200,      0.449064,      0.299137,      0.099945,      0.999996
 19, 20,   0.0, 0,      0.000000,Optimal,Agg1    , 402,      1.447200,      0.346834,      0.239659,      0.099948,      0.999997
 19, 20,   0.0, 0,      0.000000,Optimal,Agg2    , 397,      1.429200,      0.330089,      0.230961,      0.099948,      0.999995
 19, 20,   0.0, 0,      0.000000,Optimal,Agg3    , 417,      1.501200,      0.350542,      0.233508,      0.099946,      0.999995
 19, 20,  30.0, 0,      0.000000,Optimal,Agg1    , 402,      1.447200,      0.338378,      0.233816,      0.074381,      0.999986
 19, 20,  30.0, 0,      0.000000,Optimal,Agg2    , 397,      1.429200,      0.321242,      0.224771,      0.078066,      0.999988
 19, 20,  30.0, 0,      0.000000,Optimal,Agg3    , 417,      1.501200,      0.345914,      0.230425,      0.073931,      0.999995
 19, 20,  60.0, 0,      0.000000,Optimal,Agg1    , 402,      1.447200,      0.308544,      0.213200,      0.080099,      0.999926
 19, 20,  60.0, 0,      0.000000,Optimal,Agg2    , 397,      1.429200,      0.285642,      0.199861,      0.080035,      0.999932
 19, 20,  60.0, 0,      0.000000,Optimal,Agg3    , 417,      1.501200,      0.325802,      0.217027,      0.079652,      0.999950
 19, 20,  90.0, 0,      0.000000,Optimal,Agg1    , 402,      1.447200,      0.170639,      0.117910,     -0.983146,      0.999696
 19, 20,  90.0, 0,      0.000000,Optimal,Agg2    , 397,      1.429200,      0.134102,      0.093830,     -0.848205,      0.999722
 19, 20,  90.0, 0,      0.000000,Optimal,Agg3    , 417,      1.501200,      0.167399,      0.111510,     -0.982137,      0.999767
 19, 20, 120.0, 0,      0.000000,Optimal,Agg1    , 402,      1.447200,     -0.192574,     -0.133067,     -0.579649,      0.703946
 19, 20, 120.0, 0,      0.000000,Optimal,Agg2    , 397,      1.429200,     -0.235892,     -0.165051,     -0.572049,      0.690200
 19, 20, 120.0, 0,      0.000000,Optimal,Agg3    , 417,      1.501200,     -0.225496,     -0.150210,     -0.575991,      0.711567
 19, 20, 150.0, 0,      0.000000,Optimal,Agg1    , 402,      1.447200,     -0.642946,     -0.444269,     -0.978959,      0.421230
 19, 20, 150.0, 0,      0.000000,Optimal,Agg2    , 397,      1.429200,     -0.686911,     -0.480626,     -0.978537,      0.258020
 19, 20, 150.0, 0,      0.000000,Optimal,Agg3    , 417,      1.501200,     -0.705529,     -0.469977,     -0.979053,      0.125885
 19, 20, 180.0, 0,      0.000000,Optimal,Agg1    , 402,      1.447200,     -0.818938,     -0.565878,     -0.999979,      0.827201
 19, 20, 180.0, 0,      0.000000,Optimal,Agg2    , 397,      1.429200,     -0.857466,     -0.599962,     -0.999938,      0.639298
 19, 20, 180.0, 0,      0.000000,Optimal,Agg3    , 417,      1.501200,     -0.875939,     -0.583493,     -0.999999,      0.667101
 19, 20, 210.0, 0,      0.000000,Optimal,Agg1    , 402,      1.447200,     -0.780010,     -0.538979,     -0.999997,      0.997260
 19, 20, 210.0, 0,      0.000000,Optimal,Agg2    , 397,      1.429200,     -0.804521,     -0.562917,     -0.999996,      0.772855
 19, 20, 210.0, 0,      0.000000,Optimal,Agg3    , 417,      1.501200,     -0.843730,     -0.562037,     -0.999997,      0.950354
 19, 20, 240.0, 0,      0.000000,Optimal,Agg1    , 402,      1.447200,      0.086378,      0.059686,     -0.990705,      0.999938
 19, 20, 240.0, 0,      0.000000,Optimal,Agg2    , 397,      1.429200,      0.062741,      0.043899,     -0.901635,      0.999875
 19, 20, 240.0, 0,      0.000000,Optimal,Agg3    , 417,      1.501200,      0.098079,      0.065333,     -0.896171,      0.999925
 19, 20, 270.0, 0,      0.000000,Optimal,Agg1    , 402,      1.447200,      0.325876,      0.225177,     -0.238392,      1.000000
 19, 20, 270.0, 0,      0.000000,Optimal,Agg2    , 397,      1.429200,      0.301105,      0.210681,      0.087240,      0.999988
 19, 20, 270.0, 0,      0.000000,Optimal,Agg3    , 417,      1.501200,      0.335646,      0.223585,     -0.053822,      0.999991
 19, 20, 300.0, 0,      0.000000,Optimal,Agg1    , 402,      1.447200,      0.343145,      0.237110,      0.099920,      1.000004
 19, 20, 300.0, 0,      0.000000,Optimal,Agg2    , 397,      1.429200,      0.325427,      0.227698,      0.099932,      0.999994
 19, 20, 300.0, 0,      0.000000,Optimal,Agg3    , 417,      1.501200,      0.346861,      0.231056,      0.099928,      0.999993
 19, 20, 330.0, 0,      0.000000,Optimal,Agg1    , 402,      1.447200,      0.346137,      0.239177,      0.099942,      1.000004
 19, 20, 330.0, 0,      0.000000,Optimal,Agg2    , 397,      1.429200,      0.329171,      0.230318,      0.099945,      1.000000
 19, 20, 330.0, 0,      0.000000,Optimal,Agg3    , 417,      1.501200,      0.349637,      0.232905,      0.099944,      0.999995
 20, 21,   0.0, 0,      0.000000,Optimal,Agg1    , 402,      1.447200,      0.288742,      0.199518,      0.099920,      0.999993
 20, 21,   0.0, 0,      0.000000,Optimal,Agg2    , 397,      1.429200,      0.268311,      0.187735,      0.099920,      0.999994
 20, 21,   0.0, 0,      0.000000,Optimal,Agg3    , 417,      1.501200,      0.283177,      0.188634,      0.099920,      0.999986
 20, 21,  30.0, 0,      0.000000,Optimal,Agg1    , 402,      1.447200,      0.283042,      0.195579,      0.099940,      0.999986
 20, 21,  30.0, 0,      0.000000,Optimal,Agg2    , 397,      1.429200,      0.263489,      0.184361,      0.099942,      0.999986
 20, 21,  30.0, 0,      0.000000,Optimal,Agg3    , 417,      1.501200,      0.279045,      0.185881,      0.099941,      0.999980
 20, 21,  60.0, 0,      0.000000,Optimal,Agg1    , 402,      1.447200,      0.257747,      0.178100,      0.099814,      0.999964
 20, 21,  60.0, 0,      0.000000,Optimal,Agg2    , 397,      1.429200,      0.240365,      0.168181,      0.099816,      0.999961
 20, 21,  60.0, 0,      0.000000,Optimal,Agg3    , 417,      1.501200,      0.262734,      0.175016,      0.099817,      0.999963
 20, 21,  90.0, 0,      0.000000,Optimal,Agg1    , 402,      1.447200,      0.137139,      0.094762,     -0.964829,      0.999915
 20, 21,  90.0, 0,      0.000000,Optimal,Agg2    , 397,      1.429200,      0.109261,      0.076449,     -0.957300,      0.999913
 20, 21,  90.0, 0,      0.000000,Optimal,Agg3    , 417,      1.501200,      0.131348,      0.087495,     -0.957387,      0.999921
 20, 21, 120.0, 0,      0.000000,Optimal,Agg1    , 402,      1.447200,     -0.127327,     -0.087982,     -0.545132,      0.825989
 20, 21, 120.0, 0,      0.000000,Optimal,Agg2    , 397,      1.429200,     -0.175124,     -0.122533,     -0.545212,      0.837389
 20, 21, 120.0, 0,      0.000000,Optimal,Agg3    , 417,      1.501200,     -0.157236,     -0.104740,     -0.546859,      0.822207
 20, 21, 150.0, 0,      0.000000,Optimal,Agg1    , 402,      1.447200,     -0.581936,     -0.402112,     -0.944224,      0.346974
 20, 21, 150.0, 0,      0.000000,Optimal,Agg2    , 397,      1.429200,     -0.629113,     -0.440185,     -0.943019,      0.299432
 20, 21, 150.0, 0,      0.000000,Optimal,Agg3    , 417,      1.501200,     -0.645381,     -0.429910,     -0.943857,      0.201088
 20, 21, 180.0, 0,      0.000000,Optimal,Agg1    , 402,      1.447200,     -0.762778,     -0.527071,     -0.999877,      0.748774
 20, 21, 180.0, 0,      0.000000,Optimal,Agg2    , 397,      1.429200,     -0.810178,     -0.566875,     -0.999946,      0.648152
 20, 21, 180.0, 0,      0.000000,Optimal,Agg3    , 417,      1.501200,     -0.829013,     -0.552233,     -0.999967,      0.663354
 20, 21, 210.0, 0,      0.000000,Optimal,Agg1    , 402,      1.447200,     -0.736853,     -0.509158,     -0.999996,      0.990558
 20, 21, 210.0, 0,      0.000000,Optimal,Agg2    , 397,      1.429200,     -0.761317,     -0.532687,     -0.999977,      0.749801
 20, 21, 210.0, 0,      0.000000,Optimal,Agg3    , 417,      1.501200,     -0.799824,     -0.532790,     -0.999984,      0.908481
 20, 21, 240.0, 0,      0.000000,Optimal,Agg1    , 402,      1.447200,      0.056212,      0.038842,     -0.999025,      0.999796
 20, 21, 240.0, 0,      0.000000,Optimal,Agg2    , 397,      1.429200,      0.055528,      0.038852,     -0.992133,      0.999855
 20, 21, 240.0, 0,      0.000000,Optimal,Agg3    , 417,      1.501200,      0.078848,      0.052523,     -0.990740,      0.999940
 20, 21, 270.0, 0,      0.000000,Optimal,Agg1    , 402,      1.447200,      0.277516,      0.191760,     -0.027490,      1.000002
 20, 21, 270.0, 0,      0.000000,Optimal,Agg2    , 397,      1.429200,      0.250871,      0.175533,      0.092704,      0.999944
 20, 21, 270.0, 0,      0.000000,Optimal,Agg3    , 417,      1.501200,      0.272762,      0.181696,      0.056974,      0.999979
 20, 21, 300.0, 0,      0.000000,Optimal,Agg1    , 402,      1.447200,      0.286993,      0.198309,      0.099924,      1.000006
 20, 21, 300.0, 0,      0.000000,Optimal,Agg2    , 397,      1.429200,      0.265359,      0.185670,      0.099929,      0.999994
 20, 21, 300.0, 0,      0.000000,Optimal,Agg3    , 417,      1.501200,      0.281377,      0.187435,      0.099940,      0.999996
 20, 21, 330.0, 0,      0.000000,Optimal,Agg1    , 402,      1.447200,      0.288552,      0.199386,      0.099944,      1.000004
 20, 21, 330.0, 0,      0.000000,Optimal,Agg2    , 397,      1.429200,      0.267944,      0.187478,      0.099945,      0.999994
 20, 21, 330.0, 0,      0.000000,Optimal,Agg3    , 417,      1.501200,      0.282833,      0.188405,      0.099947,      0.999993
 21, 22,   0.0, 0,      0.000000,Optimal,Agg1    , 402,      1.447200,      0.259624,      0.179397,      0.099933,      0.999994
 21, 22,   0.0, 0,      0.000000,Optimal,Agg2    , 397,      1.429200,      0.228971,      0.160209,      0.099933,      0.999993
 21, 22,   0.0, 0,      0.000000,Optimal,Agg3    , 417,      1.501200,      0.247310,      0.164742,      0.099932,      0.999991
 21, 22,  30.0, 0,      0.000000,Optimal,Agg1    , 402,      1.447200,      0.254853,      0.176101,      0.099954,      0.999996
 21, 22,  30.0, 0,      0.000000,Optimal,Agg2    , 397,      1.429200,      0.225888,      0.158052,      0.099954,      0.999994
 21, 22,  30.0, 0,      0.000000,Optimal,Agg3    , 417,      1.501200,      0.244632,      0.162957,      0.099954,      0.999982
 21, 22,  60.0, 0,      0.000000,Optimal,Agg1    , 402,      1.447200,      0.234726,      0.162193,      0.099935,      0.999993
 21, 22,  60.0, 0,      0.000000,Optimal,Agg2    , 397,      1.429200,      0.209201,      0.146376,      0.099936,      0.999992
 21, 22,  60.0, 0,      0.000000,Optimal,Agg3    , 417,      1.501200,      0.231199,      0.154010,      0.099935,      0.999961
 21, 22,  90.0, 0,      0.000000,Optimal,Agg1    , 402,      1.447200,      0.126028,      0.087084,     -0.980341,      0.999956
 21, 22,  90.0, 0,      0.000000,Optimal,Agg2    , 397,      1.429200,      0.096608,      0.067596,     -0.963719,      0.999942
 21, 22,  90.0, 0,      0.000000,Optimal,Agg3    , 417,      1.501200,      0.112890,      0.075200,     -0.963766,      0.999905
 21, 22, 120.0, 0,      0.000000,Optimal,Agg1    , 402,      1.447200,     -0.073259,     -0.050621,     -0.589298,      0.928438
 21, 22, 120.0, 0,      0.000000,Optimal,Agg2    , 397,      1.429200,     -0.129428,     -0.090560,     -0.589620,      0.914390
 21, 22, 120.0, 0,      0.000000,Optimal,Agg3    , 417,      1.501200,     -0.103253,     -0.068780,     -0.591577,      0.942981
 21, 22, 150.0, 0,      0.000000,Optimal,Agg1    , 402,      1.447200,     -0.532177,     -0.367729,     -0.923550,      0.354579
 21, 22, 150.0, 0,      0.000000,Optimal,Agg2    , 397,      1.429200,     -0.582879,     -0.407836,     -0.923270,      0.344979
 21, 22, 150.0, 0,      0.000000,Optimal,Agg3    , 417,      1.501200,     -0.596639,     -0.397441,     -0.923570,      0.300739
 21, 22, 180.0, 0,      0.000000,Optimal,Agg1    , 402,      1.447200,     -0.722379,     -0.499156,     -0.999973,      0.809317
 21, 22, 180.0, 0,      0.000000,Optimal,Agg2    , 397,      1.429200,     -0.768501,     -0.537714,     -0.999910,      0.781059
 21, 22, 180.0, 0,      0.000000,Optimal,Agg3    , 417,      1.501200,     -0.782430,     -0.521203,     -0.999955,      0.780006
 21, 22, 210.0, 0,      0.000000,Optimal,Agg1    , 402,      1.447200,     -0.705815,     -0.487711,     -0.999988,      0.990069
 21, 22, 210.0, 0,      0.000000,Optimal,Agg2    , 397,      1.429200,     -0.735498,     -0.514622,     -0.999958,      0.936527
 21, 22, 210.0, 0,      0.000000,Optimal,Agg3    , 417,      1.501200,     -0.761505,     -0.507264,     -0.999930,      0.954406
 21, 22, 240.0, 0,      0.000000,Optimal,Agg1    , 402,      1.447200,      0.045907,      0.031722,     -0.999476,      0.999863
 21, 22, 240.0, 0,      0.000000,Optimal,Agg2    , 397,      1.429200,      0.036005,      0.025192,     -0.922046,      0.999500
 21, 22, 240.0, 0,      0.000000,Optimal,Agg3    , 417,      1.501200,      0.066886,      0.044555,     -0.989440,      0.999842
 21, 22, 270.0, 0,      0.000000,Optimal,Agg1    , 402,      1.447200,      0.250064,      0.172792,     -0.041763,      0.999988
 21, 22, 270.0, 0,      0.000000,Optimal,Agg2    , 397,      1.429200,      0.216235,      0.151298,     -0.082611,      0.999981
 21, 22, 270.0, 0,      0.000000,Optimal,Agg3    , 417,      1.501200,      0.241382,      0.160793,      0.074876,      0.999976
 21, 22, 300.0, 0,      0.000000,Optimal,Agg1    , 402,      1.447200,      0.257756,      0.178107,      0.099912,      0.999993
 21, 22, 300.0, 0,      0.000000,Optimal,Agg2    , 397,      1.429200,      0.226837,      0.158716,      0.099865,      0.999988
 21, 22, 300.0, 0,      0.000000,Optimal,Agg3    , 417,      1.501200,      0.246539,      0.164228,      0.099926,      0.999984
 21, 22, 330.0, 0,      0.000000,Optimal,Agg1    , 402,      1.447200,      0.259140,      0.179063,      0.099925,      1.000009
 21, 22, 330.0, 0,      0.000000,Optimal,Agg2    , 397,      1.429200,      0.228616,      0.159961,      0.099918,      0.999996
 21, 22, 330.0, 0,      0.000000,Optimal,Agg3    , 417,      1.501200,      0.247197,      0.164666,      0.099929,      0.999997
 22, 23,   0.0, 0,      0.000000,Optimal,Agg1    , 402,      1.447200,      0.239002,      0.165148,      0.099914,      0.999980
 22, 23,   0.0, 0,      0.000000,Optimal,Agg2    , 397,      1.429200,      0.203615,      0.142468,      0.099914,      0.999970
 22, 23,   0.0, 0,      0.000000,Optimal,Agg3    , 417,      1.501200,      0.227231,      0.151366,      0.099909,      0.999972
 22, 23,  30.0, 0,      0.000000,Optimal,Agg1    , 402,      1.447200,      0.236067,      0.163120,      0.099952,      0.999986
 22, 23,  30.0, 0,      0.000000,Optimal,Agg2    , 397,      1.429200,      0.201698,      0.141127,      0.099952,      0.999988
 22, 23,  30.0, 0,      0.000000,Optimal,Agg3    , 417,      1.501200,      0.225274,      0.150062,      0.099953,      0.999975
 22, 23,  60.0, 0,      0.000000,Optimal,Agg1    , 402,      1.447200,      0.222135,      0.153493,      0.099941,      0.999985
 22, 23,  60.0, 0,      0.000000,Optimal,Agg2    , 397,      1.429200,      0.191753,      0.134168,      0.099942,      0.999989
 22, 23,  60.0, 0,      0.000000,Optimal,Agg3    , 417,      1.501200,      0.214407,      0.142824,      0.099941,      0.999975
 22, 23,  90.0, 0,      0.000000,Optimal,Agg1    , 402,      1.447200,      0.129932,      0.089781,     -0.966029,      0.999948
 22, 23,  90.0, 0,      0.000000,Optimal,Agg2    , 397,      1.429200,      0.101674,      0.071141,     -0.896407,      0.999946
 22, 23,  90.0, 0,      0.000000,Optimal,Agg3    , 417,      1.501200,      0.110136,      0.073365,     -0.934661,      0.999899
 22, 23, 120.0, 0,      0.000000,Optimal,Agg1    , 402,      1.447200,     -0.047836,     -0.033054,     -0.587103,      0.996128
 22, 23, 120.0, 0,      0.000000,Optimal,Agg2    , 397,      1.429200,     -0.103072,     -0.072119,     -0.587397,      0.996756
 22, 23, 120.0, 0,      0.000000,Optimal,Agg3    , 417,      1.501200,     -0.081768,     -0.054468,     -0.589912,      0.997097
 22, 23, 150.0, 0,      0.000000,Optimal,Agg1    , 402,      1.447200,     -0.501729,     -0.346689,     -0.920721,      0.465862
 22, 23, 150.0, 0,      0.000000,Optimal,Agg2    , 397,      1.429200,     -0.557874,     -0.390340,     -0.919053,      0.330480
 22, 23, 150.0, 0,      0.000000,Optimal,Agg3    , 417,      1.501200,     -0.564965,     -0.376342,     -0.920343,      0.381845
 22, 23, 180.0, 0,      0.000000,Optimal,Agg1    , 402,      1.447200,     -0.707781,     -0.489069,     -0.999913,      0.854243
 22, 23, 180.0, 0,      0.000000,Optimal,Agg2    , 397,      1.429200,     -0.722843,     -0.505768,     -0.999863,      0.973550
 22, 23, 180.0, 0,      0.000000,Optimal,Agg3    , 417,      1.501200,     -0.759786,     -0.506119,     -0.999929,      0.708956
 22, 23, 210.0, 0,      0.000000,Optimal,Agg1    , 402,      1.447200,     -0.691022,     -0.477489,     -0.999990,      0.991110
 22, 23, 210.0, 0,      0.000000,Optimal,Agg2    , 397,      1.429200,     -0.693713,     -0.485385,     -0.999865,      0.999655
 22, 23, 210.0, 0,      0.000000,Optimal,Agg3    , 417,      1.501200,     -0.741514,     -0.493948,     -0.999948,      0.850264
 22, 23, 240.0, 0,      0.000000,Optimal,Agg1    , 402,      1.447200,      0.051991,      0.035925,     -0.999492,      0.999870
 22, 23, 240.0, 0,      0.000000,Optimal,Agg2    , 397,      1.429200,      0.026769,      0.018730,     -0.989635,      0.999937
 22, 23, 240.0, 0,      0.000000,Optimal,Agg3    , 417,      1.501200,      0.062888,      0.041892,     -0.993797,      0.999714
 22, 23, 270.0, 0,      0.000000,Optimal,Agg1    , 402,      1.447200,      0.233243,      0.161169,     -0.065575,      0.999951
 22, 23, 270.0, 0,      0.000000,Optimal,Agg2    , 397,      1.429200,      0.196200,      0.137280,     -0.088184,      0.999978
 22, 23, 270.0, 0,      0.000000,Optimal,Agg3    , 417,      1.501200,      0.224582,      0.149602,      0.063065,      0.999950
 22, 23, 300.0, 0,      0.000000,Optimal,Agg1    , 402,      1.447200,      0.238492,      0.164795,      0.099889,      0.999985
 22, 23, 300.0, 0,      0.000000,Optimal,Agg2    , 397,      1.429200,      0.201948,      0.141302,      0.099848,      0.999997
 22, 23, 300.0, 0,      0.000000,Optimal,Agg3    , 417,      1.501200,      0.226687,      0.151004,      0.099903,      0.999976
 22, 23, 330.0, 0,      0.000000,Optimal,Agg1    , 402,      1.447200,      0.238915,      0.165088,      0.099961,      0.999999
 22, 23, 330.0, 0,      0.000000,Optimal,Agg2    , 397,      1.429200,      0.203406,      0.142322,      0.099960,      0.999999
 22, 23, 330.0, 0,      0.000000,Optimal,Agg3    , 417,      1.501200,      0.227151,      0.151313,      0.099962,      0.999996
 23, 24,   0.0, 0,      0.000000,Optimal,Agg1    , 402,      1.447200,      0.218266,      0.150819,      0.099926,      0.999988
 23, 24,   0.0, 0,      0.000000,Optimal,Agg2    , 397,      1.429200,      0.180037,      0.125970,      0.099924,      0.999978
 23, 24,   0.0, 0,      0.000000,Optimal,Agg3    , 417,      1.501200,      0.205380,      0.136811,      0.099929,      0.999982
 23, 24,  30.0, 0,      0.000000,Optimal,Agg1    , 402,      1.447200,      0.216053,      0.149290,      0.099953,      0.999996
 23, 24,  30.0, 0,      0.000000,Optimal,Agg2    , 397,      1.429200,      0.179270,      0.125434,      0.099953,      0.999994
 23, 24,  30.0, 0,      0.000000,Optimal,Agg3    , 417,      1.501200,      0.204011,      0.135899,      0.099953,      0.999974
 23, 24,  60.0, 0,      0.000000,Optimal,Agg1    , 402,      1.447200,      0.206029,      0.142364,      0.099931,      0.999996
 23, 24,  60.0, 0,      0.000000,Optimal,Agg2    , 397,      1.429200,      0.174532,      0.122118,      0.099932,      0.999993
 23, 24,  60.0, 0,      0.000000,Optimal,Agg3    , 417,      1.501200,      0.197838,      0.131787,      0.099931,      0.999972
 23, 24,  90.0, 0,      0.000000,Optimal,Agg1    , 402,      1.447200,      0.128215,      0.088596,     -0.941038,      0.999903
 23, 24,  90.0, 0,      0.000000,Optimal,Agg2    , 397,      1.429200,      0.095255,      0.066649,     -0.951698,      0.999907
 23, 24,  90.0, 0,      0.000000,Optimal,Agg3    , 417,      1.501200,      0.111797,      0.074472,     -0.974418,      0.999863
 23, 24, 120.0, 0,      0.000000,Optimal,Agg1    , 402,      1.447200,     -0.047701,     -0.032961,     -0.590239,      0.997460
 23, 24, 120.0, 0,      0.000000,Optimal,Agg2    , 397,      1.429200,     -0.102008,     -0.071374,     -0.590444,      0.997719
 23, 24, 120.0, 0,      0.000000,Optimal,Agg3    , 417,      1.501200,     -0.083915,     -0.055899,     -0.592335,      0.997900
 23, 24, 150.0, 0,      0.000000,Optimal,Agg1    , 402,      1.447200,     -0.498800,     -0.344666,     -0.917748,      0.432434
 23, 24, 150.0, 0,      0.000000,Optimal,Agg2    , 397,      1.429200,     -0.554024,     -0.387646,     -0.916272,      0.326473
 23, 24, 150.0, 0,      0.000000,Optimal,Agg3    , 417,      1.501200,     -0.562481,     -0.374687,     -0.917545,      0.407939
 23, 24, 180.0, 0,      0.000000,Optimal,Agg1    , 402,      1.447200,     -0.699512,     -0.483356,     -0.999976,      0.859405
 23, 24, 180.0, 0,      0.000000,Optimal,Agg2    , 397,      1.429200,     -0.719410,     -0.503366,     -0.999940,      0.947377
 23, 24, 180.0, 0,      0.000000,Optimal,Agg3    , 417,      1.501200,     -0.764403,     -0.509195,     -0.999947,      0.927206
 23, 24, 210.0, 0,      0.000000,Optimal,Agg1    , 402,      1.447200,     -0.688036,     -0.475426,     -0.999994,      0.849582
 23, 24, 210.0, 0,      0.000000,Optimal,Agg2    , 397,      1.429200,     -0.694017,     -0.485598,     -0.999985,      0.999701
 23, 24, 210.0, 0,      0.000000,Optimal,Agg3    , 417,      1.501200,     -0.742049,     -0.494304,     -0.999956,      0.897088
 23, 24, 240.0, 0,      0.000000,Optimal,Agg1    , 402,      1.447200,      0.046973,      0.032458,     -0.996119,      0.999805
 23, 24, 240.0, 0,      0.000000,Optimal,Agg2    , 397,      1.429200,      0.017875,      0.012507,     -0.996819,      0.999945
 23, 24, 240.0, 0,      0.000000,Optimal,Agg3    , 417,      1.501200,      0.052915,      0.035248,     -0.995864,      0.999737
 23, 24, 270.0, 0,      0.000000,Optimal,Agg1    , 402,      1.447200,      0.215585,      0.148967,      0.099847,      0.999926
 23, 24, 270.0, 0,      0.000000,Optimal,Agg2    , 397,      1.429200,      0.175884,      0.123065,     -0.178732,      0.999994
 23, 24, 270.0, 0,      0.000000,Optimal,Agg3    , 417,      1.501200,      0.203458,      0.135530,      0.099720,      0.999958
 23, 24, 300.0, 0,      0.000000,Optimal,Agg1    , 402,      1.447200,      0.217926,      0.150585,      0.099946,      0.999963
 23, 24, 300.0, 0,      0.000000,Optimal,Agg2    , 397,      1.429200,      0.179779,      0.125790,      0.099937,      1.000002
 23, 24, 300.0, 0,      0.000000,Optimal,Agg3    , 417,      1.501200,      0.204984,      0.136547,      0.099942,      0.999989
 23, 24, 330.0, 0,      0.000000,Optimal,Agg1    , 402,      1.447200,      0.218184,      0.150763,      0.099940,      0.999992
 23, 24, 330.0, 0,      0.000000,Optimal,Agg2    , 397,      1.429200,      0.180044,      0.125976,      0.099936,      0.999998
 23, 24, 330.0, 0,      0.000000,Optimal,Agg3    , 417,      1.501200,      0.205291,      0.136751,      0.099938,      0.999987
 24, 25,   0.0, 0,      0.000000,Optimal,Agg1    , 402,      1.447200,      0.205849,      0.142240,      0.099936,      0.999989
 24, 25,   0.0, 0,      0.000000,Optimal,Agg2    , 397,      1.429200,      0.171063,      0.119691,      0.099935,      0.999918
 24, 25,   0.0, 0,      0.000000,Optimal,Agg3    , 417,      1.501200,      0.200757,      0.133731,      0.099932,      0.999983
 24, 25,  30.0, 0,      0.000000,Optimal,Agg1    , 402,      1.447200,      0.203397,      0.140545,      0.099956,      0.999913
 24, 25,  30.0, 0,      0.000000,Optimal,Agg2    , 397,      1.429200,      0.171087,      0.119708,      0.099956,      0.999626
 24, 25,  30.0, 0,      0.000000,Optimal,Agg3    , 417,      1.501200,      0.199699,      0.133027,      0.099956,      0.999979
 24, 25,  60.0, 0,      0.000000,Optimal,Agg1    , 402,      1.447200,      0.193508,      0.133712,      0.099923,      0.999907
 24, 25,  60.0, 0,      0.000000,Optimal,Agg2    , 397,      1.429200,      0.167059,      0.116890,      0.099924,      0.999621
 24, 25,  60.0, 0,      0.000000,Optimal,Agg3    , 417,      1.501200,      0.194352,      0.129465,      0.099923,      0.999973
 24, 25,  90.0, 0,      0.000000,Optimal,Agg1    , 402,      1.447200,      0.114386,      0.079040,     -0.988276,      0.999860
 24, 25,  90.0, 0,      0.000000,Optimal,Agg2    , 397,      1.429200,      0.085206,      0.059618,     -0.941238,      0.999567
 24, 25,  90.0, 0,      0.000000,Optimal,Agg3    , 417,      1.501200,      0.106851,      0.071177,     -0.985373,      0.999930
 24, 25, 120.0, 0,      0.000000,Optimal,Agg1    , 402,      1.447200,     -0.051870,     -0.035842,     -0.586280,      0.998035
 24, 25, 120.0, 0,      0.000000,Optimal,Agg2    , 397,      1.429200,     -0.107219,     -0.075020,     -0.586598,      0.998750
 24, 25, 120.0, 0,      0.000000,Optimal,Agg3    , 417,      1.501200,     -0.081920,     -0.054570,     -0.588341,      0.999275
 24, 25, 150.0, 0,      0.000000,Optimal,Agg1    , 402,      1.447200,     -0.497433,     -0.343721,     -0.903840,      0.383045
 24, 25, 150.0, 0,      0.000000,Optimal,Agg2    , 397,      1.429200,     -0.550069,     -0.384879,     -0.901654,      0.264688
 24, 25, 150.0, 0,      0.000000,Optimal,Agg3    , 417,      1.501200,     -0.558645,     -0.372132,     -0.903321,      0.424536
 24, 25, 180.0, 0,      0.000000,Optimal,Agg1    , 402,      1.447200,     -0.700657,     -0.484146,     -0.999867,      0.925318
 24, 25, 180.0, 0,      0.000000,Optimal,Agg2    , 397,      1.429200,     -0.721205,     -0.504621,     -0.999886,      0.801620
 24, 25, 180.0, 0,      0.000000,Optimal,Agg3    , 417,      1.501200,     -0.753542,     -0.501960,     -0.999817,      0.928178
 24, 25, 210.0, 0,      0.000000,Optimal,Agg1    , 402,      1.447200,     -0.686153,     -0.474124,     -0.999991,      0.998093
 24, 25, 210.0, 0,      0.000000,Optimal,Agg2    , 397,      1.429200,     -0.690756,     -0.483317,     -0.999949,      0.996013
 24, 25, 210.0, 0,      0.000000,Optimal,Agg3    , 417,      1.501200,     -0.730564,     -0.486653,     -0.999998,      0.898158
 24, 25, 240.0, 0,      0.000000,Optimal,Agg1    , 402,      1.447200,      0.032091,      0.022174,     -0.996475,      0.999972
 24, 25, 240.0, 0,      0.000000,Optimal,Agg2    , 397,      1.429200,      0.011119,      0.007780,     -0.999142,      0.950297
 24, 25, 240.0, 0,      0.000000,Optimal,Agg3    , 417,      1.501200,      0.038164,      0.025423,     -0.999838,      0.999710
 24, 25, 270.0, 0,      0.000000,Optimal,Agg1    , 402,      1.447200,      0.202398,      0.139855,      0.083715,      0.999956
 24, 25, 270.0, 0,      0.000000,Optimal,Agg2    , 397,      1.429200,      0.167537,      0.117224,      0.024065,      0.994092
 24, 25, 270.0, 0,      0.000000,Optimal,Agg3    , 417,      1.501200,      0.199006,      0.132564,      0.099854,      0.999981
 24, 25, 300.0, 0,      0.000000,Optimal,Agg1    , 402,      1.447200,      0.205470,      0.141978,      0.099941,      0.999985
 24, 25, 300.0, 0,      0.000000,Optimal,Agg2    , 397,      1.429200,      0.171070,      0.119697,      0.099937,      0.997733
 24, 25, 300.0, 0,      0.000000,Optimal,Agg3    , 417,      1.501200,      0.200344,      0.133456,      0.099937,      0.999991
 24, 25, 330.0, 0,      0.000000,Optimal,Agg1    , 402,      1.447200,      0.205757,      0.142176,      0.099947,      0.999998
 24, 25, 330.0, 0,      0.000000,Optimal,Agg2    , 397,      1.429200,      0.171075,      0.119700,      0.099946,      0.999167
 24, 25, 330.0, 0,      0.000000,Optimal,Agg3    , 417,      1.501200,      0.200669,      0.133673,      0.099945,      0.999999
 25, 26,   0.0, 0,      0.000000,Optimal,Agg1    , 402,      1.447200,      0.190417,      0.131576,      0.099928,      0.999988
 25, 26,   0.0, 0,      0.000000,Optimal,Agg2    , 397,      1.429200,      0.164961,      0.115422,      0.099929,      0.999695
 25, 26,   0.0, 0,      0.000000,Optimal,Agg3    , 417,      1.501200,      0.197619,      0.131641,      0.099929,      0.999993
 25, 26,  30.0, 0,      0.000000,Optimal,Agg1    , 402,      1.447200,      0.188497,      0.130250,      0.099956,      0.999844
 25, 26,  30.0, 0,      0.000000,Optimal,Agg2    , 397,      1.429200,      0.164189,      0.114882,      0.099956,      0.999500
 25, 26,  30.0, 0,      0.000000,Optimal,Agg3    , 417,      1.501200,      0.196609,      0.130968,      0.099956,      0.999989
 25, 26,  60.0, 0,      0.000000,Optimal,Agg1    , 402,      1.447200,      0.181011,      0.125077,      0.099910,      0.999837
 25, 26,  60.0, 0,      0.000000,Optimal,Agg2    , 397,      1.429200,      0.159642,      0.111700,      0.099911,      0.999494
 25, 26,  60.0, 0,      0.000000,Optimal,Agg3    , 417,      1.501200,      0.191465,      0.127542,      0.099910,      0.999981
 25, 26,  90.0, 0,      0.000000,Optimal,Agg1    , 402,      1.447200,      0.104575,      0.072260,     -0.883301,      0.999720
 25, 26,  90.0, 0,      0.000000,Optimal,Agg2    , 397,      1.429200,      0.083557,      0.058464,     -0.852124,      0.999376
 25, 26,  90.0, 0,      0.000000,Optimal,Agg3    , 417,      1.501200,      0.106190,      0.070737,     -0.881106,      0.999855
 25, 26, 120.0, 0,      0.000000,Optimal,Agg1    , 402,      1.447200,     -0.052855,     -0.036523,     -0.588998,      0.998816
 25, 26, 120.0, 0,      0.000000,Optimal,Agg2    , 397,      1.429200,     -0.095603,     -0.066893,     -0.589099,      0.998632
 25, 26, 120.0, 0,      0.000000,Optimal,Agg3    , 417,      1.501200,     -0.067626,     -0.045048,     -0.592205,      0.999242
 25, 26, 150.0, 0,      0.000000,Optimal,Agg1    , 402,      1.447200,     -0.484265,     -0.334622,     -0.913044,      0.359124
 25, 26, 150.0, 0,      0.000000,Optimal,Agg2    , 397,      1.429200,     -0.529461,     -0.370460,     -0.911432,      0.302099
 25, 26, 150.0, 0,      0.000000,Optimal,Agg3    , 417,      1.501200,     -0.537131,     -0.357801,     -0.912675,      0.414004
 25, 26, 180.0, 0,      0.000000,Optimal,Agg1    , 402,      1.447200,     -0.686319,     -0.474239,     -0.999945,      0.826950
 25, 26, 180.0, 0,      0.000000,Optimal,Agg2    , 397,      1.429200,     -0.696785,     -0.487535,     -0.999812,      0.815793
 25, 26, 180.0, 0,      0.000000,Optimal,Agg3    , 417,      1.501200,     -0.735530,     -0.489962,     -0.999812,      0.997153
 25, 26, 210.0, 0,      0.000000,Optimal,Agg1    , 402,      1.447200,     -0.665060,     -0.459550,     -0.999971,      0.985443
 25, 26, 210.0, 0,      0.000000,Optimal,Agg2    , 397,      1.429200,     -0.678946,     -0.475053,     -0.999845,      0.985277
 25, 26, 210.0, 0,      0.000000,Optimal,Agg3    , 417,      1.501200,     -0.712144,     -0.474383,     -0.999961,      0.999516
 25, 26, 240.0, 0,      0.000000,Optimal,Agg1    , 402,      1.447200,      0.020449,      0.014130,     -0.961406,      0.999979
 25, 26, 240.0, 0,      0.000000,Optimal,Agg2    , 397,      1.429200,      0.013769,      0.009634,     -0.927464,      0.995803
 25, 26, 240.0, 0,      0.000000,Optimal,Agg3    , 417,      1.501200,      0.040850,      0.027211,     -0.986041,      0.999952
 25, 26, 270.0, 0,      0.000000,Optimal,Agg1    , 402,      1.447200,      0.188455,      0.130221,      0.099850,      0.999884
 25, 26, 270.0, 0,      0.000000,Optimal,Agg2    , 397,      1.429200,      0.164909,      0.115385,      0.099748,      0.999668
 25, 26, 270.0, 0,      0.000000,Optimal,Agg3    , 417,      1.501200,      0.196032,      0.130583,      0.099774,      0.999988
 25, 26, 300.0, 0,      0.000000,Optimal,Agg1    , 402,      1.447200,      0.190066,      0.131334,      0.099955,      0.999941
 25, 26, 300.0, 0,      0.000000,Optimal,Agg2    , 397,      1.429200,      0.164993,      0.115445,      0.099953,      0.999697
 25, 26, 300.0, 0,      0.000000,Optimal,Agg3    , 417,      1.501200,      0.197243,      0.131390,      0.099953,      0.999997
 25, 26, 330.0, 0,      0.000000,Optimal,Agg1    , 402,      1.447200,      0.190339,      0.131522,      0.099955,      1.000000
 25, 26, 330.0, 0,      0.000000,Optimal,Agg2    , 397,      1.429200,      0.164988,      0.115441,      0.099955,      0.999341
 25, 26, 330.0, 0,      0.000000,Optimal,Agg3    , 417,      1.501200,      0.197552,      0.131596,      0.099954,      0.999999
 26, 27,   0.0, 0,      0.000000,Optimal,Agg1    , 402,      1.447200,      0.183775,      0.126987,      0.099914,      0.999979
 26, 27,   0.0, 0,      0.000000,Optimal,Agg2    , 397,      1.429200,      0.160671,      0.112421,      0.099913,      0.971787
 26, 27,   0.0, 0,      0.000000,Optimal,Agg3    , 417,      1.501200,      0.192863,      0.128472,      0.099911,      0.999989
 26, 27,  30.0, 0,      0.000000,Optimal,Agg1    , 402,      1.447200,      0.182153,      0.125866,      0.099940,      0.999995
 26, 27,  30.0, 0,      0.000000,Optimal,Agg2    , 397,      1.429200,      0.160290,      0.112153,      0.099940,      0.971823
 26, 27,  30.0, 0,      0.000000,Optimal,Agg3    , 417,      1.501200,      0.191374,      0.127480,      0.099940,      0.999990
 26, 27,  60.0, 0,      0.000000,Optimal,Agg1    , 402,      1.447200,      0.176240,      0.121780,      0.099793,      0.999985
 26, 27,  60.0, 0,      0.000000,Optimal,Agg2    , 397,      1.429200,      0.156906,      0.109786,      0.099796,      0.971792
 26, 27,  60.0, 0,      0.000000,Optimal,Agg3    , 417,      1.501200,      0.185856,      0.123805,      0.099794,      0.999962
 26, 27,  90.0, 0,      0.000000,Optimal,Agg1    , 402,      1.447200,      0.096742,      0.066848,     -0.987131,      0.999982
 26, 27,  90.0, 0,      0.000000,Optimal,Agg2    , 397,      1.429200,      0.076593,      0.053592,     -0.986902,      0.971820
 26, 27,  90.0, 0,      0.000000,Optimal,Agg3    , 417,      1.501200,      0.092968,      0.061929,     -0.987267,      0.999966
 26, 27, 120.0, 0,      0.000000,Optimal,Agg1    , 402,      1.447200,     -0.070394,     -0.048641,     -0.578362,      0.998641
 26, 27, 120.0, 0,      0.000000,Optimal,Agg2    , 397,      1.429200,     -0.114602,     -0.080186,     -0.602448,      0.971453
 26, 27, 120.0, 0,      0.000000,Optimal,Agg3    , 417,      1.501200,     -0.086200,     -0.057421,     -0.580796,      0.988619
 26, 27, 150.0, 0,      0.000000,Optimal,Agg1    , 402,      1.447200,     -0.514827,     -0.355740,     -0.928063,      0.357401
 26, 27, 150.0, 0,      0.000000,Optimal,Agg2    , 397,      1.429200,     -0.556014,     -0.389039,     -0.926488,      0.246389
 26, 27, 150.0, 0,      0.000000,Optimal,Agg3    , 417,      1.501200,     -0.563583,     -0.375422,     -0.927665,      0.383704
 26, 27, 180.0, 0,      0.000000,Optimal,Agg1    , 402,      1.447200,     -0.712995,     -0.492672,     -0.999880,      0.741956
 26, 27, 180.0, 0,      0.000000,Optimal,Agg2    , 397,      1.429200,     -0.730843,     -0.511365,     -0.999967,      0.746352
 26, 27, 180.0, 0,      0.000000,Optimal,Agg3    , 417,      1.501200,     -0.751734,     -0.500756,     -0.999959,      0.991497
 26, 27, 210.0, 0,      0.000000,Optimal,Agg1    , 402,      1.447200,     -0.682339,     -0.471489,     -0.999996,      0.945935
 26, 27, 210.0, 0,      0.000000,Optimal,Agg2    , 397,      1.429200,     -0.707742,     -0.495202,     -0.999921,      0.945415
 26, 27, 210.0, 0,      0.000000,Optimal,Agg3    , 417,      1.501200,     -0.732284,     -0.487799,     -0.999987,      0.996208
 26, 27, 240.0, 0,      0.000000,Optimal,Agg1    , 402,      1.447200,      0.009848,      0.006805,     -0.997617,      0.999400
 26, 27, 240.0, 0,      0.000000,Optimal,Agg2    , 397,      1.429200,     -0.007205,     -0.005041,     -0.999693,      0.971673
 26, 27, 240.0, 0,      0.000000,Optimal,Agg3    , 417,      1.501200,      0.027746,      0.018482,     -0.998233,      0.999951
 26, 27, 270.0, 0,      0.000000,Optimal,Agg1    , 402,      1.447200,      0.181183,      0.125195,     -0.040398,      0.999910
 26, 27, 270.0, 0,      0.000000,Optimal,Agg2    , 397,      1.429200,      0.159876,      0.111864,     -0.105071,      0.971829
 26, 27, 270.0, 0,      0.000000,Optimal,Agg3    , 417,      1.501200,      0.190824,      0.127114,      0.025705,      0.999988
 26, 27, 300.0, 0,      0.000000,Optimal,Agg1    , 402,      1.447200,      0.183469,      0.126775,      0.099954,      0.999960
 26, 27, 300.0, 0,      0.000000,Optimal,Agg2    , 397,      1.429200,      0.160729,      0.112461,      0.099946,      0.971835
 26, 27, 300.0, 0,      0.000000,Optimal,Agg3    , 417,      1.501200,      0.192490,      0.128224,      0.099956,      0.999997
 26, 27, 330.0, 0,      0.000000,Optimal,Agg1    , 402,      1.447200,      0.183751,      0.126970,      0.099956,      0.999988
 26, 27, 330.0, 0,      0.000000,Optimal,Agg2    , 397,      1.429200,      0.160725,      0.112458,      0.099955,      0.971832
 26, 27, 330.0, 0,      0.000000,Optimal,Agg3    , 417,      1.501200,      0.192827,      0.128449,      0.099957,      0.999998
 27, 28,   0.0, 0,      0.000000,Optimal,Agg1    , 402,      1.447200,      0.177862,      0.122901,      0.099925,      0.999985
 27, 28,   0.0, 0,      0.000000,Optimal,Agg2    , 397,      1.429200,      0.156126,      0.109240,      0.099924,      0.671451
 27, 28,   0.0, 0,      0.000000,Optimal,Agg3    , 417,      1.501200,      0.185058,      0.123273,      0.099924,      0.999991
 27, 28,  30.0, 0,      0.000000,Optimal,Agg1    , 402,      1.447200,      0.176214,      0.121762,      0.099939,      0.999839
 27, 28,  30.0, 0,      0.000000,Optimal,Agg2    , 397,      1.429200,      0.156148,      0.109255,      0.099939,      0.671473
 27, 28,  30.0, 0,      0.000000,Optimal,Agg3    , 417,      1.501200,      0.183545,      0.122265,      0.099940,      0.999982
 27, 28,  60.0, 0,      0.000000,Optimal,Agg1    , 402,      1.447200,      0.170075,      0.117520,      0.099897,      0.999831
 27, 28,  60.0, 0,      0.000000,Optimal,Agg2    , 397,      1.429200,      0.154865,      0.108358,      0.099900,      0.671472
 27, 28,  60.0, 0,      0.000000,Optimal,Agg3    , 417,      1.501200,      0.178193,      0.118700,      0.099899,      0.999976
 27, 28,  90.0, 0,      0.000000,Optimal,Agg1    , 402,      1.447200,      0.091237,      0.063044,     -0.921502,      0.999785
 27, 28,  90.0, 0,      0.000000,Optimal,Agg2    , 397,      1.429200,      0.074083,      0.051835,     -0.922212,      0.671457
 27, 28,  90.0, 0,      0.000000,Optimal,Agg3    , 417,      1.501200,      0.085829,      0.057173,     -0.943788,      0.999921
 27, 28, 120.0, 0,      0.000000,Optimal,Agg1    , 402,      1.447200,     -0.087488,     -0.060453,     -0.564001,      0.998525
 27, 28, 120.0, 0,      0.000000,Optimal,Agg2    , 397,      1.429200,     -0.128147,     -0.089663,     -0.563748,      0.671051
 27, 28, 120.0, 0,      0.000000,Optimal,Agg3    , 417,      1.501200,     -0.109817,     -0.073153,     -0.565555,      0.974686
 27, 28, 150.0, 0,      0.000000,Optimal,Agg1    , 402,      1.447200,     -0.531160,     -0.367026,     -0.933353,      0.330323
 27, 28, 150.0, 0,      0.000000,Optimal,Agg2    , 397,      1.429200,     -0.569752,     -0.398651,     -0.932077,      0.138289
 27, 28, 150.0, 0,      0.000000,Optimal,Agg3    , 417,      1.501200,     -0.583053,     -0.388391,     -0.932918,      0.302936
 27, 28, 180.0, 0,      0.000000,Optimal,Agg1    , 402,      1.447200,     -0.729410,     -0.504015,     -0.999911,      0.691671
 27, 28, 180.0, 0,      0.000000,Optimal,Agg2    , 397,      1.429200,     -0.734861,     -0.514176,     -0.999918,      0.500198
 27, 28, 180.0, 0,      0.000000,Optimal,Agg3    , 417,      1.501200,     -0.781987,     -0.520908,     -0.999918,      0.930481
 27, 28, 210.0, 0,      0.000000,Optimal,Agg1    , 402,      1.447200,     -0.696507,     -0.481279,     -0.999967,      0.968857
 27, 28, 210.0, 0,      0.000000,Optimal,Agg2    , 397,      1.429200,     -0.711815,     -0.498051,     -0.999821,      0.671104
 27, 28, 210.0, 0,      0.000000,Optimal,Agg3    , 417,      1.501200,     -0.759732,     -0.506083,     -0.999938,      0.911907
 27, 28, 240.0, 0,      0.000000,Optimal,Agg1    , 402,      1.447200,      0.011294,      0.007804,     -0.998818,      0.999719
 27, 28, 240.0, 0,      0.000000,Optimal,Agg2    , 397,      1.429200,     -0.000758,     -0.000530,     -0.950840,      0.671406
 27, 28, 240.0, 0,      0.000000,Optimal,Agg3    , 417,      1.501200,      0.026021,      0.017333,     -0.993059,      0.999756
 27, 28, 270.0, 0,      0.000000,Optimal,Agg1    , 402,      1.447200,      0.175988,      0.121606,     -0.046656,      0.999971
 27, 28, 270.0, 0,      0.000000,Optimal,Agg2    , 397,      1.429200,      0.154748,      0.108276,     -0.059398,      0.671460
 27, 28, 270.0, 0,      0.000000,Optimal,Agg3    , 417,      1.501200,      0.183193,      0.122031,      0.092607,      0.999978
 27, 28, 300.0, 0,      0.000000,Optimal,Agg1    , 402,      1.447200,      0.177610,      0.122727,      0.099945,      0.999996
 27, 28, 300.0, 0,      0.000000,Optimal,Agg2    , 397,      1.429200,      0.155739,      0.108969,      0.099951,      0.671482
 27, 28, 300.0, 0,      0.000000,Optimal,Agg3    , 417,      1.501200,      0.184630,      0.122988,      0.099951,      0.999993
 27, 28, 330.0, 0,      0.000000,Optimal,Agg1    , 402,      1.447200,      0.177823,      0.122874,      0.099949,      0.999996
 27, 28, 330.0, 0,      0.000000,Optimal,Agg2    , 397,      1.429200,      0.156159,      0.109263,      0.099950,      0.671477
 27, 28, 330.0, 0,      0.000000,Optimal,Agg3    , 417,      1.501200,      0.184988,      0.123227,      0.099951,      0.999997
 28, 29,   0.0, 0,      0.000000,Optimal,Agg1    , 402,      1.447200,      0.177286,      0.122503,      0.099947,      0.999994
 28, 29,   0.0, 0,      0.000000,Optimal,Agg2    , 397,      1.429200,      0.152108,      0.106429,      0.099947,      0.472117
 28, 29,   0.0, 0,      0.000000,Optimal,Agg3    , 417,      1.501200,      0.182347,      0.121468,      0.099947,      0.999991
 28, 29,  30.0, 0,      0.000000,Optimal,Agg1    , 402,      1.447200,      0.175939,      0.121572,      0.099948,      0.990500
 28, 29,  30.0, 0,      0.000000,Optimal,Agg2    , 397,      1.429200,      0.152114,      0.106433,      0.099948,      0.472110
 28, 29,  30.0, 0,      0.000000,Optimal,Agg3    , 417,      1.501200,      0.180427,      0.120188,      0.099948,      0.999974
 28, 29,  60.0, 0,      0.000000,Optimal,Agg1    , 402,      1.447200,      0.169809,      0.117336,      0.099913,      0.990499
 28, 29,  60.0, 0,      0.000000,Optimal,Agg2    , 397,      1.429200,      0.152009,      0.106360,      0.099914,      0.446493
 28, 29,  60.0, 0,      0.000000,Optimal,Agg3    , 417,      1.501200,      0.174327,      0.116125,      0.099913,      0.999968
 28, 29,  90.0, 0,      0.000000,Optimal,Agg1    , 402,      1.447200,      0.084146,      0.058144,     -0.986852,      0.990459
 28, 29,  90.0, 0,      0.000000,Optimal,Agg2    , 397,      1.429200,      0.065752,      0.046006,     -0.985692,      0.409709
 28, 29,  90.0, 0,      0.000000,Optimal,Agg3    , 417,      1.501200,      0.071186,      0.047420,     -0.987342,      0.999877
 28, 29, 120.0, 0,      0.000000,Optimal,Agg1    , 402,      1.447200,     -0.124361,     -0.085932,     -0.549064,      0.980012
 28, 29, 120.0, 0,      0.000000,Optimal,Agg2    , 397,      1.429200,     -0.163137,     -0.114146,     -0.547813,      0.403887
 28, 29, 120.0, 0,      0.000000,Optimal,Agg3    , 417,      1.501200,     -0.154317,     -0.102796,     -0.551284,      0.891681
 28, 29, 150.0, 0,      0.000000,Optimal,Agg1    , 402,      1.447200,     -0.574533,     -0.396997,     -0.935957,      0.257557
 28, 29, 150.0, 0,      0.000000,Optimal,Agg2    , 397,      1.429200,     -0.609805,     -0.426676,     -0.934538,      0.073204
 28, 29, 150.0, 0,      0.000000,Optimal,Agg3    , 417,      1.501200,     -0.626938,     -0.417624,     -0.935553,      0.249384
 28, 29, 180.0, 0,      0.000000,Optimal,Agg1    , 402,      1.447200,     -0.766753,     -0.529818,     -0.999977,      0.599607
 28, 29, 180.0, 0,      0.000000,Optimal,Agg2    , 397,      1.429200,     -0.782758,     -0.547690,     -0.999942,      0.437656
 28, 29, 180.0, 0,      0.000000,Optimal,Agg3    , 417,      1.501200,     -0.819892,     -0.546158,     -0.999925,      0.825663
 28, 29, 210.0, 0,      0.000000,Optimal,Agg1    , 402,      1.447200,     -0.735279,     -0.508070,     -0.999993,      0.986139
 28, 29, 210.0, 0,      0.000000,Optimal,Agg2    , 397,      1.429200,     -0.752419,     -0.526462,     -0.999981,      0.472123
 28, 29, 210.0, 0,      0.000000,Optimal,Agg3    , 417,      1.501200,     -0.790160,     -0.526352,     -0.999991,      0.786759
 28, 29, 240.0, 0,      0.000000,Optimal,Agg1    , 402,      1.447200,      0.008810,      0.006087,     -0.996490,      0.999715
 28, 29, 240.0, 0,      0.000000,Optimal,Agg2    , 397,      1.429200,     -0.009387,     -0.006568,     -0.950480,      0.472129
 28, 29, 240.0, 0,      0.000000,Optimal,Agg3    , 417,      1.501200,      0.014878,      0.009911,     -0.995767,      0.999691
 28, 29, 270.0, 0,      0.000000,Optimal,Agg1    , 402,      1.447200,      0.175722,      0.121422,      0.014820,      0.999915
 28, 29, 270.0, 0,      0.000000,Optimal,Agg2    , 397,      1.429200,      0.152120,      0.106437,      0.099914,      0.472058
 28, 29, 270.0, 0,      0.000000,Optimal,Agg3    , 417,      1.501200,      0.180486,      0.120228,      0.059553,      0.999993
 28, 29, 300.0, 0,      0.000000,Optimal,Agg1    , 402,      1.447200,      0.177077,      0.122359,      0.099930,      0.999966
 28, 29, 300.0, 0,      0.000000,Optimal,Agg2    , 397,      1.429200,      0.152119,      0.106437,      0.099944,      0.472114
 28, 29, 300.0, 0,      0.000000,Optimal,Agg3    , 417,      1.501200,      0.181993,      0.121232,      0.099939,      0.999994
 28, 29, 330.0, 0,      0.000000,Optimal,Agg1    , 402,      1.447200,      0.177287,      0.122504,      0.099954,      0.999994
 28, 29, 330.0, 0,      0.000000,Optimal,Agg2    , 397,      1.429200,      0.152122,      0.106439,      0.099955,      0.472124
 28, 29, 330.0, 0,      0.000000,Optimal,Agg3    , 417,      1.501200,      0.182277,      0.121421,      0.099955,      1.000000
 29, 30,   0.0, 0,      0.000000,Optimal,Agg1    , 402,      1.447200,      0.172867,      0.119449,      0.099933,      0.999904
 29, 30,   0.0, 0,      0.000000,Optimal,Agg2    , 397,      1.429200,      0.152635,      0.106797,      0.099932,      0.622127
 29, 30,   0.0, 0,      0.000000,Optimal,Agg3    , 417,      1.501200,      0.179867,      0.119815,      0.099932,      0.999981
 29, 30,  30.0, 0,      0.000000,Optimal,Agg1    , 402,      1.447200,      0.171905,      0.118785,      0.099941,      0.936692
 29, 30,  30.0, 0,      0.000000,Optimal,Agg2    , 397,      1.429200,      0.152652,      0.106809,      0.099941,      0.622118
 29, 30,  30.0, 0,      0.000000,Optimal,Agg3    , 417,      1.501200,      0.178325,      0.118788,      0.099941,      0.999989
 29, 30,  60.0, 0,      0.000000,Optimal,Agg1    , 402,      1.447200,      0.166952,      0.115362,      0.099897,      0.936695
 29, 30,  60.0, 0,      0.000000,Optimal,Agg2    , 397,      1.429200,      0.152093,      0.106418,      0.099898,      0.585513
 29, 30,  60.0, 0,      0.000000,Optimal,Agg3    , 417,      1.501200,      0.173574,      0.115623,      0.099897,      0.999986
 29, 30,  90.0, 0,      0.000000,Optimal,Agg1    , 402,      1.447200,      0.078326,      0.054122,     -0.991936,      0.936674
 29, 30,  90.0, 0,      0.000000,Optimal,Agg2    , 397,      1.429200,      0.061934,      0.043335,     -0.991589,      0.585493
 29, 30,  90.0, 0,      0.000000,Optimal,Agg3    , 417,      1.501200,      0.069855,      0.046533,     -0.992088,      0.999942
 29, 30, 120.0, 0,      0.000000,Optimal,Agg1    , 402,      1.447200,     -0.175046,     -0.120955,     -0.567387,      0.835837
 29, 30, 120.0, 0,      0.000000,Optimal,Agg2    , 397,      1.429200,     -0.207996,     -0.145533,     -0.566431,      0.524722
 29, 30, 120.0, 0,      0.000000,Optimal,Agg3    , 417,      1.501200,     -0.207215,     -0.138033,     -0.570149,      0.811939
 29, 30, 150.0, 0,      0.000000,Optimal,Agg1    , 402,      1.447200,     -0.625604,     -0.432286,     -0.964230,      0.321175
 29, 30, 150.0, 0,      0.000000,Optimal,Agg2    , 397,      1.429200,     -0.657178,     -0.459822,     -0.963479,      0.131074
 29, 30, 150.0, 0,      0.000000,Optimal,Agg3    , 417,      1.501200,     -0.680567,     -0.453349,     -0.964065,      0.266913
 29, 30, 180.0, 0,      0.000000,Optimal,Agg1    , 402,      1.447200,     -0.806259,     -0.557116,     -0.999969,      0.654873
 29, 30, 180.0, 0,      0.000000,Optimal,Agg2    , 397,      1.429200,     -0.828371,     -0.579605,     -0.999969,      0.333350
 29, 30, 180.0, 0,      0.000000,Optimal,Agg3    , 417,      1.501200,     -0.867544,     -0.577900,     -0.999968,      0.994158
 29, 30, 210.0, 0,      0.000000,Optimal,Agg1    , 402,      1.447200,     -0.773515,     -0.534491,     -0.999993,      0.935334
 29, 30, 210.0, 0,      0.000000,Optimal,Agg2    , 397,      1.429200,     -0.786880,     -0.550574,     -0.999912,      0.369020
 29, 30, 210.0, 0,      0.000000,Optimal,Agg3    , 417,      1.501200,     -0.832547,     -0.554588,     -0.999968,      0.999726
 29, 30, 240.0, 0,      0.000000,Optimal,Agg1    , 402,      1.447200,     -0.001358,     -0.000938,     -0.998072,      0.964278
 29, 30, 240.0, 0,      0.000000,Optimal,Agg2    , 397,      1.429200,     -0.017276,     -0.012088,     -0.998827,      0.369042
 29, 30, 240.0, 0,      0.000000,Optimal,Agg3    , 417,      1.501200,      0.010870,      0.007241,     -0.996251,      0.999907
 29, 30, 270.0, 0,      0.000000,Optimal,Agg1    , 402,      1.447200,      0.170772,      0.118002,     -0.078117,      0.964296
 29, 30, 270.0, 0,      0.000000,Optimal,Agg2    , 397,      1.429200,      0.151391,      0.105927,     -0.057387,      0.622121
 29, 30, 270.0, 0,      0.000000,Optimal,Agg3    , 417,      1.501200,      0.177781,      0.118426,     -0.017139,      0.999978
 29, 30, 300.0, 0,      0.000000,Optimal,Agg1    , 402,      1.447200,      0.172853,      0.119440,      0.099939,      0.987115
 29, 30, 300.0, 0,      0.000000,Optimal,Agg2    , 397,      1.429200,      0.152668,      0.106820,      0.099942,      0.622152
 29, 30, 300.0, 0,      0.000000,Optimal,Agg3    , 417,      1.501200,      0.179531,      0.119592,      0.099946,      0.999999
 29, 30, 330.0, 0,      0.000000,Optimal,Agg1    , 402,      1.447200,      0.172885,      0.119462,      0.099955,      0.995974
 29, 30, 330.0, 0,      0.000000,Optimal,Agg2    , 397,      1.429200,      0.152667,      0.106820,      0.099955,      0.622152
 29, 30, 330.0, 0,      0.000000,Optimal,Agg3    , 417,      1.501200,      0.179815,      0.119781,      0.099956,      1.000001
 30, 31,   0.0, 0,      0.000000,Optimal,Agg1    , 402,      1.447200,      0.165926,      0.114653,      0.099938,      0.999951
 30, 31,   0.0, 0,      0.000000,Optimal,Agg2    , 397,      1.429200,      0.151194,      0.105789,      0.099938,      0.779064
 30, 31,   0.0, 0,      0.000000,Optimal,Agg3    , 417,      1.501200,      0.174291,      0.116101,      0.099938,      0.999945
 30, 31,  30.0, 0,      0.000000,Optimal,Agg1    , 402,      1.447200,      0.165419,      0.114303,      0.099958,      0.851524
 30, 31,  30.0, 0,      0.000000,Optimal,Agg2    , 397,      1.429200,      0.151221,      0.105808,      0.099959,      0.779087
 30, 31,  30.0, 0,      0.000000,Optimal,Agg3    , 417,      1.501200,      0.172865,      0.115151,      0.099958,      0.972164
 30, 31,  60.0, 0,      0.000000,Optimal,Agg1    , 402,      1.447200,      0.161774,      0.111784,      0.099897,      0.760697
 30, 31,  60.0, 0,      0.000000,Optimal,Agg2    , 397,      1.429200,      0.151200,      0.105794,      0.099899,      0.779080
 30, 31,  60.0, 0,      0.000000,Optimal,Agg3    , 417,      1.501200,      0.168838,      0.112468,      0.099898,      0.972157
 30, 31,  90.0, 0,      0.000000,Optimal,Agg1    , 402,      1.447200,      0.065487,      0.045251,     -0.986595,      0.760660
 30, 31,  90.0, 0,      0.000000,Optimal,Agg2    , 397,      1.429200,      0.059486,      0.041622,     -0.985612,      0.779043
 30, 31,  90.0, 0,      0.000000,Optimal,Agg3    , 417,      1.501200,      0.063192,      0.042095,     -0.987012,      0.972116
 30, 31, 120.0, 0,      0.000000,Optimal,Agg1    , 402,      1.447200,     -0.233821,     -0.161568,     -0.585129,      0.552044
 30, 31, 120.0, 0,      0.000000,Optimal,Agg2    , 397,      1.429200,     -0.259558,     -0.181610,     -0.582749,      0.560856
 30, 31, 120.0, 0,      0.000000,Optimal,Agg3    , 417,      1.501200,     -0.264295,     -0.176056,     -0.588238,      0.674359
 30, 31, 150.0, 0,      0.000000,Optimal,Agg1    , 402,      1.447200,     -0.684732,     -0.473143,     -0.995127,      0.262978
 30, 31, 150.0, 0,      0.000000,Optimal,Agg2    , 397,      1.429200,     -0.711478,     -0.497816,     -0.968903,      0.070872
 30, 31, 150.0, 0,      0.000000,Optimal,Agg3    , 417,      1.501200,     -0.733473,     -0.488591,     -0.968467,      0.191839
 30, 31, 180.0, 0,      0.000000,Optimal,Agg1    , 402,      1.447200,     -0.850649,     -0.587789,     -1.000010,      0.528389
 30, 31, 180.0, 0,      0.000000,Optimal,Agg2    , 397,      1.429200,     -0.874014,     -0.611541,     -0.999995,      0.434887
 30, 31, 180.0, 0,      0.000000,Optimal,Agg3    , 417,      1.501200,     -0.914776,     -0.609363,     -1.000004,      0.867655
 30, 31, 210.0, 0,      0.000000,Optimal,Agg1    , 402,      1.447200,     -0.815474,     -0.563484,     -0.999995,      0.758479
 30, 31, 210.0, 0,      0.000000,Optimal,Agg2    , 397,      1.429200,     -0.824831,     -0.577127,     -0.999972,      0.776711
 30, 31, 210.0, 0,      0.000000,Optimal,Agg3    , 417,      1.501200,     -0.870978,     -0.580188,     -0.999953,      0.971671
 30, 31, 240.0, 0,      0.000000,Optimal,Agg1    , 402,      1.447200,     -0.016558,     -0.011441,     -0.983083,      0.825466
 30, 31, 240.0, 0,      0.000000,Optimal,Agg2    , 397,      1.429200,     -0.024886,     -0.017412,     -0.996637,      0.778972
 30, 31, 240.0, 0,      0.000000,Optimal,Agg3    , 417,      1.501200,      0.007332,      0.004884,     -0.993600,      0.998509
 30, 31, 270.0, 0,      0.000000,Optimal,Agg1    , 402,      1.447200,      0.164211,      0.113468,     -0.074171,      0.961634
 30, 31, 270.0, 0,      0.000000,Optimal,Agg2    , 397,      1.429200,      0.149441,      0.104563,     -0.056085,      0.779070
 30, 31, 270.0, 0,      0.000000,Optimal,Agg3    , 417,      1.501200,      0.172083,      0.114631,      0.015814,      0.999873
 30, 31, 300.0, 0,      0.000000,Optimal,Agg1    , 402,      1.447200,      0.165911,      0.114642,      0.099927,      0.989600
 30, 31, 300.0, 0,      0.000000,Optimal,Agg2    , 397,      1.429200,      0.151216,      0.105805,      0.099931,      0.779082
 30, 31, 300.0, 0,      0.000000,Optimal,Agg3    , 417,      1.501200,      0.173991,      0.115901,      0.099941,      0.999919
 30, 31, 330.0, 0,      0.000000,Optimal,Agg1    , 402,      1.447200,      0.165923,      0.114651,      0.099937,      0.996596
 30, 31, 330.0, 0,      0.000000,Optimal,Agg2    , 397,      1.429200,      0.151204,      0.105796,      0.099937,      0.779073
 30, 31, 330.0, 0,      0.000000,Optimal,Agg3    , 417,      1.501200,      0.174295,      0.116104,      0.099940,      0.999940
 31, 32,   0.0, 0,      0.000000,Optimal,Agg1    , 402,      1.447200,      0.163473,      0.112958,      0.099935,      0.972161
 31, 32,   0.0, 0,      0.000000,Optimal,Agg2    , 397,      1.429200,      0.159646,      0.111703,      0.099935,      0.999967
 31, 32,   0.0, 0,      0.000000,Optimal,Agg3    , 417,      1.501200,      0.173546,      0.115605,      0.099935,      0.999958
 31, 32,  30.0, 0,      0.000000,Optimal,Agg1    , 402,      1.447200,      0.163060,      0.112673,      0.099933,      0.854280
 31, 32,  30.0, 0,      0.000000,Optimal,Agg2    , 397,      1.429200,      0.159655,      0.111709,      0.099932,      0.999771
 31, 32,  30.0, 0,      0.000000,Optimal,Agg3    , 417,      1.501200,      0.172468,      0.114886,      0.099931,      0.854011
 31, 32,  60.0, 0,      0.000000,Optimal,Agg1    , 402,      1.447200,      0.161164,      0.111362,      0.091758,      0.598515
 31, 32,  60.0, 0,      0.000000,Optimal,Agg2    , 397,      1.429200,      0.158216,      0.110702,      0.091666,      0.999777
 31, 32,  60.0, 0,      0.000000,Optimal,Agg3    , 417,      1.501200,      0.168137,      0.112002,      0.099870,      0.810345
 31, 32,  90.0, 0,      0.000000,Optimal,Agg1    , 402,      1.447200,      0.062108,      0.042916,     -0.970603,      0.598416
 31, 32,  90.0, 0,      0.000000,Optimal,Agg2    , 397,      1.429200,      0.057866,      0.040488,     -0.968331,      0.999546
 31, 32,  90.0, 0,      0.000000,Optimal,Agg3    , 417,      1.501200,      0.056557,      0.037674,     -0.971557,      0.808187
 31, 32, 120.0, 0,      0.000000,Optimal,Agg1    , 402,      1.447200,     -0.306503,     -0.211790,     -0.746329,      0.415445
 31, 32, 120.0, 0,      0.000000,Optimal,Agg2    , 397,      1.429200,     -0.326142,     -0.228199,     -0.628989,      0.534201
 31, 32, 120.0, 0,      0.000000,Optimal,Agg3    , 417,      1.501200,     -0.340872,     -0.227066,     -0.748471,      0.415379
 31, 32, 150.0, 0,      0.000000,Optimal,Agg1    , 402,      1.447200,     -0.746457,     -0.515794,     -0.999467,      0.117576
 31, 32, 150.0, 0,      0.000000,Optimal,Agg2    , 397,      1.429200,     -0.769767,     -0.538600,     -0.986769,      0.075325
 31, 32, 150.0, 0,      0.000000,Optimal,Agg3    , 417,      1.501200,     -0.795885,     -0.530166,     -0.967340,      0.047430
 31, 32, 180.0, 0,      0.000000,Optimal,Agg1    , 402,      1.447200,     -0.906295,     -0.626240,     -0.999998,      0.495664
 31, 32, 180.0, 0,      0.000000,Optimal,Agg2    , 397,      1.429200,     -0.928003,     -0.649316,     -0.999982,      0.395770
 31, 32, 180.0, 0,      0.000000,Optimal,Agg3    , 417,      1.501200,     -0.963977,     -0.642137,     -1.000003,      0.626393
 31, 32, 210.0, 0,      0.000000,Optimal,Agg1    , 402,      1.447200,     -0.861384,     -0.595208,     -0.999976,      0.509345
 31, 32, 210.0, 0,      0.000000,Optimal,Agg2    , 397,      1.429200,     -0.862344,     -0.603375,     -0.999959,      0.755155
 31, 32, 210.0, 0,      0.000000,Optimal,Agg3    , 417,      1.501200,     -0.932184,     -0.620959,     -0.999975,      0.733590
 31, 32, 240.0, 0,      0.000000,Optimal,Agg1    , 402,      1.447200,     -0.034444,     -0.023800,     -0.999893,      0.642037
 31, 32, 240.0, 0,      0.000000,Optimal,Agg2    , 397,      1.429200,     -0.029368,     -0.020549,     -0.992820,      0.975490
 31, 32, 240.0, 0,      0.000000,Optimal,Agg3    , 417,      1.501200,     -0.003890,     -0.002591,     -0.994203,      0.999938
 31, 32, 270.0, 0,      0.000000,Optimal,Agg1    , 402,      1.447200,      0.161171,      0.111367,     -0.261407,      0.959906
 31, 32, 270.0, 0,      0.000000,Optimal,Agg2    , 397,      1.429200,      0.154783,      0.108301,     -0.054148,      0.999285
 31, 32, 270.0, 0,      0.000000,Optimal,Agg3    , 417,      1.501200,      0.171919,      0.114521,     -0.038170,      0.999968
 31, 32, 300.0, 0,      0.000000,Optimal,Agg1    , 402,      1.447200,      0.163485,      0.112967,      0.099912,      0.972134
 31, 32, 300.0, 0,      0.000000,Optimal,Agg2    , 397,      1.429200,      0.159528,      0.111620,      0.099920,      0.999711
 31, 32, 300.0, 0,      0.000000,Optimal,Agg3    , 417,      1.501200,      0.173537,      0.115599,      0.099919,      0.999989
 31, 32, 330.0, 0,      0.000000,Optimal,Agg1    , 402,      1.447200,      0.163489,      0.112969,      0.099942,      0.972162
 31, 32, 330.0, 0,      0.000000,Optimal,Agg2    , 397,      1.429200,      0.159661,      0.111714,      0.099944,      0.999830
 31, 32, 330.0, 0,      0.000000,Optimal,Agg3    , 417,      1.501200,      0.173557,      0.115612,      0.099943,      0.999996
 32, 33,   0.0, 0,      0.000000,Optimal,Agg1    , 402,      1.447200,      0.157410,      0.108769,      0.099934,      0.915132
 32, 33,   0.0, 0,      0.000000,Optimal,Agg2    , 397,      1.429200,      0.164031,      0.114771,      0.099933,      0.999991
 32, 33,   0.0, 0,      0.000000,Optimal,Agg3    , 417,      1.501200,      0.170619,      0.113655,      0.099933,      0.999946
 32, 33,  30.0, 0,      0.000000,Optimal,Agg1    , 402,      1.447200,      0.157407,      0.108767,      0.099956,      0.915153
 32, 33,  30.0, 0,      0.000000,Optimal,Agg2    , 397,      1.429200,      0.163475,      0.114382,      0.099956,      0.999773
 32, 33,  30.0, 0,      0.000000,Optimal,Agg3    , 417,      1.501200,      0.169575,      0.112960,      0.099956,      0.855025
 32, 33,  60.0, 0,      0.000000,Optimal,Agg1    , 402,      1.447200,      0.156002,      0.107796,      0.094191,      0.915134
 32, 33,  60.0, 0,      0.000000,Optimal,Agg2    , 397,      1.429200,      0.160359,      0.112202,      0.026051,      0.999737
 32, 33,  60.0, 0,      0.000000,Optimal,Agg3    , 417,      1.501200,      0.165960,      0.110551,      0.099745,      0.802474
 32, 33,  90.0, 0,      0.000000,Optimal,Agg1    , 402,      1.447200,      0.057392,      0.039657,     -0.923773,      0.915130
 32, 33,  90.0, 0,      0.000000,Optimal,Agg2    , 397,      1.429200,      0.057810,      0.040449,     -0.917446,      0.999698
 32, 33,  90.0, 0,      0.000000,Optimal,Agg3    , 417,      1.501200,      0.045459,      0.030282,     -0.926607,      0.648329
 32, 33, 120.0, 0,      0.000000,Optimal,Agg1    , 402,      1.447200,     -0.388217,     -0.268254,     -0.820392,      0.484659
 32, 33, 120.0, 0,      0.000000,Optimal,Agg2    , 397,      1.429200,     -0.399011,     -0.279185,     -0.600642,      0.339126
 32, 33, 120.0, 0,      0.000000,Optimal,Agg3    , 417,      1.501200,     -0.422765,     -0.281618,     -0.820279,      0.140468
 32, 33, 150.0, 0,      0.000000,Optimal,Agg1    , 402,      1.447200,     -0.842880,     -0.582421,     -0.989563,     -0.001149
 32, 33, 150.0, 0,      0.000000,Optimal,Agg2    , 397,      1.429200,     -0.857548,     -0.600020,     -0.975728,     -0.026282
 32, 33, 150.0, 0,      0.000000,Optimal,Agg3    , 417,      1.501200,     -0.894686,     -0.595981,     -0.991264,     -0.030489
 32, 33, 180.0, 0,      0.000000,Optimal,Agg1    , 402,      1.447200,     -0.975889,     -0.674329,     -0.999981,      0.262626
 32, 33, 180.0, 0,      0.000000,Optimal,Agg2    , 397,      1.429200,     -1.006415,     -0.704180,     -0.999990,      0.207453
 32, 33, 180.0, 0,      0.000000,Optimal,Agg3    , 417,      1.501200,     -1.042709,     -0.694584,     -0.999994,      0.443708
 32, 33, 210.0, 0,      0.000000,Optimal,Agg1    , 402,      1.447200,     -0.928086,     -0.641297,     -0.999986,      0.286057
 32, 33, 210.0, 0,      0.000000,Optimal,Agg2    , 397,      1.429200,     -0.940513,     -0.658069,     -0.999994,      0.358515
 32, 33, 210.0, 0,      0.000000,Optimal,Agg3    , 417,      1.501200,     -0.995605,     -0.663206,     -0.999988,      0.530509
 32, 33, 240.0, 0,      0.000000,Optimal,Agg1    , 402,      1.447200,     -0.058076,     -0.040130,     -0.988727,      0.577034
 32, 33, 240.0, 0,      0.000000,Optimal,Agg2    , 397,      1.429200,     -0.036883,     -0.025807,     -0.999224,      0.981500
 32, 33, 240.0, 0,      0.000000,Optimal,Agg3    , 417,      1.501200,     -0.033685,     -0.022439,     -0.967650,      0.999028
 32, 33, 270.0, 0,      0.000000,Optimal,Agg1    , 402,      1.447200,      0.156023,      0.107810,     -0.037631,      0.915032
 32, 33, 270.0, 0,      0.000000,Optimal,Agg2    , 397,      1.429200,      0.158458,      0.110872,      0.007059,      0.997232
 32, 33, 270.0, 0,      0.000000,Optimal,Agg3    , 417,      1.501200,      0.169785,      0.113099,     -0.044838,      0.999968
 32, 33, 300.0, 0,      0.000000,Optimal,Agg1    , 402,      1.447200,      0.157436,      0.108787,      0.099933,      0.915141
 32, 33, 300.0, 0,      0.000000,Optimal,Agg2    , 397,      1.429200,      0.162973,      0.114031,      0.099933,      0.999013
 32, 33, 300.0, 0,      0.000000,Optimal,Agg3    , 417,      1.501200,      0.170622,      0.113657,      0.099935,      0.999994
 32, 33, 330.0, 0,      0.000000,Optimal,Agg1    , 402,      1.447200,      0.157425,      0.108779,      0.099938,      0.915136
 32, 33, 330.0, 0,      0.000000,Optimal,Agg2    , 397,      1.429200,      0.163764,      0.114584,      0.099939,      0.999659
 32, 33, 330.0, 0,      0.000000,Optimal,Agg3    , 417,      1.501200,      0.170629,      0.113662,      0.099938,      0.999998
 33, 34,   0.0, 0,      0.000000,Optimal,Agg1    , 402,      1.447200,      0.161620,      0.111678,      0.099937,      0.771051
 33, 34,   0.0, 0,      0.000000,Optimal,Agg2    , 397,      1.429200,      0.166503,      0.116501,      0.099937,      0.960817
 33, 34,   0.0, 0,      0.000000,Optimal,Agg3    , 417,      1.501200,      0.175919,      0.117186,      0.099937,      0.999973
 33, 34,  30.0, 0,      0.000000,Optimal,Agg1    , 402,      1.447200,      0.160182,      0.110684,     -0.131633,      0.771067
 33, 34,  30.0, 0,      0.000000,Optimal,Agg2    , 397,      1.429200,      0.165531,      0.115821,     -0.073959,      0.956700
 33, 34,  30.0, 0,      0.000000,Optimal,Agg3    , 417,      1.501200,      0.172563,      0.114950,     -0.131871,      0.955289
 33, 34,  60.0, 0,      0.000000,Optimal,Agg1    , 402,      1.447200,      0.153696,      0.106203,     -0.204177,      0.771059
 33, 34,  60.0, 0,      0.000000,Optimal,Agg2    , 397,      1.429200,      0.159183,      0.111379,     -0.341160,      0.956691
 33, 34,  60.0, 0,      0.000000,Optimal,Agg3    , 417,      1.501200,      0.166818,      0.111123,     -0.184742,      0.955337
 33, 34,  90.0, 0,      0.000000,Optimal,Agg1    , 402,      1.447200,      0.054991,      0.037998,     -0.773518,      0.770804
 33, 34,  90.0, 0,      0.000000,Optimal,Agg2    , 397,      1.429200,      0.052618,      0.036816,     -0.765539,      0.956206
 33, 34,  90.0, 0,      0.000000,Optimal,Agg3    , 417,      1.501200,      0.034388,      0.022907,     -0.777261,      0.506430
 33, 34, 120.0, 0,      0.000000,Optimal,Agg1    , 402,      1.447200,     -0.474195,     -0.327664,     -0.874865,      0.279349
 33, 34, 120.0, 0,      0.000000,Optimal,Agg2    , 397,      1.429200,     -0.481045,     -0.336583,     -0.597157,      0.127509
 33, 34, 120.0, 0,      0.000000,Optimal,Agg3    , 417,      1.501200,     -0.508903,     -0.338998,     -0.874392,      0.381979
 33, 34, 150.0, 0,      0.000000,Optimal,Agg1    , 402,      1.447200,     -0.947221,     -0.654519,     -0.985811,      0.274742
 33, 34, 150.0, 0,      0.000000,Optimal,Agg2    , 397,      1.429200,     -0.942079,     -0.659165,     -0.952275,      0.098697
 33, 34, 150.0, 0,      0.000000,Optimal,Agg3    , 417,      1.501200,     -0.998457,     -0.665106,     -0.985778,      0.384495
 33, 34, 180.0, 0,      0.000000,Optimal,Agg1    , 402,      1.447200,     -1.064003,     -0.735215,     -0.999893,      0.099933
 33, 34, 180.0, 0,      0.000000,Optimal,Agg2    , 397,      1.429200,     -1.090990,     -0.763357,     -0.999984,      0.099871
 33, 34, 180.0, 0,      0.000000,Optimal,Agg3    , 417,      1.501200,     -1.127912,     -0.751340,     -0.999905,      0.286645
 33, 34, 210.0, 0,      0.000000,Optimal,Agg1    , 402,      1.447200,     -1.010074,     -0.697950,     -0.999972,      0.099962
 33, 34, 210.0, 0,      0.000000,Optimal,Agg2    , 397,      1.429200,     -1.020475,     -0.714018,     -0.999992,      0.235651
 33, 34, 210.0, 0,      0.000000,Optimal,Agg3    , 417,      1.501200,     -1.073513,     -0.715103,     -0.999989,      0.364140
 33, 34, 240.0, 0,      0.000000,Optimal,Agg1    , 402,      1.447200,     -0.081409,     -0.056253,     -0.952613,      0.604471
 33, 34, 240.0, 0,      0.000000,Optimal,Agg2    , 397,      1.429200,     -0.062047,     -0.043414,     -0.860777,      0.954004
 33, 34, 240.0, 0,      0.000000,Optimal,Agg3    , 417,      1.501200,     -0.063732,     -0.042454,     -0.987490,      0.955285
 33, 34, 270.0, 0,      0.000000,Optimal,Agg1    , 402,      1.447200,      0.160180,      0.110683,     -0.221340,      0.770969
 33, 34, 270.0, 0,      0.000000,Optimal,Agg2    , 397,      1.429200,      0.158152,      0.110658,     -0.277628,      0.956658
 33, 34, 270.0, 0,      0.000000,Optimal,Agg3    , 417,      1.501200,      0.173749,      0.115740,      0.036038,      0.962556
 33, 34, 300.0, 0,      0.000000,Optimal,Agg1    , 402,      1.447200,      0.161640,      0.111692,      0.099925,      0.771060
 33, 34, 300.0, 0,      0.000000,Optimal,Agg2    , 397,      1.429200,      0.165544,      0.115830,      0.099924,      0.956701
 33, 34, 300.0, 0,      0.000000,Optimal,Agg3    , 417,      1.501200,      0.175356,      0.116811,      0.099925,      0.990958
 33, 34, 330.0, 0,      0.000000,Optimal,Agg1    , 402,      1.447200,      0.161653,      0.111700,      0.099962,      0.771072
 33, 34, 330.0, 0,      0.000000,Optimal,Agg2    , 397,      1.429200,      0.166389,      0.116421,      0.099961,      0.956711
 33, 34, 330.0, 0,      0.000000,Optimal,Agg3    , 417,      1.501200,      0.175945,      0.117203,      0.099961,      0.997495
 34, 35,   0.0, 0,      0.000000,Optimal,Agg1    , 402,      1.447200,      0.165308,      0.114226,      0.099954,      0.686129
 34, 35,   0.0, 0,      0.000000,Optimal,Agg2    , 397,      1.429200,      0.177962,      0.124519,      0.099953,      0.999995
 34, 35,   0.0, 0,      0.000000,Optimal,Agg3    , 417,      1.501200,      0.186603,      0.124302,      0.099953,      0.999996
 34, 35,  30.0, 0,      0.000000,Optimal,Agg1    , 402,      1.447200,      0.159919,      0.110503,     -0.441112,      0.686086
 34, 35,  30.0, 0,      0.000000,Optimal,Agg2    , 397,      1.429200,      0.174690,      0.122229,     -0.311098,      0.999958
 34, 35,  30.0, 0,      0.000000,Optimal,Agg3    , 417,      1.501200,      0.172561,      0.114949,     -0.825166,      0.956228
 34, 35,  60.0, 0,      0.000000,Optimal,Agg1    , 402,      1.447200,      0.148863,      0.102863,     -0.436475,      0.564208
 34, 35,  60.0, 0,      0.000000,Optimal,Agg2    , 397,      1.429200,      0.163121,      0.114134,     -0.582528,      0.999921
 34, 35,  60.0, 0,      0.000000,Optimal,Agg3    , 417,      1.501200,      0.152109,      0.101325,     -0.988350,      0.851775
 34, 35,  90.0, 0,      0.000000,Optimal,Agg1    , 402,      1.447200,      0.036875,      0.025480,     -0.526050,      0.556406
 34, 35,  90.0, 0,      0.000000,Optimal,Agg2    , 397,      1.429200,      0.035261,      0.024672,     -0.697957,      0.981972
 34, 35,  90.0, 0,      0.000000,Optimal,Agg3    , 417,      1.501200,      0.013078,      0.008711,     -0.833302,      0.827685
 34, 35, 120.0, 0,      0.000000,Optimal,Agg1    , 402,      1.447200,     -0.544022,     -0.375914,     -0.791703,      0.142583
 34, 35, 120.0, 0,      0.000000,Optimal,Agg2    , 397,      1.429200,     -0.546403,     -0.382314,     -0.650933,      0.099742
 34, 35, 120.0, 0,      0.000000,Optimal,Agg3    , 417,      1.501200,     -0.580704,     -0.386826,     -0.793501,      0.138653
 34, 35, 150.0, 0,      0.000000,Optimal,Agg1    , 402,      1.447200,     -1.018139,     -0.703523,     -0.986482,      0.143412
 34, 35, 150.0, 0,      0.000000,Optimal,Agg2    , 397,      1.429200,     -1.011767,     -0.707925,     -0.986450,      0.098561
 34, 35, 150.0, 0,      0.000000,Optimal,Agg3    , 417,      1.501200,     -1.071071,     -0.713476,     -0.986553,      0.139404
 34, 35, 180.0, 0,      0.000000,Optimal,Agg1    , 402,      1.447200,     -1.137683,     -0.786127,     -0.999986,      0.099828
 34, 35, 180.0, 0,      0.000000,Optimal,Agg2    , 397,      1.429200,     -1.158983,     -0.810931,     -0.999943,      0.097109
 34, 35, 180.0, 0,      0.000000,Optimal,Agg3    , 417,      1.501200,     -1.197623,     -0.797777,     -1.000019,      0.117958
 34, 35, 210.0, 0,      0.000000,Optimal,Agg1    , 402,      1.447200,     -1.066237,     -0.736759,     -0.999933,      0.099945
 34, 35, 210.0, 0,      0.000000,Optimal,Agg2    , 397,      1.429200,     -1.087448,     -0.760879,     -0.999977,      0.114645
 34, 35, 210.0, 0,      0.000000,Optimal,Agg3    , 417,      1.501200,     -1.140057,     -0.759430,     -0.999969,      0.126812
 34, 35, 240.0, 0,      0.000000,Optimal,Agg1    , 402,      1.447200,     -0.096146,     -0.066436,     -0.929528,      0.564218
 34, 35, 240.0, 0,      0.000000,Optimal,Agg2    , 397,      1.429200,     -0.070547,     -0.049361,     -0.886663,      0.995126
 34, 35, 240.0, 0,      0.000000,Optimal,Agg3    , 417,      1.501200,     -0.079087,     -0.052682,     -0.996442,      0.904373
 34, 35, 270.0, 0,      0.000000,Optimal,Agg1    , 402,      1.447200,      0.161401,      0.111527,     -0.276372,      0.686070
 34, 35, 270.0, 0,      0.000000,Optimal,Agg2    , 397,      1.429200,      0.166564,      0.116543,     -0.216599,      0.999880
 34, 35, 270.0, 0,      0.000000,Optimal,Agg3    , 417,      1.501200,      0.181091,      0.120631,      0.019201,      0.985140
 34, 35, 300.0, 0,      0.000000,Optimal,Agg1    , 402,      1.447200,      0.165285,      0.114210,      0.099798,      0.686105
 34, 35, 300.0, 0,      0.000000,Optimal,Agg2    , 397,      1.429200,      0.176986,      0.123835,      0.099796,      0.999952
 34, 35, 300.0, 0,      0.000000,Optimal,Agg3    , 417,      1.501200,      0.185332,      0.123456,      0.099797,      0.997895
 34, 35, 330.0, 0,      0.000000,Optimal,Agg1    , 402,      1.447200,      0.165303,      0.114223,      0.099941,      0.686123
 34, 35, 330.0, 0,      0.000000,Optimal,Agg2    , 397,      1.429200,      0.177786,      0.124395,      0.099940,      0.999977
 34, 35, 330.0, 0,      0.000000,Optimal,Agg3    , 417,      1.501200,      0.186538,      0.124259,      0.099941,      0.999592
 35, 36,   0.0, 0,      0.000000,Optimal,Agg1    , 402,      1.447200,      0.171590,      0.118567,      0.099933,      0.698375
 35, 36,   0.0, 0,      0.000000,Optimal,Agg2    , 397,      1.429200,      0.192351,      0.134586,      0.099932,      0.999988
 35, 36,   0.0, 0,      0.000000,Optimal,Agg3    , 417,      1.501200,      0.204511,      0.136231,      0.099933,      0.999983
 35, 36,  30.0, 0,      0.000000,Optimal,Agg1    , 402,      1.447200,      0.167790,      0.115941,     -0.155559,      0.698377
 35, 36,  30.0, 0,      0.000000,Optimal,Agg2    , 397,      1.429200,      0.185140,      0.129541,     -0.940941,      0.999834
 35, 36,  30.0, 0,      0.000000,Optimal,Agg3    , 417,      1.501200,      0.193487,      0.128888,     -0.460460,      0.998459
 35, 36,  60.0, 0,      0.000000,Optimal,Agg1    , 402,      1.447200,      0.112441,      0.077696,     -0.968259,      0.549785
 35, 36,  60.0, 0,      0.000000,Optimal,Agg2    , 397,      1.429200,      0.140978,      0.098641,     -0.998788,      0.971074
 35, 36,  60.0, 0,      0.000000,Optimal,Agg3    , 417,      1.501200,      0.122800,      0.081801,     -0.994922,      0.634650
 35, 36,  90.0, 0,      0.000000,Optimal,Agg1    , 402,      1.447200,     -0.044740,     -0.030915,     -0.784652,      0.474457
 35, 36,  90.0, 0,      0.000000,Optimal,Agg2    , 397,      1.429200,     -0.035197,     -0.024627,     -0.962890,      0.712031
 35, 36,  90.0, 0,      0.000000,Optimal,Agg3    , 417,      1.501200,     -0.064380,     -0.042886,     -0.893500,      0.625905
 35, 36, 120.0, 0,      0.000000,Optimal,Agg1    , 402,      1.447200,     -0.641440,     -0.443228,     -0.699160,      0.087958
 35, 36, 120.0, 0,      0.000000,Optimal,Agg2    , 397,      1.429200,     -0.631027,     -0.441525,     -0.664879,      0.091818
 35, 36, 120.0, 0,      0.000000,Optimal,Agg3    , 417,      1.501200,     -0.666996,     -0.444308,     -0.709936,      0.091549
 35, 36, 150.0, 0,      0.000000,Optimal,Agg1    , 402,      1.447200,     -1.106265,     -0.764417,     -0.956433,     -0.017157
 35, 36, 150.0, 0,      0.000000,Optimal,Agg2    , 397,      1.429200,     -1.092298,     -0.764272,     -0.956505,      0.036445
 35, 36, 150.0, 0,      0.000000,Optimal,Agg3    , 417,      1.501200,     -1.145660,     -0.763163,     -0.956422,      0.020516
 35, 36, 180.0, 0,      0.000000,Optimal,Agg1    , 402,      1.447200,     -1.233617,     -0.852416,     -0.999982,      0.098517
 35, 36, 180.0, 0,      0.000000,Optimal,Agg2    , 397,      1.429200,     -1.236990,     -0.865512,     -1.000005,      0.099217
 35, 36, 180.0, 0,      0.000000,Optimal,Agg3    , 417,      1.501200,     -1.290999,     -0.859978,     -1.000004,      0.089533
 35, 36, 210.0, 0,      0.000000,Optimal,Agg1    , 402,      1.447200,     -1.166174,     -0.805814,     -0.999995,      0.128765
 35, 36, 210.0, 0,      0.000000,Optimal,Agg2    , 397,      1.429200,     -1.158483,     -0.810582,     -0.999983,      0.099942
 35, 36, 210.0, 0,      0.000000,Optimal,Agg3    , 417,      1.501200,     -1.236220,     -0.823488,     -0.999994,      0.109984
 35, 36, 240.0, 0,      0.000000,Optimal,Agg1    , 402,      1.447200,     -0.133454,     -0.092215,     -0.908456,      0.474831
 35, 36, 240.0, 0,      0.000000,Optimal,Agg2    , 397,      1.429200,     -0.123693,     -0.086547,     -0.989486,      0.998075
 35, 36, 240.0, 0,      0.000000,Optimal,Agg3    , 417,      1.501200,     -0.110288,     -0.073467,     -0.852020,      0.920382
 35, 36, 270.0, 0,      0.000000,Optimal,Agg1    , 402,      1.447200,      0.158354,      0.109421,     -0.332786,      0.698315
 35, 36, 270.0, 0,      0.000000,Optimal,Agg2    , 397,      1.429200,      0.168572,      0.117949,     -0.294929,      0.999953
 35, 36, 270.0, 0,      0.000000,Optimal,Agg3    , 417,      1.501200,      0.185009,      0.123241,     -0.529075,      0.996301
 35, 36, 300.0, 0,      0.000000,Optimal,Agg1    , 402,      1.447200,      0.171610,      0.118580,      0.099853,      0.698385
 35, 36, 300.0, 0,      0.000000,Optimal,Agg2    , 397,      1.429200,      0.191394,      0.133917,      0.099852,      0.999988
 35, 36, 300.0, 0,      0.000000,Optimal,Agg3    , 417,      1.501200,      0.202882,      0.135146,      0.099745,      0.998150
 35, 36, 330.0, 0,      0.000000,Optimal,Agg1    , 402,      1.447200,      0.171613,      0.118583,      0.099944,      0.698389
 35, 36, 330.0, 0,      0.000000,Optimal,Agg2    , 397,      1.429200,      0.192175,      0.134464,      0.099943,      0.999996
 35, 36, 330.0, 0,      0.000000,Optimal,Agg3    , 417,      1.501200,      0.204102,      0.135959,      0.099943,      0.999644
 36, 37,   0.0, 0,      0.000000,Optimal,Agg1    , 402,      1.447200,      0.193818,      0.133926,      0.099955,      0.999995
 36, 37,   0.0, 0,      0.000000,Optimal,Agg2    , 397,      1.429200,      0.236102,      0.165199,      0.099955,      0.999997
 36, 37,   0.0, 0,      0.000000,Optimal,Agg3    , 417,      1.501200,      0.246820,      0.164415,      0.099955,      0.999996
 36, 37,  30.0, 0,      0.000000,Optimal,Agg1    , 402,      1.447200,      0.189204,      0.130738,     -0.408273,      0.971657
 36, 37,  30.0, 0,      0.000000,Optimal,Agg2    , 397,      1.429200,      0.220011,      0.153940,     -0.972153,      0.999911
 36, 37,  30.0, 0,      0.000000,Optimal,Agg3    , 417,      1.501200,      0.228104,      0.151948,     -0.527741,      0.999391
 36, 37,  60.0, 0,      0.000000,Optimal,Agg1    , 402,      1.447200,      0.101015,      0.069800,     -0.966671,      0.730417
 36, 37,  60.0, 0,      0.000000,Optimal,Agg2    , 397,      1.429200,      0.137183,      0.095986,     -0.940700,      0.927045
 36, 37,  60.0, 0,      0.000000,Optimal,Agg3    , 417,      1.501200,      0.113579,      0.075659,     -0.943546,      0.938761
 36, 37,  90.0, 0,      0.000000,Optimal,Agg1    , 402,      1.447200,     -0.090060,     -0.062231,     -0.881871,      0.432313
 36, 37,  90.0, 0,      0.000000,Optimal,Agg2    , 397,      1.429200,     -0.071106,     -0.049752,     -0.930279,      0.605140
 36, 37,  90.0, 0,      0.000000,Optimal,Agg3    , 417,      1.501200,     -0.102585,     -0.068335,     -0.860806,      0.635576
 36, 37, 120.0, 0,      0.000000,Optimal,Agg1    , 402,      1.447200,     -0.685589,     -0.473735,     -0.816121,      0.158725
 36, 37, 120.0, 0,      0.000000,Optimal,Agg2    , 397,      1.429200,     -0.666973,     -0.466675,     -0.772694,      0.093779
 36, 37, 120.0, 0,      0.000000,Optimal,Agg3    , 417,      1.501200,     -0.700065,     -0.466337,     -0.816074,      0.282023
 36, 37, 150.0, 0,      0.000000,Optimal,Agg1    , 402,      1.447200,     -1.152404,     -0.796299,     -0.962264,      0.129523
 36, 37, 150.0, 0,      0.000000,Optimal,Agg2    , 397,      1.429200,     -1.134843,     -0.794040,     -0.973661,      0.067620
 36, 37, 150.0, 0,      0.000000,Optimal,Agg3    , 417,      1.501200,     -1.185921,     -0.789982,     -0.968673,      0.248952
 36, 37, 180.0, 0,      0.000000,Optimal,Agg1    , 402,      1.447200,     -1.277967,     -0.883062,     -1.000004,      0.061138
 36, 37, 180.0, 0,      0.000000,Optimal,Agg2    , 397,      1.429200,     -1.281387,     -0.896576,     -0.999969,     -0.011343
 36, 37, 180.0, 0,      0.000000,Optimal,Agg3    , 417,      1.501200,     -1.332494,     -0.887619,     -1.000004,      0.099296
 36, 37, 210.0, 0,      0.000000,Optimal,Agg1    , 402,      1.447200,     -1.213641,     -0.838613,     -0.999990,      0.099940
 36, 37, 210.0, 0,      0.000000,Optimal,Agg2    , 397,      1.429200,     -1.203276,     -0.841922,     -0.999981,      0.099928
 36, 37, 210.0, 0,      0.000000,Optimal,Agg3    , 417,      1.501200,     -1.269201,     -0.845457,     -0.999973,      0.181637
 36, 37, 240.0, 0,      0.000000,Optimal,Agg1    , 402,      1.447200,     -0.161536,     -0.111620,     -0.907461,      0.641406
 36, 37, 240.0, 0,      0.000000,Optimal,Agg2    , 397,      1.429200,     -0.138899,     -0.097187,     -0.885047,      0.985346
 36, 37, 240.0, 0,      0.000000,Optimal,Agg3    , 417,      1.501200,     -0.127503,     -0.084934,     -0.986049,      0.991945
 36, 37, 270.0, 0,      0.000000,Optimal,Agg1    , 402,      1.447200,      0.164328,      0.113549,     -0.919930,      0.991106
 36, 37, 270.0, 0,      0.000000,Optimal,Agg2    , 397,      1.429200,      0.179459,      0.125566,     -0.687640,      0.999924
 36, 37, 270.0, 0,      0.000000,Optimal,Agg3    , 417,      1.501200,      0.209036,      0.139246,     -0.253010,      0.999836
 36, 37, 300.0, 0,      0.000000,Optimal,Agg1    , 402,      1.447200,      0.192266,      0.132854,      0.099676,      0.999060
 36, 37, 300.0, 0,      0.000000,Optimal,Agg2    , 397,      1.429200,      0.227508,      0.159186,      0.099669,      0.999986
 36, 37, 300.0, 0,      0.000000,Optimal,Agg3    , 417,      1.501200,      0.241568,      0.160916,      0.099670,      0.998561
 36, 37, 330.0, 0,      0.000000,Optimal,Agg1    , 402,      1.447200,      0.193571,      0.133755,      0.099955,      0.999896
 36, 37, 330.0, 0,      0.000000,Optimal,Agg2    , 397,      1.429200,      0.234506,      0.164082,      0.099954,      0.999988
 36, 37, 330.0, 0,      0.000000,Optimal,Agg3    , 417,      1.501200,      0.246210,      0.164009,      0.099955,      0.999795
 37, 38,   0.0, 0,      0.000000,Optimal,Agg1    , 402,      1.447200,      0.228128,      0.157634,      0.099954,      0.999996
 37, 38,   0.0, 0,      0.000000,Optimal,Agg2    , 397,      1.429200,      0.265417,      0.185710,      0.099954,      0.999997
 37, 38,   0.0, 0,      0.000000,Optimal,Agg3    , 417,      1.501200,      0.266853,      0.177760,      0.099955,      0.999996
 37, 38,  30.0, 0,      0.000000,Optimal,Agg1    , 402,      1.447200,      0.216417,      0.149542,     -0.510836,      0.999862
 37, 38,  30.0, 0,      0.000000,Optimal,Agg2    , 397,      1.429200,      0.253859,      0.177623,     -0.405384,      0.999985
 37, 38,  30.0, 0,      0.000000,Optimal,Agg3    , 417,      1.501200,      0.243477,      0.162188,     -0.324133,      0.999698
 37, 38,  60.0, 0,      0.000000,Optimal,Agg1    , 402,      1.447200,      0.084992,      0.058729,     -0.897978,      0.832659
 37, 38,  60.0, 0,      0.000000,Optimal,Agg2    , 397,      1.429200,      0.106814,      0.074737,     -0.985806,      0.938930
 37, 38,  60.0, 0,      0.000000,Optimal,Agg3    , 417,      1.501200,      0.069389,      0.046222,     -0.995700,      0.891720
 37, 38,  90.0, 0,      0.000000,Optimal,Agg1    , 402,      1.447200,     -0.131215,     -0.090668,     -0.930423,      0.451128
 37, 38,  90.0, 0,      0.000000,Optimal,Agg2    , 397,      1.429200,     -0.107313,     -0.075086,     -0.979911,      0.568077
 37, 38,  90.0, 0,      0.000000,Optimal,Agg3    , 417,      1.501200,     -0.147344,     -0.098151,     -0.955538,      0.474567
 37, 38, 120.0, 0,      0.000000,Optimal,Agg1    , 402,      1.447200,     -0.723333,     -0.499815,     -0.872284,      0.190947
 37, 38, 120.0, 0,      0.000000,Optimal,Agg2    , 397,      1.429200,     -0.701884,     -0.491103,     -0.727603,      0.068755
 37, 38, 120.0, 0,      0.000000,Optimal,Agg3    , 417,      1.501200,     -0.733026,     -0.488293,     -0.637068,      0.423253
 37, 38, 150.0, 0,      0.000000,Optimal,Agg1    , 402,      1.447200,     -1.185769,     -0.819354,     -0.980634,      0.168483
 37, 38, 150.0, 0,      0.000000,Optimal,Agg2    , 397,      1.429200,     -1.170731,     -0.819152,     -0.982608,     -0.279052
 37, 38, 150.0, 0,      0.000000,Optimal,Agg3    , 417,      1.501200,     -1.221986,     -0.814006,     -0.974270,      0.103741
 37, 38, 180.0, 0,      0.000000,Optimal,Agg1    , 402,      1.447200,     -1.321231,     -0.912956,     -1.000003,     -0.058094
 37, 38, 180.0, 0,      0.000000,Optimal,Agg2    , 397,      1.429200,     -1.309893,     -0.916522,     -1.000008,     -0.155948
 37, 38, 180.0, 0,      0.000000,Optimal,Agg3    , 417,      1.501200,     -1.373702,     -0.915069,     -1.000007,      0.068188
 37, 38, 210.0, 0,      0.000000,Optimal,Agg1    , 402,      1.447200,     -1.253652,     -0.866261,     -0.999975,      0.074088
 37, 38, 210.0, 0,      0.000000,Optimal,Agg2    , 397,      1.429200,     -1.235027,     -0.864139,     -0.999975,      0.084339
 37, 38, 210.0, 0,      0.000000,Optimal,Agg3    , 417,      1.501200,     -1.297677,     -0.864426,     -0.999947,      0.099649
 37, 38, 240.0, 0,      0.000000,Optimal,Agg1    , 402,      1.447200,     -0.183942,     -0.127102,     -0.880570,      0.885965
 37, 38, 240.0, 0,      0.000000,Optimal,Agg2    , 397,      1.429200,     -0.148028,     -0.103574,     -0.857343,      0.991615
 37, 38, 240.0, 0,      0.000000,Optimal,Agg3    , 417,      1.501200,     -0.145000,     -0.096590,     -0.829446,      0.997701
 37, 38, 270.0, 0,      0.000000,Optimal,Agg1    , 402,      1.447200,      0.167509,      0.115747,     -0.506858,      0.999775
 37, 38, 270.0, 0,      0.000000,Optimal,Agg2    , 397,      1.429200,      0.166370,      0.116408,     -0.586017,      0.998285
 37, 38, 270.0, 0,      0.000000,Optimal,Agg3    , 417,      1.501200,      0.182596,      0.121634,     -0.592787,      0.999527
 37, 38, 300.0, 0,      0.000000,Optimal,Agg1    , 402,      1.447200,      0.222812,      0.153961,     -0.104302,      0.999808
 37, 38, 300.0, 0,      0.000000,Optimal,Agg2    , 397,      1.429200,      0.236038,      0.165154,     -0.492698,      0.999817
 37, 38, 300.0, 0,      0.000000,Optimal,Agg3    , 417,      1.501200,      0.253592,      0.168926,     -0.475731,      0.999853
 37, 38, 330.0, 0,      0.000000,Optimal,Agg1    , 402,      1.447200,      0.227641,      0.157297,      0.099924,      0.999971
 37, 38, 330.0, 0,      0.000000,Optimal,Agg2    , 397,      1.429200,      0.262163,      0.183434,      0.099923,      0.999973
 37, 38, 330.0, 0,      0.000000,Optimal,Agg3    , 417,      1.501200,      0.265440,      0.176818,      0.099923,      0.999978
 38, 39,   0.0, 0,      0.000000,Optimal,Agg1    , 402,      1.447200,      0.284739,      0.196752,      0.099955,      0.999998
 38, 39,   0.0, 0,      0.000000,Optimal,Agg2    , 397,      1.429200,      0.300222,      0.210063,      0.099955,      0.999997
 38, 39,   0.0, 0,      0.000000,Optimal,Agg3    , 417,      1.501200,      0.308138,      0.205261,      0.099955,      0.999998
 38, 39,  30.0, 0,      0.000000,Optimal,Agg1    , 402,      1.447200,      0.270267,      0.186752,     -0.375962,      0.999906
 38, 39,  30.0, 0,      0.000000,Optimal,Agg2    , 397,      1.429200,      0.284330,      0.198943,     -0.550366,      0.999953
 38, 39,  30.0, 0,      0.000000,Optimal,Agg3    , 417,      1.501200,      0.288122,      0.191928,     -0.226086,      0.999209
 38, 39,  60.0, 0,      0.000000,Optimal,Agg1    , 402,      1.447200,      0.046383,      0.032050,     -0.958075,      0.994814
 38, 39,  60.0, 0,      0.000000,Optimal,Agg2    , 397,      1.429200,      0.048059,      0.033627,     -0.997233,      0.938098
 38, 39,  60.0, 0,      0.000000,Optimal,Agg3    , 417,      1.501200,      0.040999,      0.027311,     -0.933328,      0.922335
 38, 39,  90.0, 0,      0.000000,Optimal,Agg1    , 402,      1.447200,     -0.180268,     -0.124563,     -0.953348,      0.507941
 38, 39,  90.0, 0,      0.000000,Optimal,Agg2    , 397,      1.429200,     -0.161517,     -0.113012,     -0.991053,      0.483750
 38, 39,  90.0, 0,      0.000000,Optimal,Agg3    , 417,      1.501200,     -0.197028,     -0.131247,     -0.979315,      0.659372
 38, 39, 120.0, 0,      0.000000,Optimal,Agg1    , 402,      1.447200,     -0.757286,     -0.523277,     -0.679366,      0.416496
 38, 39, 120.0, 0,      0.000000,Optimal,Agg2    , 397,      1.429200,     -0.743325,     -0.520098,     -0.757104,      0.000000
 38, 39, 120.0, 0,      0.000000,Optimal,Agg3    , 417,      1.501200,     -0.776289,     -0.517113,     -0.661157,      0.105325
 38, 39, 150.0, 0,      0.000000,Optimal,Agg1    , 402,      1.447200,     -1.222868,     -0.844989,     -0.970051,     -0.050802
 38, 39, 150.0, 0,      0.000000,Optimal,Agg2    , 397,      1.429200,     -1.205680,     -0.843605,     -0.969960,      0.000000
 38, 39, 150.0, 0,      0.000000,Optimal,Agg3    , 417,      1.501200,     -1.261408,     -0.840267,     -0.933713,      0.030833
 38, 39, 180.0, 0,      0.000000,Optimal,Agg1    , 402,      1.447200,     -1.370676,     -0.947123,     -0.999988,     -0.050796
 38, 39, 180.0, 0,      0.000000,Optimal,Agg2    , 397,      1.429200,     -1.345858,     -0.941686,     -1.000005,      0.000000
 38, 39, 180.0, 0,      0.000000,Optimal,Agg3    , 417,      1.501200,     -1.411397,     -0.940179,     -1.000005,     -0.024434
 38, 39, 210.0, 0,      0.000000,Optimal,Agg1    , 402,      1.447200,     -1.283161,     -0.886651,     -0.999992,      0.066758
 38, 39, 210.0, 0,      0.000000,Optimal,Agg2    , 397,      1.429200,     -1.257676,     -0.879986,     -0.999994,      0.043961
 38, 39, 210.0, 0,      0.000000,Optimal,Agg3    , 417,      1.501200,     -1.322879,     -0.881214,     -0.999992,     -0.036985
 38, 39, 240.0, 0,      0.000000,Optimal,Agg1    , 402,      1.447200,     -0.206411,     -0.142628,     -0.907987,      0.718985
 38, 39, 240.0, 0,      0.000000,Optimal,Agg2    , 397,      1.429200,     -0.172407,     -0.120632,     -0.871388,      0.965133
 38, 39, 240.0, 0,      0.000000,Optimal,Agg3    , 417,      1.501200,     -0.187963,     -0.125208,     -0.854262,      0.994002
 38, 39, 270.0, 0,      0.000000,Optimal,Agg1    , 402,      1.447200,      0.098325,      0.067941,     -0.757209,      0.947946
 38, 39, 270.0, 0,      0.000000,Optimal,Agg2    , 397,      1.429200,      0.115045,      0.080496,     -0.721490,      0.935197
 38, 39, 270.0, 0,      0.000000,Optimal,Agg3    , 417,      1.501200,      0.108522,      0.072290,     -0.709269,      0.995771
 38, 39, 300.0, 0,      0.000000,Optimal,Agg1    , 402,      1.447200,      0.267522,      0.184855,     -0.204396,      0.999316
 38, 39, 300.0, 0,      0.000000,Optimal,Agg2    , 397,      1.429200,      0.266870,      0.186727,     -0.623404,      0.999270
 38, 39, 300.0, 0,      0.000000,Optimal,Agg3    , 417,      1.501200,      0.283536,      0.188873,     -0.194512,      0.999343
 38, 39, 330.0, 0,      0.000000,Optimal,Agg1    , 402,      1.447200,      0.283942,      0.196201,      0.099919,      0.999959
 38, 39, 330.0, 0,      0.000000,Optimal,Agg2    , 397,      1.429200,      0.296176,      0.207232,      0.099918,      0.999958
 38, 39, 330.0, 0,      0.000000,Optimal,Agg3    , 417,      1.501200,      0.305147,      0.203269,      0.099917,      0.999961
 39, 40,   0.0, 0,      0.000000,Optimal,Agg1    , 402,      1.447200,      0.346015,      0.239093,      0.099952,      0.999997
 39, 40,   0.0, 0,      0.000000,Optimal,Agg2    , 397,      1.429200,      0.366358,      0.256338,      0.099952,      0.999997
 39, 40,   0.0, 0,      0.000000,Optimal,Agg3    , 417,      1.501200,      0.375096,      0.249864,      0.099952,      0.999997
 39, 40,  30.0, 0,      0.000000,Optimal,Agg1    , 402,      1.447200,      0.326320,      0.225483,     -0.562237,      0.999926
 39, 40,  30.0, 0,      0.000000,Optimal,Agg2    , 397,      1.429200,      0.344075,      0.240747,     -0.324658,      0.999968
 39, 40,  30.0, 0,      0.000000,Optimal,Agg3    , 417,      1.501200,      0.344918,      0.229761,     -0.273588,      0.999673
 39, 40,  60.0, 0,      0.000000,Optimal,Agg1    , 402,      1.447200,     -0.041656,     -0.028784,     -0.996348,      0.975339
 39, 40,  60.0, 0,      0.000000,Optimal,Agg2    , 397,      1.429200,     -0.039729,     -0.027798,     -0.999332,      0.886390
 39, 40,  60.0, 0,      0.000000,Optimal,Agg3    , 417,      1.501200,     -0.044401,     -0.029577,     -0.995578,      0.942326
 39, 40,  90.0, 0,      0.000000,Optimal,Agg1    , 402,      1.447200,     -0.268852,     -0.185774,     -0.977331,      0.372404
 39, 40,  90.0, 0,      0.000000,Optimal,Agg2    , 397,      1.429200,     -0.255308,     -0.178637,     -0.972193,      0.332908
 39, 40,  90.0, 0,      0.000000,Optimal,Agg3    , 417,      1.501200,     -0.280608,     -0.186923,     -0.951104,      0.355451
 39, 40, 120.0, 0,      0.000000,Optimal,Agg1    , 402,      1.447200,     -0.815783,     -0.563697,     -0.994509,      0.111895
 39, 40, 120.0, 0,      0.000000,Optimal,Agg2    , 397,      1.429200,     -0.796895,     -0.557581,     -0.992232,      0.000000
 39, 40, 120.0, 0,      0.000000,Optimal,Agg3    , 417,      1.501200,     -0.828526,     -0.551909,     -0.861383,      0.126393
 39, 40, 150.0, 0,      0.000000,Optimal,Agg1    , 402,      1.447200,     -1.272245,     -0.879108,     -0.999174,      0.045891
 39, 40, 150.0, 0,      0.000000,Optimal,Agg2    , 397,      1.429200,     -1.252007,     -0.876020,     -0.999283,      0.000000
 39, 40, 150.0, 0,      0.000000,Optimal,Agg3    , 417,      1.501200,     -1.309424,     -0.872251,     -0.943185,      0.046901
 39, 40, 180.0, 0,      0.000000,Optimal,Agg1    , 402,      1.447200,     -1.412701,     -0.976162,     -1.000010,      0.000064
 39, 40, 180.0, 0,      0.000000,Optimal,Agg2    , 397,      1.429200,     -1.386623,     -0.970209,     -1.000010,      0.000000
 39, 40, 180.0, 0,      0.000000,Optimal,Agg3    , 417,      1.501200,     -1.447226,     -0.964046,     -1.000009,     -0.028324
 39, 40, 210.0, 0,      0.000000,Optimal,Agg1    , 402,      1.447200,     -1.308114,     -0.903893,     -0.999989,      0.000000
 39, 40, 210.0, 0,      0.000000,Optimal,Agg2    , 397,      1.429200,     -1.279964,     -0.895581,     -0.999980,      0.000000
 39, 40, 210.0, 0,      0.000000,Optimal,Agg3    , 417,      1.501200,     -1.346141,     -0.896710,     -0.999987,     -0.028558
 39, 40, 240.0, 0,      0.000000,Optimal,Agg1    , 402,      1.447200,     -0.285470,     -0.197257,     -0.919929,      0.873608
 39, 40, 240.0, 0,      0.000000,Optimal,Agg2    , 397,      1.429200,     -0.256564,     -0.179516,     -0.927518,      0.843244
 39, 40, 240.0, 0,      0.000000,Optimal,Agg3    , 417,      1.501200,     -0.266963,     -0.177833,     -0.943842,      0.898262
 39, 40, 270.0, 0,      0.000000,Optimal,Agg1    , 402,      1.447200,     -0.003585,     -0.002477,     -0.859410,      0.673903
 39, 40, 270.0, 0,      0.000000,Optimal,Agg2    , 397,      1.429200,      0.028293,      0.019796,     -0.870537,      0.965652
 39, 40, 270.0, 0,      0.000000,Optimal,Agg3    , 417,      1.501200,      0.015805,      0.010528,     -0.884482,      0.986202
 39, 40, 300.0, 0,      0.000000,Optimal,Agg1    , 402,      1.447200,      0.254691,      0.175989,     -0.136641,      0.959496
 39, 40, 300.0, 0,      0.000000,Optimal,Agg2    , 397,      1.429200,      0.268066,      0.187564,     -0.257515,      0.825635
 39, 40, 300.0, 0,      0.000000,Optimal,Agg3    , 417,      1.501200,      0.280267,      0.186695,     -0.030772,      0.999933
 39, 40, 330.0, 0,      0.000000,Optimal,Agg1    , 402,      1.447200,      0.343630,      0.237444,      0.099939,      0.999992
 39, 40, 330.0, 0,      0.000000,Optimal,Agg2    , 397,      1.429200,      0.359936,      0.251844,      0.099939,      0.999964
 39, 40, 330.0, 0,      0.000000,Optimal,Agg3    , 417,      1.501200,      0.369279,      0.245989,      0.099939,      0.999993
 40, 41,   0.0, 0,      0.000000,Optimal,Agg1    , 402,      1.447200,      0.478333,      0.330523,      0.099957,      0.999997
 40, 41,   0.0, 0,      0.000000,Optimal,Agg2    , 397,      1.429200,      0.501489,      0.350888,      0.099957,      0.999998
 40, 41,   0.0, 0,      0.000000,Optimal,Agg3    , 417,      1.501200,      0.508858,      0.338968,      0.099957,      0.999997
 40, 41,  30.0, 0,      0.000000,Optimal,Agg1    , 402,      1.447200,      0.448731,      0.310068,     -0.450770,      0.999948
 40, 41,  30.0, 0,      0.000000,Optimal,Agg2    , 397,      1.429200,      0.467156,      0.326866,     -0.120124,      0.999885
 40, 41,  30.0, 0,      0.000000,Optimal,Agg3    , 417,      1.501200,      0.463834,      0.308976,     -0.355646,      0.999948
 40, 41,  60.0, 0,      0.000000,Optimal,Agg1    , 402,      1.447200,     -0.072702,     -0.050236,     -0.997144,      0.973459
 40, 41,  60.0, 0,      0.000000,Optimal,Agg2    , 397,      1.429200,     -0.058923,     -0.041228,     -0.999044,      0.891807
 40, 41,  60.0, 0,      0.000000,Optimal,Agg3    , 417,      1.501200,     -0.053598,     -0.035704,     -0.997307,      0.975973
 40, 41,  90.0, 0,      0.000000,Optimal,Agg1    , 402,      1.447200,     -0.309281,     -0.213710,     -0.970938,      0.325853
 40, 41,  90.0, 0,      0.000000,Optimal,Agg2    , 397,      1.429200,     -0.296635,     -0.207553,     -0.951246,      0.388663
 40, 41,  90.0, 0,      0.000000,Optimal,Agg3    , 417,      1.501200,     -0.314978,     -0.209818,     -0.966448,      0.482889
 40, 41, 120.0, 0,      0.000000,Optimal,Agg1    , 402,      1.447200,     -0.843526,     -0.582868,     -0.998799,      0.097234
 40, 41, 120.0, 0,      0.000000,Optimal,Agg2    , 397,      1.429200,     -0.819405,     -0.573331,     -0.999377,      0.047704
 40, 41, 120.0, 0,      0.000000,Optimal,Agg3    , 417,      1.501200,     -0.848748,     -0.565379,     -0.773331,      0.131829
 40, 41, 150.0, 0,      0.000000,Optimal,Agg1    , 402,      1.447200,     -1.265978,     -0.874777,     -0.998439,      0.019581
 40, 41, 150.0, 0,      0.000000,Optimal,Agg2    , 397,      1.429200,     -1.241973,     -0.868999,     -0.998478,      0.000000
 40, 41, 150.0, 0,      0.000000,Optimal,Agg3    , 417,      1.501200,     -1.297348,     -0.864207,     -0.964450,      0.028036
 40, 41, 180.0, 0,      0.000000,Optimal,Agg1    , 402,      1.447200,     -1.413962,     -0.977033,     -1.000002,      0.000000
 40, 41, 180.0, 0,      0.000000,Optimal,Agg2    , 397,      1.429200,     -1.381795,     -0.966831,     -1.000002,      0.000000
 40, 41, 180.0, 0,      0.000000,Optimal,Agg3    , 417,      1.501200,     -1.444600,     -0.962297,     -1.000002,      0.000000
 40, 41, 210.0, 0,      0.000000,Optimal,Agg1    , 402,      1.447200,     -1.300940,     -0.898936,     -0.999995,      0.000000
 40, 41, 210.0, 0,      0.000000,Optimal,Agg2    , 397,      1.429200,     -1.271429,     -0.889609,     -0.999994,      0.018938
 40, 41, 210.0, 0,      0.000000,Optimal,Agg3    , 417,      1.501200,     -1.331857,     -0.887195,     -0.999997,      0.000031
 40, 41, 240.0, 0,      0.000000,Optimal,Agg1    , 402,      1.447200,     -0.297231,     -0.205383,     -0.931369,      0.749864
 40, 41, 240.0, 0,      0.000000,Optimal,Agg2    , 397,      1.429200,     -0.272568,     -0.190714,     -0.949326,      0.807279
 40, 41, 240.0, 0,      0.000000,Optimal,Agg3    , 417,      1.501200,     -0.296854,     -0.197745,     -0.947007,      0.836050
 40, 41, 270.0, 0,      0.000000,Optimal,Agg1    , 402,      1.447200,     -0.041362,     -0.028581,     -0.921617,      0.752048
 40, 41, 270.0, 0,      0.000000,Optimal,Agg2    , 397,      1.429200,     -0.002934,     -0.002053,     -0.952785,      0.897038
 40, 41, 270.0, 0,      0.000000,Optimal,Agg3    , 417,      1.501200,     -0.029549,     -0.019683,     -0.877544,      0.936546
 40, 41, 300.0, 0,      0.000000,Optimal,Agg1    , 402,      1.447200,      0.280502,      0.193824,     -0.179222,      0.983900
 40, 41, 300.0, 0,      0.000000,Optimal,Agg2    , 397,      1.429200,      0.300917,      0.210549,     -0.169716,      0.858320
 40, 41, 300.0, 0,      0.000000,Optimal,Agg3    , 417,      1.501200,      0.305681,      0.203624,     -0.180443,      0.994326
 40, 41, 330.0, 0,      0.000000,Optimal,Agg1    , 402,      1.447200,      0.472901,      0.326769,      0.099877,      0.999991
 40, 41, 330.0, 0,      0.000000,Optimal,Agg2    , 397,      1.429200,      0.492644,      0.344699,      0.099877,      0.999938
 40, 41, 330.0, 0,      0.000000,Optimal,Agg3    , 417,      1.501200,      0.500093,      0.333129,      0.099877,      0.999992
 41, 42,   0.0, 0,      0.000000,Optimal,Agg1    , 402,      1.447200,      0.633632,      0.437833,      0.084414,      0.999993
 41, 42,   0.0, 0,      0.000000,Optimal,Agg2    , 397,      1.429200,      0.660624,      0.462234,      0.091032,      0.999993
 41, 42,   0.0, 0,      0.000000,Optimal,Agg3    , 417,      1.501200,      0.661009,      0.440320,      0.088911,      0.999994
 41, 42,  30.0, 0,      0.000000,Optimal,Agg1    , 402,      1.447200,      0.554328,      0.383035,     -0.915145,      0.999958
 41, 42,  30.0, 0,      0.000000,Optimal,Agg2    , 397,      1.429200,      0.574630,      0.402064,     -0.717896,      0.999681
 41, 42,  30.0, 0,      0.000000,Optimal,Agg3    , 417,      1.501200,      0.583434,      0.388645,     -0.495368,      0.999508
 41, 42,  60.0, 0,      0.000000,Optimal,Agg1    , 402,      1.447200,     -0.055068,     -0.038051,     -0.999825,      0.970997
 41, 42,  60.0, 0,      0.000000,Optimal,Agg2    , 397,      1.429200,     -0.067014,     -0.046889,     -0.998478,      0.882554
 41, 42,  60.0, 0,      0.000000,Optimal,Agg3    , 417,      1.501200,     -0.060464,     -0.040277,     -0.997928,      0.937037
 41, 42,  90.0, 0,      0.000000,Optimal,Agg1    , 402,      1.447200,     -0.329495,     -0.227678,     -0.860873,      0.366176
 41, 42,  90.0, 0,      0.000000,Optimal,Agg2    , 397,      1.429200,     -0.318473,     -0.222833,     -0.953712,      0.364859
 41, 42,  90.0, 0,      0.000000,Optimal,Agg3    , 417,      1.501200,     -0.340492,     -0.226813,     -0.953693,      0.596120
 41, 42, 120.0, 0,      0.000000,Optimal,Agg1    , 402,      1.447200,     -0.856697,     -0.591969,     -0.998625,      0.089628
 41, 42, 120.0, 0,      0.000000,Optimal,Agg2    , 397,      1.429200,     -0.826715,     -0.578446,     -0.997865,      0.101826
 41, 42, 120.0, 0,      0.000000,Optimal,Agg3    , 417,      1.501200,     -0.857315,     -0.571086,     -0.789449,      0.114409
 41, 42, 150.0, 0,      0.000000,Optimal,Agg1    , 402,      1.447200,     -1.258704,     -0.869751,     -0.999424,      0.000000
 41, 42, 150.0, 0,      0.000000,Optimal,Agg2    , 397,      1.429200,     -1.230234,     -0.860785,     -0.999323,      0.000000
 41, 42, 150.0, 0,      0.000000,Optimal,Agg3    , 417,      1.501200,     -1.281951,     -0.853951,     -0.977580,      0.000000
 41, 42, 180.0, 0,      0.000000,Optimal,Agg1    , 402,      1.447200,     -1.399981,     -0.967372,     -1.000006,      0.000000
 41, 42, 180.0, 0,      0.000000,Optimal,Agg2    , 397,      1.429200,     -1.366873,     -0.956390,     -1.000006,      0.000000
 41, 42, 180.0, 0,      0.000000,Optimal,Agg3    , 417,      1.501200,     -1.428780,     -0.951758,     -1.000006,      0.000000
 41, 42, 210.0, 0,      0.000000,Optimal,Agg1    , 402,      1.447200,     -1.287151,     -0.889408,     -0.999994,      0.000034
 41, 42, 210.0, 0,      0.000000,Optimal,Agg2    , 397,      1.429200,     -1.256237,     -0.878979,     -0.999978,      0.077281
 41, 42, 210.0, 0,      0.000000,Optimal,Agg3    , 417,      1.501200,     -1.320772,     -0.879811,     -0.999999,      0.000116
 41, 42, 240.0, 0,      0.000000,Optimal,Agg1    , 402,      1.447200,     -0.322378,     -0.222760,     -0.931920,      0.925215
 41, 42, 240.0, 0,      0.000000,Optimal,Agg2    , 397,      1.429200,     -0.281673,     -0.197084,     -0.944049,      0.726801
 41, 42, 240.0, 0,      0.000000,Optimal,Agg3    , 417,      1.501200,     -0.311459,     -0.207473,     -0.941987,      0.672928
 41, 42, 270.0, 0,      0.000000,Optimal,Agg1    , 402,      1.447200,     -0.056375,     -0.038955,     -0.908985,      0.658355
 41, 42, 270.0, 0,      0.000000,Optimal,Agg2    , 397,      1.429200,     -0.015271,     -0.010685,     -0.938637,      0.863579
 41, 42, 270.0, 0,      0.000000,Optimal,Agg3    , 417,      1.501200,     -0.050530,     -0.033660,     -0.875975,      0.745862
 41, 42, 300.0, 0,      0.000000,Optimal,Agg1    , 402,      1.447200,      0.318746,      0.220250,     -0.263155,      0.907091
 41, 42, 300.0, 0,      0.000000,Optimal,Agg2    , 397,      1.429200,      0.360528,      0.252258,     -0.256987,      0.852921
 41, 42, 300.0, 0,      0.000000,Optimal,Agg3    , 417,      1.501200,      0.343987,      0.229141,     -0.250953,      0.991859
 41, 42, 330.0, 0,      0.000000,Optimal,Agg1    , 402,      1.447200,      0.565178,      0.390532,      0.017892,      0.999981
 41, 42, 330.0, 0,      0.000000,Optimal,Agg2    , 397,      1.429200,      0.598470,      0.418745,      0.034021,      0.999980
 41, 42, 330.0, 0,      0.000000,Optimal,Agg3    , 417,      1.501200,      0.596114,      0.397092,      0.022419,      0.999982
 42, 43,   0.0, 0,      0.000000,Optimal,Agg1    , 402,      1.447200,      0.716997,      0.495438,      0.013899,      0.999994
 42, 43,   0.0, 0,      0.000000,Optimal,Agg2    , 397,      1.429200,      0.765758,      0.535795,      0.042538,      0.999994
 42, 43,   0.0, 0,      0.000000,Optimal,Agg3    , 417,      1.501200,      0.760944,      0.506891,      0.029437,      0.999994
 42, 43,  30.0, 0,      0.000000,Optimal,Agg1    , 402,      1.447200,      0.626482,      0.432893,     -0.810945,      0.999971
 42, 43,  30.0, 0,      0.000000,Optimal,Agg2    , 397,      1.429200,      0.663677,      0.464370,     -0.732032,      0.999976
 42, 43,  30.0, 0,      0.000000,Optimal,Agg3    , 417,      1.501200,      0.665374,      0.443228,     -0.656863,      0.999929
 42, 43,  60.0, 0,      0.000000,Optimal,Agg1    , 402,      1.447200,     -0.054653,     -0.037765,     -0.998227,      0.993028
 42, 43,  60.0, 0,      0.000000,Optimal,Agg2    , 397,      1.429200,     -0.060418,     -0.042274,     -0.997998,      0.922720
 42, 43,  60.0, 0,      0.000000,Optimal,Agg3    , 417,      1.501200,     -0.038978,     -0.025964,     -0.994324,      0.968933
 42, 43,  90.0, 0,      0.000000,Optimal,Agg1    , 402,      1.447200,     -0.330160,     -0.228137,     -0.886602,      0.443397
 42, 43,  90.0, 0,      0.000000,Optimal,Agg2    , 397,      1.429200,     -0.317193,     -0.221937,     -0.982484,      0.339078
 42, 43,  90.0, 0,      0.000000,Optimal,Agg3    , 417,      1.501200,     -0.341147,     -0.227250,     -0.982472,      0.770451
 42, 43, 120.0, 0,      0.000000,Optimal,Agg1    , 402,      1.447200,     -0.850806,     -0.587898,     -0.990078,      0.085775
 42, 43, 120.0, 0,      0.000000,Optimal,Agg2    , 397,      1.429200,     -0.821346,     -0.574690,     -0.995358,      0.097636
 42, 43, 120.0, 0,      0.000000,Optimal,Agg3    , 417,      1.501200,     -0.852144,     -0.567642,     -0.790678,      0.105830
 42, 43, 150.0, 0,      0.000000,Optimal,Agg1    , 402,      1.447200,     -1.234946,     -0.853335,     -0.975623,      0.000033
 42, 43, 150.0, 0,      0.000000,Optimal,Agg2    , 397,      1.429200,     -1.208130,     -0.845319,     -0.976822,      0.000038
 42, 43, 150.0, 0,      0.000000,Optimal,Agg3    , 417,      1.501200,     -1.263571,     -0.841707,     -0.976822,      0.000039
 42, 43, 180.0, 0,      0.000000,Optimal,Agg1    , 402,      1.447200,     -1.369930,     -0.946607,     -1.000005,      0.000000
 42, 43, 180.0, 0,      0.000000,Optimal,Agg2    , 397,      1.429200,     -1.341935,     -0.938942,     -1.000004,      0.000000
 42, 43, 180.0, 0,      0.000000,Optimal,Agg3    , 417,      1.501200,     -1.405406,     -0.936189,     -1.000005,      0.000000
 42, 43, 210.0, 0,      0.000000,Optimal,Agg1    , 402,      1.447200,     -1.259384,     -0.870221,     -0.999984,      0.000066
 42, 43, 210.0, 0,      0.000000,Optimal,Agg2    , 397,      1.429200,     -1.234708,     -0.863915,     -0.999984,      0.018175
 42, 43, 210.0, 0,      0.000000,Optimal,Agg3    , 417,      1.501200,     -1.299600,     -0.865708,     -0.999993,      0.000169
 42, 43, 240.0, 0,      0.000000,Optimal,Agg1    , 402,      1.447200,     -0.322258,     -0.222677,     -0.945891,      0.923365
 42, 43, 240.0, 0,      0.000000,Optimal,Agg2    , 397,      1.429200,     -0.279618,     -0.195647,     -0.950432,      0.773916
 42, 43, 240.0, 0,      0.000000,Optimal,Agg3    , 417,      1.501200,     -0.308055,     -0.205206,     -0.948370,      0.845626
 42, 43, 270.0, 0,      0.000000,Optimal,Agg1    , 402,      1.447200,     -0.063772,     -0.044066,     -0.944999,      0.880799
 42, 43, 270.0, 0,      0.000000,Optimal,Agg2    , 397,      1.429200,     -0.018755,     -0.013123,     -0.950804,      0.864922
 42, 43, 270.0, 0,      0.000000,Optimal,Agg3    , 417,      1.501200,     -0.042097,     -0.028042,     -0.900070,      0.761915
 42, 43, 300.0, 0,      0.000000,Optimal,Agg1    , 402,      1.447200,      0.347904,      0.240398,     -0.299773,      0.800609
 42, 43, 300.0, 0,      0.000000,Optimal,Agg2    , 397,      1.429200,      0.399853,      0.279774,     -0.286324,      0.649335
 42, 43, 300.0, 0,      0.000000,Optimal,Agg3    , 417,      1.501200,      0.379374,      0.252714,     -0.281848,      0.976033
 42, 43, 330.0, 0,      0.000000,Optimal,Agg1    , 402,      1.447200,      0.642138,      0.443711,     -0.018758,      0.997442
 42, 43, 330.0, 0,      0.000000,Optimal,Agg2    , 397,      1.429200,      0.699674,      0.489556,     -0.003853,      0.999839
 42, 43, 330.0, 0,      0.000000,Optimal,Agg3    , 417,      1.501200,      0.691162,      0.460406,     -0.021684,      0.999951
 43, 44,   0.0, 0,      0.000000,Optimal,Agg1    , 402,      1.447200,      0.797075,      0.550771,      0.018667,      0.999998
 43, 44,   0.0, 0,      0.000000,Optimal,Agg2    , 397,      1.429200,      0.855189,      0.598369,      0.002133,      0.999998
 43, 44,   0.0, 0,      0.000000,Optimal,Agg3    , 417,      1.501200,      0.849204,      0.565683,      0.002320,      0.999998
 43, 44,  30.0, 0,      0.000000,Optimal,Agg1    , 402,      1.447200,      0.695597,      0.480650,     -0.764617,      0.999960
 43, 44,  30.0, 0,      0.000000,Optimal,Agg2    , 397,      1.429200,      0.749447,      0.524382,     -0.882231,      0.999937
 43, 44,  30.0, 0,      0.000000,Optimal,Agg3    , 417,      1.501200,      0.737165,      0.491050,     -0.614764,      0.999940
 43, 44,  60.0, 0,      0.000000,Optimal,Agg1    , 402,      1.447200,     -0.025580,     -0.017676,     -0.999448,      0.970579
 43, 44,  60.0, 0,      0.000000,Optimal,Agg2    , 397,      1.429200,     -0.038473,     -0.026919,     -0.998417,      0.928286
 43, 44,  60.0, 0,      0.000000,Optimal,Agg3    , 417,      1.501200,     -0.020173,     -0.013438,     -0.997517,      0.977323
 43, 44,  90.0, 0,      0.000000,Optimal,Agg1    , 402,      1.447200,     -0.315636,     -0.218101,     -0.896771,      0.679622
 43, 44,  90.0, 0,      0.000000,Optimal,Agg2    , 397,      1.429200,     -0.308308,     -0.215721,     -0.985966,      0.359490
 43, 44,  90.0, 0,      0.000000,Optimal,Agg3    , 417,      1.501200,     -0.332995,     -0.221819,     -0.985951,      0.960588
 43, 44, 120.0, 0,      0.000000,Optimal,Agg1    , 402,      1.447200,     -0.835447,     -0.577285,     -0.997147,      0.083809
 43, 44, 120.0, 0,      0.000000,Optimal,Agg2    , 397,      1.429200,     -0.805949,     -0.563916,     -0.998678,      0.099510
 43, 44, 120.0, 0,      0.000000,Optimal,Agg3    , 417,      1.501200,     -0.843863,     -0.562126,     -0.812337,      0.111715
 43, 44, 150.0, 0,      0.000000,Optimal,Agg1    , 402,      1.447200,     -1.192412,     -0.823944,     -0.985792,      0.000031
 43, 44, 150.0, 0,      0.000000,Optimal,Agg2    , 397,      1.429200,     -1.166122,     -0.815926,     -0.986493,      0.000036
 43, 44, 150.0, 0,      0.000000,Optimal,Agg3    , 417,      1.501200,     -1.230287,     -0.819536,     -0.986494,      0.000038
 43, 44, 180.0, 0,      0.000000,Optimal,Agg1    , 402,      1.447200,     -1.317738,     -0.910543,     -1.000015,      0.000029
 43, 44, 180.0, 0,      0.000000,Optimal,Agg2    , 397,      1.429200,     -1.291096,     -0.903370,     -1.000015,      0.000028
 43, 44, 180.0, 0,      0.000000,Optimal,Agg3    , 417,      1.501200,     -1.367046,     -0.910636,     -1.000015,      0.000029
 43, 44, 210.0, 0,      0.000000,Optimal,Agg1    , 402,      1.447200,     -1.216961,     -0.840907,     -0.999997,      0.004476
 43, 44, 210.0, 0,      0.000000,Optimal,Agg2    , 397,      1.429200,     -1.192268,     -0.834220,     -0.999966,      0.089342
 43, 44, 210.0, 0,      0.000000,Optimal,Agg3    , 417,      1.501200,     -1.268107,     -0.844729,     -0.999997,      0.000146
 43, 44, 240.0, 0,      0.000000,Optimal,Agg1    , 402,      1.447200,     -0.307281,     -0.212328,     -0.931378,      0.950748
 43, 44, 240.0, 0,      0.000000,Optimal,Agg2    , 397,      1.429200,     -0.266232,     -0.186280,     -0.948683,      0.748458
 43, 44, 240.0, 0,      0.000000,Optimal,Agg3    , 417,      1.501200,     -0.290806,     -0.193716,     -0.946556,      0.898133
 43, 44, 270.0, 0,      0.000000,Optimal,Agg1    , 402,      1.447200,     -0.059573,     -0.041164,     -0.913714,      0.912261
 43, 44, 270.0, 0,      0.000000,Optimal,Agg2    , 397,      1.429200,     -0.010863,     -0.007600,     -0.915378,      0.944312
 43, 44, 270.0, 0,      0.000000,Optimal,Agg3    , 417,      1.501200,     -0.025582,     -0.017041,     -0.923282,      0.764694
 43, 44, 300.0, 0,      0.000000,Optimal,Agg1    , 402,      1.447200,      0.373946,      0.258393,     -0.307624,      0.661961
 43, 44, 300.0, 0,      0.000000,Optimal,Agg2    , 397,      1.429200,      0.422802,      0.295831,     -0.287352,      0.729085
 43, 44, 300.0, 0,      0.000000,Optimal,Agg3    , 417,      1.501200,      0.408478,      0.272101,     -0.293975,      0.981578
 43, 44, 330.0, 0,      0.000000,Optimal,Agg1    , 402,      1.447200,      0.704654,      0.486908,     -0.033060,      0.984906
 43, 44, 330.0, 0,      0.000000,Optimal,Agg2    , 397,      1.429200,      0.767318,      0.536886,     -0.032847,      0.999995
 43, 44, 330.0, 0,      0.000000,Optimal,Agg3    , 417,      1.501200,      0.755948,      0.503563,     -0.032224,      0.999995
 44, 45,   0.0, 0,      0.000000,Optimal,Agg1    , 402,      1.447200,      0.868249,      0.599951,      0.015119,      0.999997
 44, 45,   0.0, 0,      0.000000,Optimal,Agg2    , 397,      1.429200,      0.926179,      0.648040,      0.005298,      0.999997
 44, 45,   0.0, 0,      0.000000,Optimal,Agg3    , 417,      1.501200,      0.913329,      0.608399,     -0.028031,      0.999997
 44, 45,  30.0, 0,      0.000000,Optimal,Agg1    , 402,      1.447200,      0.750686,      0.518716,     -0.851449,      0.999968
 44, 45,  30.0, 0,      0.000000,Optimal,Agg2    , 397,      1.429200,      0.821957,      0.575117,     -0.998037,      0.999970
 44, 45,  30.0, 0,      0.000000,Optimal,Agg3    , 417,      1.501200,      0.785134,      0.523004,     -0.990585,      0.999881
 44, 45,  60.0, 0,      0.000000,Optimal,Agg1    , 402,      1.447200,      0.011362,      0.007851,     -0.999467,      0.958812
 44, 45,  60.0, 0,      0.000000,Optimal,Agg2    , 397,      1.429200,     -0.006513,     -0.004557,     -0.999957,      0.926112
 44, 45,  60.0, 0,      0.000000,Optimal,Agg3    , 417,      1.501200,     -0.023023,     -0.015336,     -0.997957,      0.984249
 44, 45,  90.0, 0,      0.000000,Optimal,Agg1    , 402,      1.447200,     -0.305147,     -0.210853,     -0.903911,      0.409562
 44, 45,  90.0, 0,      0.000000,Optimal,Agg2    , 397,      1.429200,     -0.290979,     -0.203595,     -0.989719,      0.330096
 44, 45,  90.0, 0,      0.000000,Optimal,Agg3    , 417,      1.501200,     -0.334771,     -0.223002,     -0.989680,      0.344083
 44, 45, 120.0, 0,      0.000000,Optimal,Agg1    , 402,      1.447200,     -0.820918,     -0.567245,     -0.834237,      0.090520
 44, 45, 120.0, 0,      0.000000,Optimal,Agg2    , 397,      1.429200,     -0.789449,     -0.552371,     -0.971109,      0.088974
 44, 45, 120.0, 0,      0.000000,Optimal,Agg3    , 417,      1.501200,     -0.830114,     -0.552967,     -0.833151,      0.103183
 44, 45, 150.0, 0,      0.000000,Optimal,Agg1    , 402,      1.447200,     -1.134895,     -0.784201,     -0.983450,      0.000000
 44, 45, 150.0, 0,      0.000000,Optimal,Agg2    , 397,      1.429200,     -1.118507,     -0.782611,     -0.984186,      0.000000
 44, 45, 150.0, 0,      0.000000,Optimal,Agg3    , 417,      1.501200,     -1.178828,     -0.785257,     -0.984326,      0.000000
 44, 45, 180.0, 0,      0.000000,Optimal,Agg1    , 402,      1.447200,     -1.256258,     -0.868061,     -1.000040,      0.000075
 44, 45, 180.0, 0,      0.000000,Optimal,Agg2    , 397,      1.429200,     -1.234655,     -0.863878,     -1.000040,      0.000078
 44, 45, 180.0, 0,      0.000000,Optimal,Agg3    , 417,      1.501200,     -1.305447,     -0.869602,     -1.000040,      0.000075
 44, 45, 210.0, 0,      0.000000,Optimal,Agg1    , 402,      1.447200,     -1.157145,     -0.799575,     -1.000000,      0.000000
 44, 45, 210.0, 0,      0.000000,Optimal,Agg2    , 397,      1.429200,     -1.140959,     -0.798320,     -0.999986,      0.082553
 44, 45, 210.0, 0,      0.000000,Optimal,Agg3    , 417,      1.501200,     -1.215908,     -0.809957,     -1.000000,      0.000000
 44, 45, 240.0, 0,      0.000000,Optimal,Agg1    , 402,      1.447200,     -0.288440,     -0.199309,     -0.929722,      0.979224
 44, 45, 240.0, 0,      0.000000,Optimal,Agg2    , 397,      1.429200,     -0.240549,     -0.168310,     -0.954625,      0.823159
 44, 45, 240.0, 0,      0.000000,Optimal,Agg3    , 417,      1.501200,     -0.274972,     -0.183168,     -0.988128,      0.896617
 44, 45, 270.0, 0,      0.000000,Optimal,Agg1    , 402,      1.447200,     -0.051876,     -0.035846,     -0.903419,      0.829806
 44, 45, 270.0, 0,      0.000000,Optimal,Agg2    , 397,      1.429200,      0.003107,      0.002174,     -0.912529,      0.893546
 44, 45, 270.0, 0,      0.000000,Optimal,Agg3    , 417,      1.501200,     -0.018432,     -0.012278,     -0.984880,      0.865874
 44, 45, 300.0, 0,      0.000000,Optimal,Agg1    , 402,      1.447200,      0.396618,      0.274059,     -0.907943,      0.741237
 44, 45, 300.0, 0,      0.000000,Optimal,Agg2    , 397,      1.429200,      0.439325,      0.307392,     -0.302437,      0.649284
 44, 45, 300.0, 0,      0.000000,Optimal,Agg3    , 417,      1.501200,      0.424449,      0.282740,     -0.290165,      0.970831
 44, 45, 330.0, 0,      0.000000,Optimal,Agg1    , 402,      1.447200,      0.755095,      0.521763,     -0.041822,      0.999991
 44, 45, 330.0, 0,      0.000000,Optimal,Agg2    , 397,      1.429200,      0.814299,      0.569759,     -0.026077,      0.999992
 44, 45, 330.0, 0,      0.000000,Optimal,Agg3    , 417,      1.501200,      0.797743,      0.531403,     -0.046274,      0.999992
 45, 46,   0.0, 0,      0.000000,Optimal,Agg1    , 402,      1.447200,      0.930398,      0.642895,      0.021453,      0.999997
 45, 46,   0.0, 0,      0.000000,Optimal,Agg2    , 397,      1.429200,      0.987238,      0.690762,      0.022868,      0.999997
 45, 46,   0.0, 0,      0.000000,Optimal,Agg3    , 417,      1.501200,      0.973909,      0.648754,      0.009834,      0.999997
 45, 46,  30.0, 0,      0.000000,Optimal,Agg1    , 402,      1.447200,      0.816908,      0.564475,     -0.881276,      0.999963
 45, 46,  30.0, 0,      0.000000,Optimal,Agg2    , 397,      1.429200,      0.871829,      0.610012,     -0.534880,      0.999977
 45, 46,  30.0, 0,      0.000000,Optimal,Agg3    , 417,      1.501200,      0.836437,      0.557179,     -0.806010,      0.999975
 45, 46,  60.0, 0,      0.000000,Optimal,Agg1    , 402,      1.447200,      0.051834,      0.035817,     -0.999238,      0.959197
 45, 46,  60.0, 0,      0.000000,Optimal,Agg2    , 397,      1.429200,      0.029616,      0.020722,     -0.998845,      0.921317
 45, 46,  60.0, 0,      0.000000,Optimal,Agg3    , 417,      1.501200,      0.021474,      0.014305,     -0.998636,      0.983554
 45, 46,  90.0, 0,      0.000000,Optimal,Agg1    , 402,      1.447200,     -0.268874,     -0.185789,     -0.883349,      0.797425
 45, 46,  90.0, 0,      0.000000,Optimal,Agg2    , 397,      1.429200,     -0.252402,     -0.176604,     -0.991981,      0.441621
 45, 46,  90.0, 0,      0.000000,Optimal,Agg3    , 417,      1.501200,     -0.287996,     -0.191844,     -0.970105,      0.792640
 45, 46, 120.0, 0,      0.000000,Optimal,Agg1    , 402,      1.447200,     -0.784153,     -0.541842,     -0.856849,      0.086739
 45, 46, 120.0, 0,      0.000000,Optimal,Agg2    , 397,      1.429200,     -0.761113,     -0.532545,     -0.990092,      0.086428
 45, 46, 120.0, 0,      0.000000,Optimal,Agg3    , 417,      1.501200,     -0.796139,     -0.530335,     -0.851864,      0.101015
 45, 46, 150.0, 0,      0.000000,Optimal,Agg1    , 402,      1.447200,     -1.077968,     -0.744865,     -0.989696,      0.000000
 45, 46, 150.0, 0,      0.000000,Optimal,Agg2    , 397,      1.429200,     -1.061019,     -0.742387,     -0.990196,      0.000000
 45, 46, 150.0, 0,      0.000000,Optimal,Agg3    , 417,      1.501200,     -1.125832,     -0.749954,     -0.990293,      0.000000
 45, 46, 180.0, 0,      0.000000,Optimal,Agg1    , 402,      1.447200,     -1.182208,     -0.816893,     -1.000026,      0.000047
 45, 46, 180.0, 0,      0.000000,Optimal,Agg2    , 397,      1.429200,     -1.153081,     -0.806802,     -1.000026,      0.000046
 45, 46, 180.0, 0,      0.000000,Optimal,Agg3    , 417,      1.501200,     -1.233347,     -0.821574,     -1.000026,      0.000047
 45, 46, 210.0, 0,      0.000000,Optimal,Agg1    , 402,      1.447200,     -1.090340,     -0.753414,     -0.999999,      0.000000
 45, 46, 210.0, 0,      0.000000,Optimal,Agg2    , 397,      1.429200,     -1.077368,     -0.753826,     -0.999997,      0.000230
 45, 46, 210.0, 0,      0.000000,Optimal,Agg3    , 417,      1.501200,     -1.153426,     -0.768336,     -1.000000,      0.000091
 45, 46, 240.0, 0,      0.000000,Optimal,Agg1    , 402,      1.447200,     -0.250401,     -0.173025,     -0.929171,      0.909555
 45, 46, 240.0, 0,      0.000000,Optimal,Agg2    , 397,      1.429200,     -0.201307,     -0.140853,     -0.942825,      0.758891
 45, 46, 240.0, 0,      0.000000,Optimal,Agg3    , 417,      1.501200,     -0.231602,     -0.154278,     -0.940648,      0.927159
 45, 46, 270.0, 0,      0.000000,Optimal,Agg1    , 402,      1.447200,     -0.028502,     -0.019695,     -0.905219,      0.853640
 45, 46, 270.0, 0,      0.000000,Optimal,Agg2    , 397,      1.429200,      0.033837,      0.023675,     -0.910584,      0.902468
 45, 46, 270.0, 0,      0.000000,Optimal,Agg3    , 417,      1.501200,      0.012451,      0.008294,     -0.907836,      0.904262
 45, 46, 300.0, 0,      0.000000,Optimal,Agg1    , 402,      1.447200,      0.427157,      0.295161,     -0.714363,      0.771897
 45, 46, 300.0, 0,      0.000000,Optimal,Agg2    , 397,      1.429200,      0.468151,      0.327562,     -0.292729,      0.662196
 45, 46, 300.0, 0,      0.000000,Optimal,Agg3    , 417,      1.501200,      0.459163,      0.305864,     -0.279377,      0.991516
 45, 46, 330.0, 0,      0.000000,Optimal,Agg1    , 402,      1.447200,      0.809212,      0.559157,     -0.033527,      0.992572
 45, 46, 330.0, 0,      0.000000,Optimal,Agg2    , 397,      1.429200,      0.860987,      0.602426,     -0.007053,      0.992780
 45, 46, 330.0, 0,      0.000000,Optimal,Agg3    , 417,      1.501200,      0.846836,      0.564106,     -0.039591,      0.992537
 46, 47,   0.0, 0,      0.000000,Optimal,Agg1    , 402,      1.447200,      0.995706,      0.688022,      0.051970,      0.999997
 46, 47,   0.0, 0,      0.000000,Optimal,Agg2    , 397,      1.429200,      1.044043,      0.730508,      0.042871,      0.999998
 46, 47,   0.0, 0,      0.000000,Optimal,Agg3    , 417,      1.501200,      1.034612,      0.689190,      0.038108,      0.999999
 46, 47,  30.0, 0,      0.000000,Optimal,Agg1    , 402,      1.447200,      0.880454,      0.608384,     -0.585984,      0.999962
 46, 47,  30.0, 0,      0.000000,Optimal,Agg2    , 397,      1.429200,      0.918398,      0.642596,     -0.455191,      0.999936
 46, 47,  30.0, 0,      0.000000,Optimal,Agg3    , 417,      1.501200,      0.897173,      0.597637,     -0.602279,      0.999964
 46, 47,  60.0, 0,      0.000000,Optimal,Agg1    , 402,      1.447200,      0.103939,      0.071821,     -0.996506,      0.951475
 46, 47,  60.0, 0,      0.000000,Optimal,Agg2    , 397,      1.429200,      0.089364,      0.062527,     -0.996185,      0.920479
 46, 47,  60.0, 0,      0.000000,Optimal,Agg3    , 417,      1.501200,      0.090332,      0.060173,     -0.999203,      0.979143
 46, 47,  90.0, 0,      0.000000,Optimal,Agg1    , 402,      1.447200,     -0.217295,     -0.150148,     -0.936200,      0.770436
 46, 47,  90.0, 0,      0.000000,Optimal,Agg2    , 397,      1.429200,     -0.204093,     -0.142802,     -0.989613,      0.558671
 46, 47,  90.0, 0,      0.000000,Optimal,Agg3    , 417,      1.501200,     -0.232314,     -0.154752,     -0.958304,      0.784885
 46, 47, 120.0, 0,      0.000000,Optimal,Agg1    , 402,      1.447200,     -0.737123,     -0.509344,     -0.857006,      0.095683
 46, 47, 120.0, 0,      0.000000,Optimal,Agg2    , 397,      1.429200,     -0.714989,     -0.500272,     -0.994585,      0.094425
 46, 47, 120.0, 0,      0.000000,Optimal,Agg3    , 417,      1.501200,     -0.752424,     -0.501215,     -0.859310,      0.113065
 46, 47, 150.0, 0,      0.000000,Optimal,Agg1    , 402,      1.447200,     -1.026031,     -0.708976,     -0.999505,      0.000000
 46, 47, 150.0, 0,      0.000000,Optimal,Agg2    , 397,      1.429200,     -0.989015,     -0.692006,     -0.999548,      0.000000
 46, 47, 150.0, 0,      0.000000,Optimal,Agg3    , 417,      1.501200,     -1.064888,     -0.709358,     -0.999558,      0.000000
 46, 47, 180.0, 0,      0.000000,Optimal,Agg1    , 402,      1.447200,     -1.105923,     -0.764181,     -1.000023,      0.000043
 46, 47, 180.0, 0,      0.000000,Optimal,Agg2    , 397,      1.429200,     -1.060504,     -0.742027,     -1.000024,      0.000042
 46, 47, 180.0, 0,      0.000000,Optimal,Agg3    , 417,      1.501200,     -1.149894,     -0.765983,     -1.000023,      0.000043
 46, 47, 210.0, 0,      0.000000,Optimal,Agg1    , 402,      1.447200,     -1.022119,     -0.706273,     -0.999999,      0.000103
 46, 47, 210.0, 0,      0.000000,Optimal,Agg2    , 397,      1.429200,     -0.993499,     -0.695144,     -0.999990,      0.000508
 46, 47, 210.0, 0,      0.000000,Optimal,Agg3    , 417,      1.501200,     -1.077001,     -0.717426,     -0.999996,      0.000235
 46, 47, 240.0, 0,      0.000000,Optimal,Agg1    , 402,      1.447200,     -0.191814,     -0.132542,     -0.937427,      0.930422
 46, 47, 240.0, 0,      0.000000,Optimal,Agg2    , 397,      1.429200,     -0.144510,     -0.101113,     -0.948843,      0.834592
 46, 47, 240.0, 0,      0.000000,Optimal,Agg3    , 417,      1.501200,     -0.179175,     -0.119355,     -0.946654,      0.955134
 46, 47, 270.0, 0,      0.000000,Optimal,Agg1    , 402,      1.447200,      0.020848,      0.014406,     -0.882202,      0.869470
 46, 47, 270.0, 0,      0.000000,Optimal,Agg2    , 397,      1.429200,      0.072760,      0.050909,     -0.907790,      0.948250
 46, 47, 270.0, 0,      0.000000,Optimal,Agg3    , 417,      1.501200,      0.054902,      0.036572,     -0.903690,      0.901427
 46, 47, 300.0, 0,      0.000000,Optimal,Agg1    , 402,      1.447200,      0.472194,      0.326281,     -0.291311,      0.698566
 46, 47, 300.0, 0,      0.000000,Optimal,Agg2    , 397,      1.429200,      0.508243,      0.355613,     -0.253229,      0.663126
 46, 47, 300.0, 0,      0.000000,Optimal,Agg3    , 417,      1.501200,      0.506389,      0.337323,     -0.237652,      0.992646
 46, 47, 330.0, 0,      0.000000,Optimal,Agg1    , 402,      1.447200,      0.867032,      0.599110,     -0.000097,      0.995693
 46, 47, 330.0, 0,      0.000000,Optimal,Agg2    , 397,      1.429200,      0.910487,      0.637061,      0.013361,      0.995800
 46, 47, 330.0, 0,      0.000000,Optimal,Agg3    , 417,      1.501200,      0.902506,      0.601190,     -0.010754,      0.995747
 47, 48,   0.0, 0,      0.000000,Optimal,Agg1    , 402,      1.447200,      1.053057,      0.727651,      0.074132,      0.999991
 47, 48,   0.0, 0,      0.000000,Optimal,Agg2    , 397,      1.429200,      1.094010,      0.765470,      0.077590,      0.999992
 47, 48,   0.0, 0,      0.000000,Optimal,Agg3    , 417,      1.501200,      1.090304,      0.726288,      0.061876,      0.999992
 47, 48,  30.0, 0,      0.000000,Optimal,Agg1    , 402,      1.447200,      0.944716,      0.652789,     -0.692032,      0.999995
 47, 48,  30.0, 0,      0.000000,Optimal,Agg2    , 397,      1.429200,      0.972571,      0.680500,     -0.893225,      0.999941
 47, 48,  30.0, 0,      0.000000,Optimal,Agg3    , 417,      1.501200,      0.949922,      0.632775,     -0.856126,      0.999949
 47, 48,  60.0, 0,      0.000000,Optimal,Agg1    , 402,      1.447200,      0.162153,      0.112046,     -0.997943,      0.942433
 47, 48,  60.0, 0,      0.000000,Optimal,Agg2    , 397,      1.429200,      0.156458,      0.109472,     -0.974503,      0.914390
 47, 48,  60.0, 0,      0.000000,Optimal,Agg3    , 417,      1.501200,      0.154175,      0.102701,     -0.990182,      0.973364
 47, 48,  90.0, 0,      0.000000,Optimal,Agg1    , 402,      1.447200,     -0.167649,     -0.115844,     -0.928379,      0.918459
 47, 48,  90.0, 0,      0.000000,Optimal,Agg2    , 397,      1.429200,     -0.146152,     -0.102261,     -0.993353,      0.554940
 47, 48,  90.0, 0,      0.000000,Optimal,Agg3    , 417,      1.501200,     -0.185200,     -0.123368,     -0.969683,      0.904375
 47, 48, 120.0, 0,      0.000000,Optimal,Agg1    , 402,      1.447200,     -0.687660,     -0.475166,     -0.869325,      0.102722
 47, 48, 120.0, 0,      0.000000,Optimal,Agg2    , 397,      1.429200,     -0.658110,     -0.460475,     -0.952477,      0.102776
 47, 48, 120.0, 0,      0.000000,Optimal,Agg3    , 417,      1.501200,     -0.710057,     -0.472993,     -0.865082,      0.118451
 47, 48, 150.0, 0,      0.000000,Optimal,Agg1    , 402,      1.447200,     -0.972872,     -0.672244,     -0.999995,      0.000000
 47, 48, 150.0, 0,      0.000000,Optimal,Agg2    , 397,      1.429200,     -0.924094,     -0.646581,     -0.999995,      0.000000
 47, 48, 150.0, 0,      0.000000,Optimal,Agg3    , 417,      1.501200,     -1.015170,     -0.676239,     -0.999995,      0.000000
 47, 48, 180.0, 0,      0.000000,Optimal,Agg1    , 402,      1.447200,     -1.032607,     -0.713520,     -1.000030,      0.000055
 47, 48, 180.0, 0,      0.000000,Optimal,Agg2    , 397,      1.429200,     -0.981773,     -0.686939,     -1.000030,      0.000054
 47, 48, 180.0, 0,      0.000000,Optimal,Agg3    , 417,      1.501200,     -1.083716,     -0.721900,     -1.000030,      0.000055
 47, 48, 210.0, 0,      0.000000,Optimal,Agg1    , 402,      1.447200,     -0.958593,     -0.662377,     -0.999997,      0.000183
 47, 48, 210.0, 0,      0.000000,Optimal,Agg2    , 397,      1.429200,     -0.920761,     -0.644249,     -0.999976,      0.000968
 47, 48, 210.0, 0,      0.000000,Optimal,Agg3    , 417,      1.501200,     -1.020425,     -0.679739,     -0.999992,      0.000194
 47, 48, 240.0, 0,      0.000000,Optimal,Agg1    , 402,      1.447200,     -0.119728,     -0.082731,     -0.940388,      0.893827
 47, 48, 240.0, 0,      0.000000,Optimal,Agg2    , 397,      1.429200,     -0.077915,     -0.054516,     -0.950698,      0.939095
 47, 48, 240.0, 0,      0.000000,Optimal,Agg3    , 417,      1.501200,     -0.126640,     -0.084359,     -0.909340,      0.991572
 47, 48, 270.0, 0,      0.000000,Optimal,Agg1    , 402,      1.447200,      0.081290,      0.056171,     -0.820767,      0.934876
 47, 48, 270.0, 0,      0.000000,Optimal,Agg2    , 397,      1.429200,      0.119047,      0.083297,     -0.911586,      0.946913
 47, 48, 270.0, 0,      0.000000,Optimal,Agg3    , 417,      1.501200,      0.101535,      0.067636,     -0.878937,      0.932780
 47, 48, 300.0, 0,      0.000000,Optimal,Agg1    , 402,      1.447200,      0.520454,      0.359628,     -0.463996,      0.883742
 47, 48, 300.0, 0,      0.000000,Optimal,Agg2    , 397,      1.429200,      0.547918,      0.383374,     -0.232614,      0.734275
 47, 48, 300.0, 0,      0.000000,Optimal,Agg3    , 417,      1.501200,      0.552979,      0.368358,     -0.221144,      0.821069
 47, 48, 330.0, 0,      0.000000,Optimal,Agg1    , 402,      1.447200,      0.921682,      0.636873,      0.021887,      0.989690
 47, 48, 330.0, 0,      0.000000,Optimal,Agg2    , 397,      1.429200,      0.958933,      0.670958,      0.045562,      0.989628
 47, 48, 330.0, 0,      0.000000,Optimal,Agg3    , 417,      1.501200,      0.956371,      0.637071,      0.008870,      0.989660
 48,  1,   0.0, 0,      0.000000,Optimal,Agg1    , 402,      1.447200,      1.080832,      0.746844,      0.086562,      0.999996
 48,  1,   0.0, 0,      0.000000,Optimal,Agg2    , 397,      1.429200,      1.128836,      0.789837,      0.097721,      0.999996
 48,  1,   0.0, 0,      0.000000,Optimal,Agg3    , 417,      1.501200,      1.119100,      0.745470,      0.072508,      0.999996
 48,  1,  30.0, 0,      0.000000,Optimal,Agg1    , 402,      1.447200,      0.966495,      0.667838,     -0.555252,      0.999794
 48,  1,  30.0, 0,      0.000000,Optimal,Agg2    , 397,      1.429200,      1.011437,      0.707695,     -0.223001,      0.999908
 48,  1,  30.0, 0,      0.000000,Optimal,Agg3    , 417,      1.501200,      0.987968,      0.658119,     -0.845083,      0.999989
 48,  1,  60.0, 0,      0.000000,Optimal,Agg1    , 402,      1.447200,      0.184712,      0.127634,     -0.977031,      0.969790
 48,  1,  60.0, 0,      0.000000,Optimal,Agg2    , 397,      1.429200,      0.194697,      0.136228,     -0.979505,      0.929512
 48,  1,  60.0, 0,      0.000000,Optimal,Agg3    , 417,      1.501200,      0.183464,      0.122212,     -0.999526,      0.977402
 48,  1,  90.0, 0,      0.000000,Optimal,Agg1    , 402,      1.447200,     -0.141438,     -0.097732,     -0.872094,      0.712943
 48,  1,  90.0, 0,      0.000000,Optimal,Agg2    , 397,      1.429200,     -0.120772,     -0.084503,     -0.994842,      0.575566
 48,  1,  90.0, 0,      0.000000,Optimal,Agg3    , 417,      1.501200,     -0.157976,     -0.105233,     -0.965921,      0.715909
 48,  1, 120.0, 0,      0.000000,Optimal,Agg1    , 402,      1.447200,     -0.664640,     -0.459259,     -0.881701,      0.101035
 48,  1, 120.0, 0,      0.000000,Optimal,Agg2    , 397,      1.429200,     -0.621739,     -0.435026,     -0.984409,      0.114612
 48,  1, 120.0, 0,      0.000000,Optimal,Agg3    , 417,      1.501200,     -0.678929,     -0.452258,     -0.882650,      0.112194
 48,  1, 150.0, 0,      0.000000,Optimal,Agg1    , 402,      1.447200,     -0.935028,     -0.646095,     -0.999950,      0.000072
 48,  1, 150.0, 0,      0.000000,Optimal,Agg2    , 397,      1.429200,     -0.869918,     -0.608675,     -0.999950,      0.000072
 48,  1, 150.0, 0,      0.000000,Optimal,Agg3    , 417,      1.501200,     -0.966211,     -0.643626,     -0.999950,      0.000072
 48,  1, 180.0, 0,      0.000000,Optimal,Agg1    , 402,      1.447200,     -0.989011,     -0.683396,     -1.000032,      0.000057
 48,  1, 180.0, 0,      0.000000,Optimal,Agg2    , 397,      1.429200,     -0.922491,     -0.645460,     -1.000032,      0.000056
 48,  1, 180.0, 0,      0.000000,Optimal,Agg3    , 417,      1.501200,     -1.026258,     -0.683625,     -1.000032,      0.000057
 48,  1, 210.0, 0,      0.000000,Optimal,Agg1    , 402,      1.447200,     -0.919969,     -0.635689,     -1.000000,      0.000000
 48,  1, 210.0, 0,      0.000000,Optimal,Agg2    , 397,      1.429200,     -0.860704,     -0.602228,     -0.999995,      0.000681
 48,  1, 210.0, 0,      0.000000,Optimal,Agg3    , 417,      1.501200,     -0.965879,     -0.643404,     -0.999995,      0.000000
 48,  1, 240.0, 0,      0.000000,Optimal,Agg1    , 402,      1.447200,     -0.093468,     -0.064586,     -0.831606,      0.977295
 48,  1, 240.0, 0,      0.000000,Optimal,Agg2    , 397,      1.429200,     -0.037242,     -0.026058,     -0.947118,      0.893151
 48,  1, 240.0, 0,      0.000000,Optimal,Agg3    , 417,      1.501200,     -0.101287,     -0.067471,     -0.911349,      0.984668
 48,  1, 270.0, 0,      0.000000,Optimal,Agg1    , 402,      1.447200,      0.116771,      0.080687,     -0.831577,      0.934792
 48,  1, 270.0, 0,      0.000000,Optimal,Agg2    , 397,      1.429200,      0.150228,      0.105113,     -0.889745,      0.945061
 48,  1, 270.0, 0,      0.000000,Optimal,Agg3    , 417,      1.501200,      0.119889,      0.079862,     -0.839543,      0.986281
 48,  1, 300.0, 0,      0.000000,Optimal,Agg1    , 402,      1.447200,      0.538906,      0.372379,     -0.283371,      0.956932
 48,  1, 300.0, 0,      0.000000,Optimal,Agg2    , 397,      1.429200,      0.570442,      0.399134,     -0.240433,      0.732952
 48,  1, 300.0, 0,      0.000000,Optimal,Agg3    , 417,      1.501200,      0.573558,      0.382066,     -0.242534,      0.951387
 48,  1, 330.0, 0,      0.000000,Optimal,Agg1    , 402,      1.447200,      0.946599,      0.654090,      0.030254,      0.998059
 48,  1, 330.0, 0,      0.000000,Optimal,Agg2    , 397,      1.429200,      0.989182,      0.692123,      0.065564,      0.998006
 48,  1, 330.0, 0,      0.000000,Optimal,Agg3    , 417,      1.501200,      0.983159,      0.654916,      0.016309,      0.998060
