pattern,case,now,pv_cut_kWh,surplus_kWh,exports_kWh,purchases_kWh,battery_kWh,soc_mean_pct,svc
EDGE_SUN,exp_coord,1,0.0,0.0,0.0,0.0,-4.933271,40.0,0
EDGE_SUN,exp_coord,2,0.0,0.0,0.0,0.0,-4.4372679999999995,37.30847608695652,0
EDGE_SUN,exp_coord,3,0.0,0.0,0.0,0.0,-2.984724,34.887558695652174,0
EDGE_SUN,exp_coord,4,0.0,0.0,0.0,0.0,-3.31658,33.259130434782605,0
EDGE_SUN,exp_coord,5,0.0,0.0,0.0,0.140201,-2.851785,31.44965652173913,0
EDGE_SUN,exp_coord,6,0.0,0.0,0.0,0.032261,-3.114471,29.89376304347826,0
EDGE_SUN,exp_coord,7,0.0,0.0,0.0,0.112901,-3.245636,28.19455217391304,0
EDGE_SUN,exp_coord,8,0.0,0.0,0.0,0.344187,-3.020388,26.42378260869565,0
EDGE_SUN,exp_coord,9,0.0,0.013017,0.013029,0.05265,-1.657869,24.775891304347827,0
EDGE_SUN,exp_coord,10,0.0,1.633509,1.633642,0.077515,-0.362825,23.871378260869562,0
EDGE_SUN,exp_coord,11,0.0,5.420167,5.420364,0.0,0.0,23.67343043478261,0
EDGE_SUN,exp_coord,12,0.0,10.091891,10.080304,0.0,-0.019985,23.67343043478261,0
EDGE_SUN,exp_coord,13,0.0,15.179446,14.918245,0.0,0.261366,23.661886956521737,0
EDGE_SUN,exp_coord,14,0.0,20.385686,20.263721,0.0,-0.868546,23.790230434782607,0
EDGE_SUN,exp_coord,15,0.0,23.970019,40.802042,0.090874,-17.294844,23.309702173913042,1
EDGE_SUN,exp_coord,16,19.463998,29.860074,0.0,7.030078,16.720663,13.873876086956521,1
EDGE_SUN,exp_coord,17,34.703734,34.703726,0.0,66.330848,66.180925,22.084471739130436,1
EDGE_SUN,exp_coord,18,37.994586,37.994566,0.0,67.175957,66.791732,54.582321739130435,1
EDGE_SUN,exp_coord,19,41.779105,41.779102,0.0,26.036726,25.699849,87.3801,1
EDGE_SUN,exp_coord,20,0.0,46.468638,112.72595,0.0,-66.523875,99.99989999999998,1
EDGE_SUN,exp_coord,21,0.0,48.365948,49.533787,0.804987,-1.220907,63.705343478260865,1
EDGE_SUN,exp_coord,22,53.075656,53.075649,0.0,68.248477,68.067065,63.03922826086957,1
EDGE_SUN,exp_coord,23,24.634437000000002,52.543371,24.522586,0.0,3.386349,96.46326304347825,1
EDGE_SUN,exp_coord,24,52.493056,52.493056,0.0,4.138622,3.815909,98.12611739130435,1
EDGE_SUN,exp_coord,25,0.0,56.244226,122.60074900000001,0.0,-66.356519,99.99989999999998,1
EDGE_SUN,exp_coord,26,22.191061,54.672591000000004,21.947591,0.225744,10.759683,63.79665,1
EDGE_SUN,exp_coord,27,22.662378,52.105801,17.99481,0.082525,11.531141,69.08014565217391,1
EDGE_SUN,exp_coord,28,48.916444,48.916439,0.0,51.436042,51.436042,74.74246086956522,1
EDGE_SUN,exp_coord,29,0.0,47.851786,51.611479,0.0,-3.759696,99.99989999999998,1
EDGE_SUN,exp_coord,30,44.786981,44.786977,0.0,4.308064,4.177294,97.94865652173912,1
EDGE_SUN,exp_coord,31,0.0,40.571179,112.741593,0.0,-72.390099,99.99989999999998,1
EDGE_SUN,exp_coord,32,36.833164,36.833141,0.0,69.713691,69.713676,60.50480217391304,1
EDGE_SUN,exp_coord,33,0.0,30.750399,71.661402,0.0,-41.066265,94.73739130434782,1
EDGE_SUN,exp_coord,34,2.737693,25.197287,17.494858999999998,0.46904300000000004,5.336825,72.33217826086957,1
EDGE_SUN,exp_coord,35,19.552746,19.552742,0.0,32.817841,32.099913,74.9527956521739,1
EDGE_SUN,exp_coord,36,0.0,15.354055,4.883816,0.0,7.224665,90.71533695652174,0
EDGE_SUN,exp_coord,37,0.0,10.109599,4.481994,0.0,1.993023,94.08594130434783,0
EDGE_SUN,exp_coord,38,0.0,5.217196,3.357509,0.0,-2.366025,94.86636739130434,0
EDGE_SUN,exp_coord,39,0.0,1.977009,1.466745,0.0,-2.504933,93.47404782608695,0
EDGE_SUN,exp_coord,40,0.0,0.072297,0.06156400000000001,0.0,-8.036592,92.07954130434783,0
EDGE_SUN,exp_coord,41,0.0,0.0,0.0,0.0,-11.003150999999999,87.69430217391304,0
EDGE_SUN,exp_coord,42,0.0,0.0,0.0,0.678794,-11.177223,81.69112391304347,0
EDGE_SUN,exp_coord,43,0.0,0.0,0.0,1.9790109999999999,-10.708423,75.59298260869566,0
EDGE_SUN,exp_coord,44,0.0,0.0,0.0,1.154242,-9.52286,69.7506152173913,0
EDGE_SUN,exp_coord,45,0.0,0.0,0.0,1.468563,-9.764701,64.55506739130435,0
EDGE_SUN,exp_coord,46,0.0,0.0,0.0,1.156492,-9.979122,59.22758695652174,0
EDGE_SUN,exp_coord,47,0.0,0.0,0.0,2.793773,-7.390846,53.78309782608696,0
EDGE_SUN,exp_coord,48,0.0,0.0,0.0,1.717972,-5.161805,49.75075217391305,0
EDGE_SUN,exp_today,1,0.0,0.0,0.0,0.0,-4.933247,40.0,0
EDGE_SUN,exp_today,2,0.0,0.0,0.0,0.0,-4.437252,37.30848695652174,0
EDGE_SUN,exp_today,3,0.0,0.0,0.0,0.0,-2.984695,34.887580434782606,0
EDGE_SUN,exp_today,4,0.0,0.0,0.0,0.0,-3.316554,33.259173913043476,0
EDGE_SUN,exp_today,5,0.0,0.0,0.0,0.1402,-2.851747,31.449702173913042,0
EDGE_SUN,exp_today,6,0.0,0.0,0.0,0.032262,-3.114402,29.893828260869565,0
EDGE_SUN,exp_today,7,0.0,0.0,0.0,0.1129,-3.245558,28.194652173913042,0
EDGE_SUN,exp_today,8,0.0,0.0,0.0,0.344187,-3.020291,26.42391956521739,0
EDGE_SUN,exp_today,9,0.0,0.013017,0.0,0.05265,-1.6446779999999999,24.77608913043478,0
EDGE_SUN,exp_today,10,0.0,1.633509,0.0,0.077515,1.27072,23.878060869565214,0
EDGE_SUN,exp_today,11,0.0,5.420167,0.0,0.0,5.420166,24.4822652173913,0
EDGE_SUN,exp_today,12,0.0,10.091891,0.0,0.0,10.060165,27.143806521739126,0
EDGE_SUN,exp_today,13,0.0,15.179446,0.0,0.0,15.179443,32.082071739130434,0
EDGE_SUN,exp_today,14,0.0,20.385686,0.0,0.0,19.39505,39.53588043478261,0
EDGE_SUN,exp_today,15,0.0,23.970019,87.599766,0.0,-64.183439,49.00569565217391,1
EDGE_SUN,exp_today,16,0.0,29.860074,36.31415,0.0,-7.159557,13.988045652173914,1
EDGE_SUN,exp_today,17,34.703727,34.703726,0.0,66.329774,66.179858,10.08188695652174,1
EDGE_SUN,exp_today,18,37.994586,37.994566,0.0,67.246122,66.861898,42.579210869565216,1
EDGE_SUN,exp_today,19,41.779116,41.779102,0.0,50.410563,50.073667,75.41144347826088,1
EDGE_SUN,exp_today,20,0.0,46.468638,112.725751,0.0,-66.523673,99.99989999999998,1
EDGE_SUN,exp_today,21,0.0,48.365948,75.815203,0.099748,-28.207556,63.70545217391304,1
EDGE_SUN,exp_today,22,53.075714,53.075649,0.0,70.350283,70.168818,48.31577608695652,1
EDGE_SUN,exp_today,23,24.634435,52.543371,15.895625,0.41823099999999996,12.431541,82.77186739130435,1
EDGE_SUN,exp_today,24,52.493056,52.493056,0.0,22.975566999999998,22.652855,88.87631304347828,1
EDGE_SUN,exp_today,25,0.0,56.244226,122.600757,0.0,-66.356528,99.99989999999998,1
EDGE_SUN,exp_today,26,0.0,54.672591000000004,68.822301,0.0,-14.149713,63.796643478260876,1
EDGE_SUN,exp_today,27,22.662386,52.105801,17.974096,0.257946,11.727271,56.07674130434782,1
EDGE_SUN,exp_today,28,6.418327,48.916439,39.02152,0.0,3.476599,61.83536956521739,1
EDGE_SUN,exp_today,29,0.0,47.851786,77.158709,0.0,-29.306928,63.54254565217391,1
EDGE_SUN,exp_today,30,44.78698,44.786977,0.0,55.418021,55.287254,47.50913260869565,1
EDGE_SUN,exp_today,31,0.0,40.571179,103.822715,0.0,-63.471224,74.6577,1
EDGE_SUN,exp_today,32,36.833178,36.833141,0.0,69.732753,69.732723,40.028621739130436,1
EDGE_SUN,exp_today,33,13.864761,30.750399,6.97443,1.0191189999999999,10.775052,74.27055869565217,1
EDGE_SUN,exp_today,34,2.737691,25.197287,19.756739,0.182365,2.788267,79.56160434782609,1
EDGE_SUN,exp_today,35,5.721535,19.552742,6.879329,1.493076,7.727049,80.9307695652174,1
EDGE_SUN,exp_today,36,0.0,15.354055,0.557343,0.0,11.55114,84.72511304347826,0
EDGE_SUN,exp_today,37,0.0,10.109599,1.386141,0.0,5.088864,90.22021521739131,0
EDGE_SUN,exp_today,38,0.0,5.217196,2.110195,0.0,-1.1186950000000002,92.52083043478261,0
EDGE_SUN,exp_today,39,0.0,1.977009,1.000318,0.0,-2.03849,91.74100869565216,0
EDGE_SUN,exp_today,40,0.0,0.072297,0.047204,0.0,-8.02223,90.57556086956522,0
EDGE_SUN,exp_today,41,0.0,0.0,0.0,0.0,-11.003148,86.19736304347826,0
EDGE_SUN,exp_today,42,0.0,0.0,0.0,0.6787949999999999,-11.177214,80.19419347826087,0
EDGE_SUN,exp_today,43,0.0,0.0,0.0,1.979023,-10.708392,74.09605,0
EDGE_SUN,exp_today,44,0.0,0.0,0.0,1.154243,-9.52285,68.25369782608696,0
EDGE_SUN,exp_today,45,0.0,0.0,0.0,1.468561,-9.764677,63.058147826086966,0
EDGE_SUN,exp_today,46,0.0,0.0,0.0,1.156504,-9.979101,57.730665217391305,0
EDGE_SUN,exp_today,47,0.0,0.0,0.0,2.793784,-7.390818,52.28620217391304,0
EDGE_SUN,exp_today,48,0.0,0.0,0.0,1.717986,-5.161778,48.25387391304348,0
EDGE_SUN,noexp_coord,1,0.0,0.0,0.003425,0.0,-4.936752,40.0,0
EDGE_SUN,noexp_coord,2,0.0,0.0,0.003771,0.0,-4.441102,37.30657391304348,0
EDGE_SUN,noexp_coord,3,0.0,0.0,0.004177,0.0,-2.988973,34.88355,0
EDGE_SUN,noexp_coord,4,0.0,0.0,0.004894,0.0,-3.321459,33.252804347826086,0
EDGE_SUN,noexp_coord,5,0.0,0.0,0.00576,0.1402,-2.857519,31.440645652173917,0
EDGE_SUN,noexp_coord,6,0.0,0.0,0.006691,0.032259,-3.121104,29.88161739130435,0
EDGE_SUN,noexp_coord,7,0.0,0.0,0.007859,0.112898,-3.253432,28.178778260869564,0
EDGE_SUN,noexp_coord,8,0.0,0.0,0.00862,0.34418400000000005,-3.028931,26.403745652173917,0
EDGE_SUN,noexp_coord,9,0.012528000000000001,0.013017,0.009563,0.05265,-1.666803,24.751195652173912,0
EDGE_SUN,noexp_coord,10,1.623587,1.633509,0.018485,0.077515,-0.371309,23.841808695652173,0
EDGE_SUN,noexp_coord,11,5.4048,5.420167,0.022985000000000002,0.0,-0.007491,23.639226086956523,0
EDGE_SUN,noexp_coord,12,10.062834,10.091891,0.022,0.0,-0.024567,23.635139130434784,0
EDGE_SUN,noexp_coord,13,14.896664,15.179446,0.022999000000000002,0.0,0.259867,23.621097826086956,0
EDGE_SUN,noexp_coord,14,20.251168,20.385686,0.022,0.0,-0.878072,23.74862173913043,0
EDGE_SUN,noexp_coord,15,23.56794,23.970019,17.19915,0.090882,-17.259882,23.263417391304348,1
EDGE_SUN,noexp_coord,16,28.833313,29.860074,3.162927,0.43917,-2.402489,13.846641304347825,1
EDGE_SUN,noexp_coord,17,32.689568,34.703726,0.0,64.315257,66.179495,12.535880434782607,1
EDGE_SUN,noexp_coord,18,36.921186,37.994566,0.0,66.172671,66.86184,45.033028260869564,1
EDGE_SUN,noexp_coord,19,41.585081,41.779102,0.0,45.219457999999996,45.0766,77.86524347826088,1
EDGE_SUN,noexp_coord,20,46.446184,46.468638,80.798657,0.0,-81.042758,99.99989999999998,1
EDGE_SUN,noexp_coord,21,41.808571,48.365948,71.129192,0.0,-65.429867,55.78401739130435,1
EDGE_SUN,noexp_coord,22,35.551968,53.075649,0.0,52.82658,70.168858,20.08634347826087,1
EDGE_SUN,noexp_coord,23,42.7573,52.543371,0.0,63.245389,73.03146100000001,54.54245217391305,1
EDGE_SUN,noexp_coord,24,48.607981,52.493056,66.670304,0.0,-63.10794,90.40422391304348,1
EDGE_SUN,noexp_coord,25,37.790772,56.244226,53.500649,0.0,-35.047196,55.973352173913035,1
EDGE_SUN,noexp_coord,26,29.590476,54.672591000000004,38.455008,0.0,-13.372901,36.85206304347826,1
EDGE_SUN,noexp_coord,27,25.415382,52.105801,15.114696,0.57694,12.152668,29.52849782608696,1
EDGE_SUN,noexp_coord,28,24.455188,48.916439,44.774876,0.0,-20.313621,35.49601086956521,1
EDGE_SUN,noexp_coord,29,15.996989,47.851786,44.973881999999996,0.0,-13.11909,24.355008695652174,1
EDGE_SUN,noexp_coord,30,11.165416,44.786977,0.0,43.468255,76.959051,17.021771739130436,1
EDGE_SUN,noexp_coord,31,22.165315,40.571179,67.390028,0.0,-49.203847,54.812169565217395,1
EDGE_SUN,noexp_coord,32,2.0744920000000002,36.833141,0.0,34.97388,69.732533,27.967195652173913,1
EDGE_SUN,noexp_coord,33,14.571374,30.750399,7.260409,2.280736,11.044076,62.20904782608695,1
EDGE_SUN,noexp_coord,34,4.806095,25.197287,0.930318,6.155685,25.5196,67.63218913043478,1
EDGE_SUN,noexp_coord,35,5.598056,19.552742,24.926924,0.170113,-11.520032,80.16347391304348,1
EDGE_SUN,noexp_coord,36,0.200733,15.354055,0.002497,0.0,11.905257,73.77705652173914,0
EDGE_SUN,noexp_coord,37,0.162432,10.109599,0.002,0.0,6.310588,79.44606521739131,0
EDGE_SUN,noexp_coord,38,0.053048,5.217196,0.000998,0.0,0.9374609999999999,82.34660652173913,0
EDGE_SUN,noexp_coord,39,0.026099,1.977009,0.000499,0.0,-1.0647239999999998,82.57646739130435,0
EDGE_SUN,noexp_coord,40,0.0,0.072297,0.0,0.0,-7.975006,81.8891847826087,0
EDGE_SUN,noexp_coord,41,0.0,0.0,0.0,0.0,-11.003138,77.53418260869564,0
EDGE_SUN,noexp_coord,42,0.0,0.0,0.001699,1.0804740000000002,-10.777311,71.53101304347827,0
EDGE_SUN,noexp_coord,43,0.0,0.0,0.001853,1.9790100000000002,-10.710280000000001,65.65105217391304,0
EDGE_SUN,noexp_coord,44,0.0,0.0,0.002038,1.154246,-9.524919,59.80766304347826,0
EDGE_SUN,noexp_coord,45,0.0,0.0,0.0023569999999999997,1.468555,-9.767063,54.61098260869564,0
EDGE_SUN,noexp_coord,46,0.0,0.0,0.0028280000000000002,1.156492,-9.981961,49.28220217391305,0
EDGE_SUN,noexp_coord,47,0.0,0.0,0.003142,2.793815,-7.393965,43.83616304347826,0
EDGE_SUN,noexp_coord,48,0.0,0.0,0.003486,1.718027,-5.165208,39.80211086956522,0
EDGE_SUN,noexp_today,1,0.0,0.0,0.0,0.0,-4.9332460000000005,40.0,0
EDGE_SUN,noexp_today,2,0.0,0.0,0.0,0.0,-4.43725,37.30848695652174,0
EDGE_SUN,noexp_today,3,0.0,0.0,0.0,0.0,-2.984695,34.887580434782606,0
EDGE_SUN,noexp_today,4,0.0,0.0,0.0,0.0,-3.316553,33.259173913043476,0
EDGE_SUN,noexp_today,5,0.0,0.0,0.0,0.140199,-2.851748,31.449702173913042,0
EDGE_SUN,noexp_today,6,0.0,0.0,0.0,0.032259,-3.114402,29.893828260869565,0
EDGE_SUN,noexp_today,7,0.0,0.0,0.0,0.112896,-3.245559,28.19465,0
EDGE_SUN,noexp_today,8,0.0,0.0,0.0,0.34418400000000005,-3.020291,26.42391956521739,0
EDGE_SUN,noexp_today,9,0.0,0.013017,0.0,0.05265,-1.6446779999999999,24.77608913043478,0
EDGE_SUN,noexp_today,10,0.0,1.633509,0.0,0.077515,1.27072,23.878060869565214,0
EDGE_SUN,noexp_today,11,0.0,5.420167,0.0,0.0,5.420166,24.4822652173913,0
EDGE_SUN,noexp_today,12,0.0,10.091891,0.0,0.0,10.06016,27.143806521739126,0
EDGE_SUN,noexp_today,13,0.0,15.179446,0.0,0.0,15.179446,32.082071739130434,0
EDGE_SUN,noexp_today,14,0.0,20.385686,0.0,0.0,19.395043,39.53587826086956,0
EDGE_SUN,noexp_today,15,2.15617,23.970019,85.443615,0.0,-64.18346,49.00569130434783,1
EDGE_SUN,noexp_today,16,0.0,29.860074,36.314125,0.0,-7.159529,13.988036956521741,1
EDGE_SUN,noexp_today,17,0.843178,34.703726,8.204853,3.5891599999999997,29.09494,10.08188695652174,1
EDGE_SUN,noexp_today,18,6.363175,37.994566,0.0,35.614277,66.86146,24.368828260869567,1
EDGE_SUN,noexp_today,19,18.927012,41.779102,0.0,54.982594,77.497809,57.20085,1
EDGE_SUN,noexp_today,20,42.718944,46.468638,84.526213,0.0,-81.043074,95.25579782608695,1
EDGE_SUN,noexp_today,21,11.217058999999999,48.365948,110.843755,0.0,-74.552916,51.03974782608696,1
EDGE_SUN,noexp_today,22,0.037354,53.075649,0.748321,18.060426,70.169003,10.364658695652174,1
EDGE_SUN,noexp_today,23,23.573093,52.543371,1.745055,17.063368,44.288592,44.82083260869565,1
EDGE_SUN,noexp_today,24,28.276781,52.493056,49.468109,0.0,-25.574537,66.56855217391305,1
EDGE_SUN,noexp_today,25,16.289482,56.244226,74.860659,0.0,-34.905918,52.61540869565218,1
EDGE_SUN,noexp_today,26,3.668851,54.672591000000004,83.886828,0.0,-32.883092,33.57119565217391,1
EDGE_SUN,noexp_today,27,1.427669,52.105801,38.320353,0.040888,12.398668,15.604041304347827,1
EDGE_SUN,noexp_today,28,7.549869,48.916439,36.775639,0.000153,4.591087,21.692360869565217,1
EDGE_SUN,noexp_today,29,5.08663,47.851786,55.132708,0.0,-12.367555,23.94679347826087,1
EDGE_SUN,noexp_today,30,0.839987,44.786977,1.616594,13.51873,55.718362,17.02184347826087,1
EDGE_SUN,noexp_today,31,11.765709,40.571179,60.432294999999996,0.0,-31.846509,44.382097826086955,1
EDGE_SUN,noexp_today,32,0.0,36.833141,0.0,32.899331,69.732476,26.948021739130436,1
EDGE_SUN,noexp_today,33,12.16191,30.750399,9.492659,2.149272,11.08983,61.18984347826086,1
EDGE_SUN,noexp_today,34,2.192822,25.197287,2.577856,5.190579,25.520234,66.63545217391305,1
EDGE_SUN,noexp_today,35,4.602193,19.552742,25.554085999999998,0.170057,-11.15139,79.16704130434782,1
EDGE_SUN,noexp_today,36,0.038548,15.354055,0.000254,0.0,12.069688,72.96688913043478,0
EDGE_SUN,noexp_today,37,0.220248,10.109599,0.0005139999999999999,0.0,6.254259,78.71663913043479,0
EDGE_SUN,noexp_today,38,0.161617,5.217196,0.000511,0.0,0.829388,81.58952173913043,0
EDGE_SUN,noexp_today,39,0.026341,1.977009,0.000257,0.0,-1.06472,81.76631304347826,0
EDGE_SUN,noexp_today,40,0.0,0.072297,0.0,0.0,-7.975014,81.0790347826087,0
EDGE_SUN,noexp_today,41,0.0,0.0,0.0,0.0,-11.003147,76.72403260869565,0
EDGE_SUN,noexp_today,42,0.0,0.0,0.0,1.0805310000000001,-10.775475,70.72086739130434,0
EDGE_SUN,noexp_today,43,0.0,0.0,0.0,1.979009,-10.708397,64.84189347826087,0
EDGE_SUN,noexp_today,44,0.0,0.0,0.0,1.1542430000000001,-9.522849,58.9995347826087,0
EDGE_SUN,noexp_today,45,0.0,0.0,0.0,1.468554,-9.764675,53.80399347826087,0
EDGE_SUN,noexp_today,46,0.0,0.0,0.0,1.1564889999999999,-9.979101,48.476513043478256,0
EDGE_SUN,noexp_today,47,0.0,0.0,0.0,2.793803,-7.390792,43.03205217391305,0
EDGE_SUN,noexp_today,48,0.0,0.0,0.0,1.718022,-5.161727,38.999730434782606,0
R00_sun,exp_coord,1,0.0,0.0,0.0,0.0,-4.933271,40.0,0
R00_sun,exp_coord,2,0.0,0.0,0.0,0.0,-4.4372679999999995,37.30847608695652,0
R00_sun,exp_coord,3,0.0,0.0,0.0,0.0,-2.984724,34.887558695652174,0
R00_sun,exp_coord,4,0.0,0.0,0.0,0.0,-3.31658,33.259130434782605,0
R00_sun,exp_coord,5,0.0,0.0,0.0,0.140201,-2.851785,31.44965652173913,0
R00_sun,exp_coord,6,0.0,0.0,0.0,0.032261,-3.114471,29.89376304347826,0
R00_sun,exp_coord,7,0.0,0.0,0.0,0.112901,-3.245636,28.19455217391304,0
R00_sun,exp_coord,8,0.0,0.0,0.0,0.344187,-3.020388,26.42378260869565,0
R00_sun,exp_coord,9,0.0,0.013017,0.013029,0.05265,-1.657869,24.775891304347827,0
R00_sun,exp_coord,10,0.0,1.633509,1.633642,0.077515,-0.362825,23.871378260869562,0
R00_sun,exp_coord,11,0.0,5.420167,5.420364,0.0,0.0,23.67343043478261,0
R00_sun,exp_coord,12,0.0,10.091891,10.080304,0.0,-0.019985,23.67343043478261,0
R00_sun,exp_coord,13,0.0,15.179446,14.918245,0.0,0.261366,23.661886956521737,0
R00_sun,exp_coord,14,0.0,20.385686,20.263721,0.0,-0.868546,23.790230434782607,0
R00_sun,exp_coord,15,0.0,23.970019,34.791068,0.0,-11.374741,23.309702173913042,1
R00_sun,exp_coord,16,0.0,29.860074,3.921918,6.296987,31.52965,17.100515217391305,1
R00_sun,exp_coord,17,0.0,34.703726,33.641845,0.0,0.911966,32.583,0
R00_sun,exp_coord,18,0.0,37.994566,35.756251,0.0,1.854101,33.022643478260875,0
R00_sun,exp_coord,19,0.0,41.779102,12.489097,5.384339,34.337462,33.91213913043478,1
R00_sun,exp_coord,20,0.0,46.468638,41.329096,0.0,4.872982,50.77339782608695,0
R00_sun,exp_coord,21,0.0,48.365948,41.374918,0.0,6.132973,53.15172173913043,0
R00_sun,exp_coord,22,0.0,53.075649,42.648159,0.0,10.246087,56.116497826086956,0
R00_sun,exp_coord,23,26.539799000000002,52.543371,0.0,19.475855,45.479429,61.13790434782609,1
R00_sun,exp_coord,24,0.0,52.493056,45.987473,0.0,6.182873,83.47036739130435,0
R00_sun,exp_coord,25,0.0,56.244226,75.057665,0.0,-18.813442,86.48883695652174,1
R00_sun,exp_coord,26,54.672592,54.672591000000004,0.0,48.367738,48.367736,76.22447826086956,1
R00_sun,exp_coord,27,0.0,52.105801,52.088434,0.0,0.017277,99.97523913043479,0
R00_sun,exp_coord,28,0.0,48.916439,67.406435,0.0,-18.489995,99.98372173913043,1
R00_sun,exp_coord,29,47.851809,47.851786,0.0,20.57669,20.576662,89.89582173913043,1
R00_sun,exp_coord,30,29.970094,44.786977,14.816884,0.130763,0.0,99.99989999999998,1
R00_sun,exp_coord,31,26.073527,40.571179,14.497653,0.219687,0.0,99.99989999999998,1
R00_sun,exp_coord,32,0.0,36.833141,36.833001,0.0,0.0,99.99989999999998,0
R00_sun,exp_coord,33,0.0,30.750399,55.654138,0.0,-25.058996,99.99989999999998,1
R00_sun,exp_coord,34,25.197316,25.197287,0.0,27.939337,27.842348,86.32803695652174,1
R00_sun,exp_coord,35,0.0,19.552742,19.552605,0.0,-0.7179070000000001,99.99989999999998,0
R00_sun,exp_coord,36,0.0,15.354055,15.205499,0.0,-3.097162,99.6082195652174,0
R00_sun,exp_coord,37,0.0,10.109599,10.053799,0.0,-3.578911,97.91035217391304,0
R00_sun,exp_coord,38,0.0,5.217196,5.011543,0.0,-4.020148,95.9547043478261,0
R00_sun,exp_coord,39,0.0,1.977009,1.520326,0.0,-2.558544,93.75015869565217,0
R00_sun,exp_coord,40,0.0,0.072297,0.06156400000000001,0.0,-8.036592,92.32934130434782,0
R00_sun,exp_coord,41,0.0,0.0,0.0,0.0,-11.003152,87.94409565217391,0
R00_sun,exp_coord,42,0.0,0.0,0.0,1.250593,-10.605427,81.94091739130435,0
R00_sun,exp_coord,43,0.0,0.0,0.0,1.979023,-10.708414,76.15474130434782,0
R00_sun,exp_coord,44,0.0,0.0,0.0,1.154252,-9.522876,70.31237826086956,0
R00_sun,exp_coord,45,0.0,0.0,0.0,1.468565,-9.764687,65.11682391304348,0
R00_sun,exp_coord,46,0.0,0.0,0.0,1.156502,-9.979125,59.78934565217391,0
R00_sun,exp_coord,47,0.0,0.0,0.0,2.793794,-7.390839,54.3448652173913,0
R00_sun,exp_coord,48,0.0,0.0,0.0,1.717968,-5.161796,50.31251739130435,0
R00_sun,exp_today,1,0.0,0.0,0.0,0.0,-4.933247,40.0,0
R00_sun,exp_today,2,0.0,0.0,0.0,0.0,-4.437252,37.30848695652174,0
R00_sun,exp_today,3,0.0,0.0,0.0,0.0,-2.984695,34.887580434782606,0
R00_sun,exp_today,4,0.0,0.0,0.0,0.0,-3.316554,33.259173913043476,0
R00_sun,exp_today,5,0.0,0.0,0.0,0.1402,-2.851747,31.449702173913042,0
R00_sun,exp_today,6,0.0,0.0,0.0,0.032262,-3.114402,29.893828260869565,0
R00_sun,exp_today,7,0.0,0.0,0.0,0.1129,-3.245558,28.194652173913042,0
R00_sun,exp_today,8,0.0,0.0,0.0,0.344187,-3.020291,26.42391956521739,0
R00_sun,exp_today,9,0.0,0.013017,0.0,0.05265,-1.6446779999999999,24.77608913043478,0
R00_sun,exp_today,10,0.0,1.633509,0.0,0.077515,1.27072,23.878060869565214,0
R00_sun,exp_today,11,0.0,5.420167,0.0,0.0,5.420166,24.4822652173913,0
R00_sun,exp_today,12,0.0,10.091891,0.0,0.0,10.060165,27.143806521739126,0
R00_sun,exp_today,13,0.0,15.179446,0.0,0.0,15.179443,32.082071739130434,0
R00_sun,exp_today,14,0.0,20.385686,0.0,0.0,19.39505,39.53588043478261,0
R00_sun,exp_today,15,0.0,23.970019,43.127485,0.0,-19.711164,49.00569565217391,1
R00_sun,exp_today,16,0.0,29.860074,0.941674,10.859704,39.072609,38.251541304347825,1
R00_sun,exp_today,17,0.0,34.703726,0.144538,0.0,34.409269,57.437973913043486,0
R00_sun,exp_today,18,0.0,37.994566,13.615646,0.0,23.994692999999998,74.32631304347825,0
R00_sun,exp_today,19,0.0,41.779102,77.453193,0.0,-36.010975,86.08784782608694,1
R00_sun,exp_today,20,0.0,46.468638,9.142475,0.0,37.059596,66.44072826086956,0
R00_sun,exp_today,21,0.0,48.365948,35.060758,0.0,12.447089,84.62412608695652,0
R00_sun,exp_today,22,0.0,53.075649,47.28783,0.0,5.606309,90.68942173913044,0
R00_sun,exp_today,23,41.106867,52.543371,10.439425,9.194401,10.191469999999999,93.43247391304348,1
R00_sun,exp_today,24,0.0,52.493056,50.539957,0.0,1.630227,98.43695,0
R00_sun,exp_today,25,0.0,56.244226,108.317914,0.0,-52.073683,99.21986086956521,1
R00_sun,exp_today,26,54.672792,54.672591000000004,0.0,55.701055,55.700853,70.80913913043479,1
R00_sun,exp_today,27,0.0,52.105801,48.536187,0.0,3.569616,98.16079347826087,0
R00_sun,exp_today,28,0.0,48.916439,67.405288,0.0,-18.488845,99.9135695652174,1
R00_sun,exp_today,29,47.851788,47.851786,0.0,20.718255,20.71825,89.82629130434782,1
R00_sun,exp_today,30,29.970165,44.786977,14.816807,0.130763,0.0,99.99989999999998,1
R00_sun,exp_today,31,26.073571,40.571179,14.497604,0.219687,0.0,99.99989999999998,1
R00_sun,exp_today,32,0.0,36.833141,36.83297,0.0,0.0,99.99989999999998,0
R00_sun,exp_today,33,0.0,30.750399,55.654197,0.0,-25.059055999999998,99.99989999999998,1
R00_sun,exp_today,34,25.197316,25.197287,0.0,27.939405,27.842418,86.32800652173913,1
R00_sun,exp_today,35,0.0,19.552742,19.552563,0.0,-0.7179070000000001,99.99989999999998,0
R00_sun,exp_today,36,0.0,15.354055,15.191544,0.0,-3.08322,99.6082195652174,0
R00_sun,exp_today,37,0.0,10.109599,10.06771,0.0,-3.592853,97.91719565217392,0
R00_sun,exp_today,38,0.0,5.217196,4.993774,0.0,-4.002388,95.9547043478261,0
R00_sun,exp_today,39,0.0,1.977009,1.538076,0.0,-2.576301,93.7588804347826,0
R00_sun,exp_today,40,0.0,0.072297,0.06156300000000001,0.0,-8.036585,92.32934130434782,0
R00_sun,exp_today,41,0.0,0.0,0.0,0.0,-11.003148,87.94409130434782,0
R00_sun,exp_today,42,0.0,0.0,0.0,1.250593,-10.605414,81.94091521739131,0
R00_sun,exp_today,43,0.0,0.0,0.0,1.979022,-10.708392,76.15474347826087,0
R00_sun,exp_today,44,0.0,0.0,0.0,1.1542530000000002,-9.52285,70.31238260869566,0
R00_sun,exp_today,45,0.0,0.0,0.0,1.468565,-9.764677,65.1168347826087,0
R00_sun,exp_today,46,0.0,0.0,0.0,1.156504,-9.979101,59.789360869565215,0
R00_sun,exp_today,47,0.0,0.0,0.0,2.793792,-7.390816,54.34489347826087,0
R00_sun,exp_today,48,0.0,0.0,0.0,1.717967,-5.161781,50.312567391304356,0
R00_sun,noexp_coord,1,0.0,0.0,0.003425,0.0,-4.936752,40.0,0
R00_sun,noexp_coord,2,0.0,0.0,0.003771,0.0,-4.441102,37.30657391304348,0
R00_sun,noexp_coord,3,0.0,0.0,0.004177,0.0,-2.988973,34.88355,0
R00_sun,noexp_coord,4,0.0,0.0,0.004894,0.0,-3.321459,33.252804347826086,0
R00_sun,noexp_coord,5,0.0,0.0,0.00576,0.1402,-2.857519,31.440645652173917,0
R00_sun,noexp_coord,6,0.0,0.0,0.006691,0.032259,-3.121104,29.88161739130435,0
R00_sun,noexp_coord,7,0.0,0.0,0.007859,0.112898,-3.253432,28.178778260869564,0
R00_sun,noexp_coord,8,0.0,0.0,0.00862,0.34418400000000005,-3.028931,26.403745652173917,0
R00_sun,noexp_coord,9,0.012528000000000001,0.013017,0.009563,0.05265,-1.666803,24.751195652173912,0
R00_sun,noexp_coord,10,1.623587,1.633509,0.018485,0.077515,-0.371309,23.841808695652173,0
R00_sun,noexp_coord,11,5.4048,5.420167,0.022985000000000002,0.0,-0.007491,23.639226086956523,0
R00_sun,noexp_coord,12,10.062834,10.091891,0.022,0.0,-0.024567,23.635139130434784,0
R00_sun,noexp_coord,13,14.896664,15.179446,0.022999000000000002,0.0,0.259867,23.621097826086956,0
R00_sun,noexp_coord,14,20.251168,20.385686,0.022,0.0,-0.878072,23.74862173913043,0
R00_sun,noexp_coord,15,23.56794,23.970019,11.251954,0.0,-11.403571,23.263417391304348,1
R00_sun,noexp_coord,16,28.980914,29.860074,0.0,21.644797,21.81847,17.03848695652174,1
R00_sun,noexp_coord,17,33.583892,34.703726,0.0225,0.0,0.94742,27.752343478260872,0
R00_sun,noexp_coord,18,35.84744,37.994566,0.022,0.0,1.740908,28.209393478260868,0
R00_sun,noexp_coord,19,38.688358,41.779102,0.0,39.684989,42.438855,29.043302173913045,1
R00_sun,noexp_coord,20,41.702476,46.468638,0.0225,0.0,4.477098,49.88271956521739,0
R00_sun,noexp_coord,21,41.682889,48.365948,0.022,0.0,5.803003,52.066641304347826,0
R00_sun,noexp_coord,22,42.818462000000004,53.075649,0.0225,0.0,10.05329,54.86938260869565,0
R00_sun,noexp_coord,23,41.258323,52.543371,0.0,18.32104,29.606095,59.796110869565226,1
R00_sun,noexp_coord,24,43.306392,52.493056,0.0225,0.0,8.841454,74.33404782608697,0
R00_sun,noexp_coord,25,45.322922,56.244226,65.115634,0.0,-54.194328,78.65800434782608,1
R00_sun,noexp_coord,26,32.639329,54.672591000000004,23.821352,0.0,-1.788088,49.090295652173914,1
R00_sun,noexp_coord,27,29.780715999999998,52.105801,0.022499,0.0,22.302517,48.10095,0
R00_sun,noexp_coord,28,29.904741,48.916439,12.410416,0.385961,6.98725,59.052506521739126,1
R00_sun,noexp_coord,29,26.222316,47.851786,13.678328,0.372371,8.323515,62.48357173913044,1
R00_sun,noexp_coord,30,23.601399,44.786977,0.0,26.983058,48.03787,66.57078695652173,1
R00_sun,noexp_coord,31,31.254627,40.571179,8.407685,0.11695,0.806132,90.15958043478261,1
R00_sun,noexp_coord,32,26.384854,36.833141,0.023,0.0,10.425291,90.53945,0
R00_sun,noexp_coord,33,24.889698,30.750399,56.269265,0.0,-50.563857999999996,95.65873695652174,1
R00_sun,noexp_coord,34,3.381882,25.197287,0.000504,40.877658000000004,62.595603,68.07082173913042,1
R00_sun,noexp_coord,35,17.854498,19.552742,0.021999,0.0,0.958274,98.80811739130435,0
R00_sun,noexp_coord,36,14.552949,15.354055,0.0205,0.0,-2.46507,99.23948695652173,0
R00_sun,noexp_coord,37,9.957101,10.109599,0.019999,0.0,-3.502202,97.85199347826087,0
R00_sun,noexp_coord,38,4.952964,5.217196,0.016439,0.0,-3.978,95.93401086956521,0
R00_sun,noexp_coord,39,1.507338,1.977009,0.012983,0.0,-2.558537,93.75015869565217,0
R00_sun,noexp_coord,40,0.059566999999999995,0.072297,0.001996,0.0,-8.036584,92.32934130434782,0
R00_sun,noexp_coord,41,0.0,0.0,0.0,0.0,-11.003136,87.94409782608696,0
R00_sun,noexp_coord,42,0.0,0.0,0.0,1.250593,-10.60542,81.94091739130435,0
R00_sun,noexp_coord,43,0.0,0.0,0.0,1.9790109999999999,-10.708402,76.15473913043478,0
R00_sun,noexp_coord,44,0.0,0.0,0.0,1.154249,-9.522858,70.31237173913043,0
R00_sun,noexp_coord,45,0.0,0.0,0.0,1.468555,-9.764682,65.11682391304348,0
R00_sun,noexp_coord,46,0.0,0.0,0.0,1.156491,-9.979105,59.78934565217391,0
R00_sun,noexp_coord,47,0.0,0.0,0.0,2.793777,-7.390827,54.3448652173913,0
R00_sun,noexp_coord,48,0.0,0.0,0.0,1.717978,-5.161783,50.31251956521739,0
R00_sun,noexp_today,1,0.0,0.0,0.0,0.0,-4.9332460000000005,40.0,0
R00_sun,noexp_today,2,0.0,0.0,0.0,0.0,-4.43725,37.30848695652174,0
R00_sun,noexp_today,3,0.0,0.0,0.0,0.0,-2.984695,34.887580434782606,0
R00_sun,noexp_today,4,0.0,0.0,0.0,0.0,-3.316553,33.259173913043476,0
R00_sun,noexp_today,5,0.0,0.0,0.0,0.140199,-2.851748,31.449702173913042,0
R00_sun,noexp_today,6,0.0,0.0,0.0,0.032259,-3.114402,29.893828260869565,0
R00_sun,noexp_today,7,0.0,0.0,0.0,0.112896,-3.245559,28.19465,0
R00_sun,noexp_today,8,0.0,0.0,0.0,0.34418400000000005,-3.020291,26.42391956521739,0
R00_sun,noexp_today,9,0.0,0.013017,0.0,0.05265,-1.6446779999999999,24.77608913043478,0
R00_sun,noexp_today,10,0.0,1.633509,0.0,0.077515,1.27072,23.878060869565214,0
R00_sun,noexp_today,11,0.0,5.420167,0.0,0.0,5.420166,24.4822652173913,0
R00_sun,noexp_today,12,0.0,10.091891,0.0,0.0,10.06016,27.143806521739126,0
R00_sun,noexp_today,13,0.0,15.179446,0.0,0.0,15.179446,32.082071739130434,0
R00_sun,noexp_today,14,0.0,20.385686,0.0,0.0,19.395043,39.53587826086956,0
R00_sun,noexp_today,15,2.15617,23.970019,41.688508999999996,0.0,-20.428355,49.00569130434783,1
R00_sun,noexp_today,16,0.144087,29.860074,1.450553,1.799093,29.359030999999998,37.86024347826087,1
R00_sun,noexp_today,17,0.065997,34.703726,0.000262,0.0,34.487543,52.27416304347826,0
R00_sun,noexp_today,18,11.967307,37.994566,0.005428,0.0,25.637616,69.20093913043478,0
R00_sun,noexp_today,19,32.899843,41.779102,43.887294,0.0,-35.344916,81.76918478260869,1
R00_sun,noexp_today,20,8.907561,46.468638,0.005222,0.0,37.289295,62.48545,0
R00_sun,noexp_today,21,32.349185,48.365948,0.009123,0.0,15.149506,80.78161739130434,0
R00_sun,noexp_today,22,45.822335,53.075649,0.011559999999999999,0.0,7.060311,88.17389782608696,0
R00_sun,noexp_today,23,48.403164,52.543371,47.17098,0.0,-43.030773,91.63093478260869,1
R00_sun,noexp_today,24,9.844911,52.493056,0.00596,0.0,42.319468,68.15390000000001,0
R00_sun,noexp_today,25,50.564675,56.244226,56.541784,0.0,-50.862219,88.91705652173913,1
R00_sun,noexp_today,26,27.339086,54.672591000000004,28.272759,0.0,-0.9392619999999999,61.153208695652175,1
R00_sun,noexp_today,27,2.908578,52.105801,0.004609,0.0,49.192607,60.587606521739126,0
R00_sun,noexp_today,28,40.448,48.916439,23.823034,0.0,-15.354593,84.74337608695652,1
R00_sun,noexp_today,29,31.702306,47.851786,29.82938,0.0,-13.679907,76.28777826086956,1
R00_sun,noexp_today,30,21.684733,44.786977,0.0,19.745517,42.716998000000004,68.69167826086957,1
R00_sun,noexp_today,31,33.738261,40.571179,6.47643,0.116952,0.25375299999999995,89.66767173913044,1
R00_sun,noexp_today,32,23.790366,36.833141,0.009384,0.0,13.03339,89.7548847826087,0
R00_sun,noexp_today,33,28.274424,30.750399,52.25173,0.0,-49.931062,96.15484565217392,1
R00_sun,noexp_today,34,0.173962,25.197287,0.000257,35.321884,60.247999,68.88235217391305,1
R00_sun,noexp_today,35,18.390075,19.552742,0.011814,0.0,0.4328889999999999,98.46685434782609,0
R00_sun,noexp_today,36,14.73528,15.354055,0.012782,0.0,-2.639716,98.64023478260869,0
R00_sun,noexp_today,37,9.8143,10.109599,0.01247,0.0,-3.351889,97.16699130434783,0
R00_sun,noexp_today,38,4.829893,5.217196,0.00987,0.0,-3.848369,95.32282391304348,0
R00_sun,noexp_today,39,1.518119,1.977009,0.007723,0.0,-2.564054,93.2026304347826,0
R00_sun,noexp_today,40,0.060319,0.072297,0.0012439999999999999,0.0,-8.036589,91.77910652173914,0
R00_sun,noexp_today,41,0.0,0.0,0.0,0.0,-11.003147,87.39385869565217,0
R00_sun,noexp_today,42,0.0,0.0,0.0,1.250588,-10.605418,81.39068043478261,0
R00_sun,noexp_today,43,0.0,0.0,0.0,1.979009,-10.708398,75.6045043478261,0
R00_sun,noexp_today,44,0.0,0.0,0.0,1.15425,-9.522849,69.76214565217391,0
R00_sun,noexp_today,45,0.0,0.0,0.0,1.468553,-9.764676,64.56660217391304,0
R00_sun,noexp_today,46,0.0,0.0,0.0,1.1564889999999999,-9.979101,59.23912391304348,0
R00_sun,noexp_today,47,0.0,0.0,0.0,2.793777,-7.39082,53.79465434782609,0
R00_sun,noexp_today,48,0.0,0.0,0.0,1.717973,-5.161779,49.762328260869566,0
R01_day,exp_coord,1,0.0,0.0,0.0,0.0,-4.933271,40.0,0
R01_day,exp_coord,2,0.0,0.0,0.0,0.0,-4.4372679999999995,37.30847608695652,0
R01_day,exp_coord,3,0.0,0.0,0.0,0.0,-2.984724,34.887558695652174,0
R01_day,exp_coord,4,0.0,0.0,0.0,0.0,-3.31658,33.259130434782605,0
R01_day,exp_coord,5,0.0,0.0,0.0,0.140201,-2.851785,31.44965652173913,0
R01_day,exp_coord,6,0.0,0.0,0.0,0.032261,-3.114471,29.89376304347826,0
R01_day,exp_coord,7,0.0,0.0,0.0,0.112901,-3.245636,28.19455217391304,0
R01_day,exp_coord,8,0.0,0.0,0.0,0.344187,-3.020388,26.42378260869565,0
R01_day,exp_coord,9,0.0,0.013017,0.013029,0.05265,-1.657869,24.775891304347827,0
R01_day,exp_coord,10,0.0,1.633509,1.633642,0.077515,-0.362825,23.871378260869562,0
R01_day,exp_coord,11,0.0,5.420167,5.420364,0.0,0.0,23.67343043478261,0
R01_day,exp_coord,12,0.0,10.091891,10.080304,0.0,-0.019985,23.67343043478261,0
R01_day,exp_coord,13,15.179472,15.179446,0.0,72.276406,72.276381,23.661886956521737,1
R01_day,exp_coord,14,0.0,20.385686,20.385861,0.0,-0.990639,59.15288695652174,0
R01_day,exp_coord,15,0.0,23.970019,23.938043,0.0,-0.521605,58.61240869565217,0
R01_day,exp_coord,16,0.0,29.860074,29.635245,0.0,-0.48056499999999996,58.326080434782604,0
R01_day,exp_coord,17,0.0,34.703726,34.358436,0.0,0.19541,58.05162173913043,0
R01_day,exp_coord,18,0.0,37.994566,37.249757,0.0,0.36058,58.139399999999995,0
R01_day,exp_coord,19,0.0,41.779102,40.594117,0.0,0.848089,58.29550434782609,0
R01_day,exp_coord,20,0.0,46.468638,1.075706,16.701944,61.828316,58.693584782608696,1
R01_day,exp_coord,21,0.0,48.365948,47.396549,0.0,0.111359,89.0541043478261,0
R01_day,exp_coord,22,0.0,53.075649,50.585719,0.0,2.308519,89.06198695652174,0
R01_day,exp_coord,23,0.0,52.543371,49.231734,0.0,3.311645,90.18568043478261,0
R01_day,exp_coord,24,0.0,52.493056,48.859702,0.0,3.310646,91.81186086956521,0
R01_day,exp_coord,25,0.0,56.244226,51.833043,0.0,4.411188,93.4199347826087,0
R01_day,exp_coord,26,0.0,54.672591000000004,101.551145,0.0,-46.878553,95.58604130434783,1
R01_day,exp_coord,27,0.0,52.105801,35.573628,0.0,16.532175,70.00971521739132,0
R01_day,exp_coord,28,0.0,48.916439,35.605577,0.0,13.310866,78.12777391304347,0
R01_day,exp_coord,29,0.0,47.851786,35.185322,0.0,12.666466,84.66401521739131,0
R01_day,exp_coord,30,0.0,44.786977,35.652001,0.0,9.004213,90.88383695652173,0
R01_day,exp_coord,31,0.0,40.571179,34.829254,0.0,5.52222,95.29817391304347,0
R01_day,exp_coord,32,0.0,36.833141,33.825387,0.0,3.007685,97.99785217391303,0
R01_day,exp_coord,33,0.0,30.750399,29.782631,0.0,0.812373,99.47473913043478,0
R01_day,exp_coord,34,0.0,25.197287,38.080832,0.0,-12.98051,99.86517173913043,1
R01_day,exp_coord,35,0.0,19.552742,19.844229,0.000327,-1.009074,92.7801304347826,1
R01_day,exp_coord,36,0.0,15.354055,5.932773,0.0,6.175712,92.13494130434782,0
R01_day,exp_coord,37,0.0,10.109599,5.720732,0.0,0.7542789999999999,94.99049130434783,0
R01_day,exp_coord,38,0.0,5.217196,4.108175,0.0,-3.116705,95.16262173913043,0
R01_day,exp_coord,39,0.0,1.977009,1.472213,0.0,-2.5104159999999998,93.40166956521739,0
R01_day,exp_coord,40,0.0,0.072297,0.06156400000000001,0.0,-8.036594000000001,92.00448913043479,0
R01_day,exp_coord,41,0.0,0.0,0.0,0.0,-11.003152,87.61924130434782,0
R01_day,exp_coord,42,0.0,0.0,0.0,1.2502689999999999,-10.60575,81.61606521739131,0
R01_day,exp_coord,43,0.0,0.0,0.0,30.707784,18.020371,75.82970869565217,1
R01_day,exp_coord,44,0.0,0.0,0.0,0.0,-10.677143,84.67854130434782,0
R01_day,exp_coord,45,0.0,0.0,0.0,0.0,-11.233278,78.8532304347826,0
R01_day,exp_coord,46,0.0,0.0,0.0,0.086073,-11.049569,72.72449130434782,0
R01_day,exp_coord,47,0.0,0.0,0.0,1.622553,-8.562091,66.6960152173913,0
R01_day,exp_coord,48,0.0,0.0,0.0,1.097065,-5.782711,62.02465652173913,0
R01_day,exp_today,1,0.0,0.0,0.0,0.0,-4.933247,40.0,0
R01_day,exp_today,2,0.0,0.0,0.0,0.0,-4.437252,37.30848695652174,0
R01_day,exp_today,3,0.0,0.0,0.0,0.0,-2.984695,34.887580434782606,0
R01_day,exp_today,4,0.0,0.0,0.0,0.0,-3.316554,33.259173913043476,0
R01_day,exp_today,5,0.0,0.0,0.0,0.1402,-2.851747,31.449702173913042,0
R01_day,exp_today,6,0.0,0.0,0.0,0.032262,-3.114402,29.893828260869565,0
R01_day,exp_today,7,0.0,0.0,0.0,0.1129,-3.245558,28.194652173913042,0
R01_day,exp_today,8,0.0,0.0,0.0,0.344187,-3.020291,26.42391956521739,0
R01_day,exp_today,9,0.0,0.013017,0.0,0.05265,-1.6446779999999999,24.77608913043478,0
R01_day,exp_today,10,0.0,1.633509,0.0,0.077515,1.27072,23.878060869565214,0
R01_day,exp_today,11,0.0,5.420167,0.0,0.0,5.420166,24.4822652173913,0
R01_day,exp_today,12,0.0,10.091891,0.0,0.0,10.060165,27.143806521739126,0
R01_day,exp_today,13,15.17948,15.179446,0.0,72.276551,72.276515,32.082071739130434,1
R01_day,exp_today,14,0.0,20.385686,0.0,0.0,19.395041,67.57314347826087,0
R01_day,exp_today,15,0.0,23.970019,3.538179,0.0,19.878132,77.04295652173913,0
R01_day,exp_today,16,0.0,29.860074,17.553318,0.0,11.601216,86.77381304347826,0
R01_day,exp_today,17,0.0,34.703726,27.816259,0.0,6.737475,92.43206956521739,0
R01_day,exp_today,18,0.0,37.994566,33.69995,0.0,3.910355,95.73230000000001,0
R01_day,exp_today,19,0.0,41.779102,40.451817,0.0,0.9902659999999999,97.63150434782608,0
R01_day,exp_today,20,26.79887,46.468638,18.498342,2.9654700000000003,3.870324,98.09939565217391,1
R01_day,exp_today,21,0.0,48.365948,48.365919,0.0,-0.858059,99.99989999999998,0
R01_day,exp_today,22,0.0,53.075649,52.459614,0.0,0.4345319999999999,99.53175217391303,0
R01_day,exp_today,23,0.0,52.543371,52.004349,0.0,0.5389809999999999,99.7352347826087,0
R01_day,exp_today,24,0.0,52.493056,52.49299,0.0,-0.32271,99.99989999999998,0
R01_day,exp_today,25,0.0,56.244226,55.885594,0.0,0.358554,99.82383260869565,0
R01_day,exp_today,26,0.0,54.672591000000004,101.551017,0.0,-46.878424,99.99989999999998,1
R01_day,exp_today,27,0.0,52.105801,8.73689,0.0,43.368902,74.42365217391304,0
R01_day,exp_today,28,0.0,48.916439,41.138903,0.0,7.777446,95.71971739130434,0
R01_day,exp_today,29,0.0,47.851786,46.912635,0.0,0.9390940000000001,99.53876739130435,0
R01_day,exp_today,30,0.0,44.786977,44.78682,0.0,-0.130763,99.99989999999998,0
R01_day,exp_today,31,0.0,40.571179,40.425745,0.0,-0.07439799999999999,99.92855652173913,0
R01_day,exp_today,32,0.0,36.833141,36.588882,0.0,0.244092,99.88004130434781,0
R01_day,exp_today,33,0.0,30.750399,30.750223,0.0,-0.155272,99.99989999999998,0
R01_day,exp_today,34,0.0,25.197287,38.160783,0.0,-13.060471,99.9151847826087,1
R01_day,exp_today,35,0.0,19.552742,21.692012000000002,0.000321,-2.856862,92.78652826086957,1
R01_day,exp_today,36,0.0,15.354055,1.166563,0.0,10.941921,91.16535652173914,0
R01_day,exp_today,37,0.0,10.109599,7.707108,0.0,-1.2321490000000002,96.36128695652174,0
R01_day,exp_today,38,0.0,5.217196,4.800619,0.0,-3.809211,95.55799347826087,0
R01_day,exp_today,39,0.0,1.977009,1.52584,0.0,-2.5640549999999998,93.4570195652174,0
R01_day,exp_today,40,0.0,0.072297,0.06156300000000001,0.0,-8.036585,92.03349565217391,0
R01_day,exp_today,41,0.0,0.0,0.0,0.0,-11.003148,87.64825,0
R01_day,exp_today,42,0.0,0.0,0.0,1.250273,-10.605732999999999,81.64507391304348,0
R01_day,exp_today,43,0.0,0.0,0.0,30.674283,17.986867,75.85872608695652,1
R01_day,exp_today,44,0.0,0.0,0.0,0.0,-10.677107,84.69110652173913,0
R01_day,exp_today,45,0.0,0.0,0.0,0.0,-11.233246,78.86580217391305,0
R01_day,exp_today,46,0.0,0.0,0.0,0.086069,-11.04954,72.73709347826087,0
R01_day,exp_today,47,0.0,0.0,0.0,1.622523,-8.56209,66.70860652173913,0
R01_day,exp_today,48,0.0,0.0,0.0,1.097065,-5.782695,62.03724565217391,0
R01_day,noexp_coord,1,0.0,0.0,0.003425,0.0,-4.936752,40.0,0
R01_day,noexp_coord,2,0.0,0.0,0.003771,0.0,-4.441102,37.30657391304348,0
R01_day,noexp_coord,3,0.0,0.0,0.004177,0.0,-2.988973,34.88355,0
R01_day,noexp_coord,4,0.0,0.0,0.004894,0.0,-3.321459,33.252804347826086,0
R01_day,noexp_coord,5,0.0,0.0,0.00576,0.1402,-2.857519,31.440645652173917,0
R01_day,noexp_coord,6,0.0,0.0,0.006691,0.032259,-3.121104,29.88161739130435,0
R01_day,noexp_coord,7,0.0,0.0,0.007859,0.112898,-3.253432,28.178778260869564,0
R01_day,noexp_coord,8,0.0,0.0,0.00862,0.34418400000000005,-3.028931,26.403745652173917,0
R01_day,noexp_coord,9,0.012528000000000001,0.013017,0.009563,0.05265,-1.666803,24.751195652173912,0
R01_day,noexp_coord,10,1.623587,1.633509,0.018485,0.077515,-0.371309,23.841808695652173,0
R01_day,noexp_coord,11,5.4048,5.420167,0.022985000000000002,0.0,-0.007491,23.639226086956523,0
R01_day,noexp_coord,12,10.062834,10.091891,0.022,0.0,-0.024567,23.635139130434784,0
R01_day,noexp_coord,13,14.895611,15.179446,0.0,71.992458,72.276295,23.621097826086956,1
R01_day,noexp_coord,14,20.363753,20.385686,0.022,0.0,-0.9906349999999999,59.112043478260865,0
R01_day,noexp_coord,15,23.915999,23.970019,0.022,0.0,-0.521599,58.57156739130435,0
R01_day,noexp_coord,16,29.613198999999998,29.860074,0.022,0.0,-0.48055000000000003,58.2852347826087,0
R01_day,noexp_coord,17,34.335844,34.703726,0.0225,0.0,0.19549499999999997,58.010782608695656,0
R01_day,noexp_coord,18,37.22766,37.994566,0.022,0.0,0.360669,58.098606521739136,0
R01_day,noexp_coord,19,40.650554,41.779102,0.021483000000000002,0.0,0.770167,58.254754347826086,0
R01_day,noexp_coord,20,42.724097,46.468638,0.0,8.863154,12.34113,58.61456956521739,1
R01_day,noexp_coord,21,43.533561999999996,48.365948,0.022,0.0,3.952337,64.67463260869565,0
R01_day,noexp_coord,22,45.036883,53.075649,0.0225,0.0,7.834867,66.56860217391304,0
R01_day,noexp_coord,23,43.40855,52.543371,0.023,0.0,9.111826,70.40598695652173,0
R01_day,noexp_coord,24,43.464835,52.493056,0.0225,0.0,8.683004,74.88031086956522,0
R01_day,noexp_coord,25,45.533569,56.244226,0.023,0.0,10.687659,79.12646304347825,0
R01_day,noexp_coord,26,44.78329,54.672591000000004,58.566176,0.0,-48.676874,84.37459782608695,1
R01_day,noexp_coord,27,32.007789,52.105801,0.022999000000000002,0.0,20.075013,57.817123913043474,0
R01_day,noexp_coord,28,31.880747,48.916439,0.023,0.0,17.012696,67.67487173913044,0
R01_day,noexp_coord,29,31.258537,47.851786,0.023,0.0,16.570249,76.02889347826085,0
R01_day,noexp_coord,30,31.514714,44.786977,0.022487,0.0,13.119012,84.16563478260869,0
R01_day,noexp_coord,31,30.716633,40.571179,0.0225,0.0,9.612363,90.60052826086957,0
R01_day,noexp_coord,32,30.841084000000002,36.833141,0.022999000000000002,0.0,5.969041,95.30865217391305,0
R01_day,noexp_coord,33,28.206647,30.750399,0.0225,0.0,2.365929,98.2397,0
R01_day,noexp_coord,34,24.370469,25.197287,13.171647,0.0,-12.441801,99.39298478260869,1
R01_day,noexp_coord,35,10.567231,19.552742,9.10362,0.000358,-0.835672,92.59442608695652,1
R01_day,noexp_coord,36,5.865362,15.354055,0.017997,0.0,6.225138,92.03555652173914,0
R01_day,noexp_coord,37,5.68282,10.109599,0.017499,0.0,0.7747009999999999,94.91536739130434,0
R01_day,noexp_coord,38,4.093324,5.217196,0.014928,0.0,-3.116771,95.09751739130435,0
R01_day,noexp_coord,39,1.460226,1.977009,0.011988,0.0,-2.510408,93.33653695652174,0
R01_day,noexp_coord,40,0.059566999999999995,0.072297,0.001996,0.0,-8.036578,91.93935,0
R01_day,noexp_coord,41,0.0,0.0,0.0,0.0,-11.003135,87.55410434782608,0
R01_day,noexp_coord,42,0.0,0.0,0.0,1.250233,-10.605779,81.55092608695654,0
R01_day,noexp_coord,43,0.0,0.0,0.0,30.771938,18.084521,75.76454782608695,1
R01_day,noexp_coord,44,0.0,0.0,0.0,0.0,-10.67712,84.64488260869565,0
R01_day,noexp_coord,45,0.0,0.0,0.0,0.0,-11.233253,78.81957391304348,0
R01_day,noexp_coord,46,0.0,0.0,0.0,0.086018,-11.049596,72.69085,0
R01_day,noexp_coord,47,0.0,0.0,0.0,1.632683,-8.551938999999999,66.66234130434783,0
R01_day,noexp_coord,48,0.0,0.0,0.0,1.097069,-5.782699,61.99651304347826,0
R01_day,noexp_today,1,0.0,0.0,0.0,0.0,-4.9332460000000005,40.0,0
R01_day,noexp_today,2,0.0,0.0,0.0,0.0,-4.43725,37.30848695652174,0
R01_day,noexp_today,3,0.0,0.0,0.0,0.0,-2.984695,34.887580434782606,0
R01_day,noexp_today,4,0.0,0.0,0.0,0.0,-3.316553,33.259173913043476,0
R01_day,noexp_today,5,0.0,0.0,0.0,0.140199,-2.851748,31.449702173913042,0
R01_day,noexp_today,6,0.0,0.0,0.0,0.032259,-3.114402,29.893828260869565,0
R01_day,noexp_today,7,0.0,0.0,0.0,0.112896,-3.245559,28.19465,0
R01_day,noexp_today,8,0.0,0.0,0.0,0.34418400000000005,-3.020291,26.42391956521739,0
R01_day,noexp_today,9,0.0,0.013017,0.0,0.05265,-1.6446779999999999,24.77608913043478,0
R01_day,noexp_today,10,0.0,1.633509,0.0,0.077515,1.27072,23.878060869565214,0
R01_day,noexp_today,11,0.0,5.420167,0.0,0.0,5.420166,24.4822652173913,0
R01_day,noexp_today,12,0.0,10.091891,0.0,0.0,10.06016,27.143806521739126,0
R01_day,noexp_today,13,0.015183,15.179446,0.0,57.112144,72.27641,32.082071739130434,1
R01_day,noexp_today,14,0.0,20.385686,0.0,0.0,19.395023000000002,67.57308913043478,0
R01_day,noexp_today,15,3.534547,23.970019,0.0035830000000000002,0.0,19.878189,77.04290217391303,0
R01_day,noexp_today,16,17.544907,29.860074,0.008293,0.0,11.601314,86.77376304347825,0
R01_day,noexp_today,17,27.804805,34.703726,0.01138,0.0,6.737519,92.43203478260868,0
R01_day,noexp_today,18,33.687142,37.994566,0.012681,0.0,3.910395,95.73227608695653,0
R01_day,noexp_today,19,40.438711,41.779102,0.013136,0.0,0.990262,97.63149130434783,0
R01_day,noexp_today,20,44.754106,46.468638,22.831749,0.0,-21.38378,98.09938260869565,1
R01_day,noexp_today,21,25.509757999999998,48.365948,0.00997,0.0,21.988163,86.43266739130435,0
R01_day,noexp_today,22,50.272401,53.075649,0.014345,0.0,2.607343,97.18302173913042,0
R01_day,noexp_today,23,50.595594,52.543371,0.014323,0.0,1.933325,98.45344130434782,0
R01_day,noexp_today,24,51.629825,52.493056,0.014518,0.0,0.5258660000000001,99.40279347826086,0
R01_day,noexp_today,25,55.594557,56.244226,0.015308,0.0,0.634227,99.64341304347826,0
R01_day,noexp_today,26,54.620441,54.672591000000004,49.028893,0.0,-48.976741000000004,99.95484782608696,1
R01_day,noexp_today,27,7.221324,52.105801,0.005948,0.0,44.878523,73.23377608695651,0
R01_day,noexp_today,28,40.613688,48.916439,0.012417000000000001,0.0,8.290241,95.27113695652174,0
R01_day,noexp_today,29,46.496636,47.851786,0.015128,0.0,1.33985,99.34198478260869,0
R01_day,noexp_today,30,44.771986,44.786977,0.014805,0.0,-0.130763,99.99989999999998,0
R01_day,noexp_today,31,40.41114,40.571179,0.01461,0.0,-0.07439599999999999,99.92855652173913,0
R01_day,noexp_today,32,36.573601,36.833141,0.015264,0.0,0.244093,99.88004130434781,0
R01_day,noexp_today,33,30.735409999999998,30.750399,0.014795,0.0,-0.155272,99.99989999999998,0
R01_day,noexp_today,34,25.127247,25.197287,13.033016,0.0,-13.059951,99.9151847826087,1
R01_day,noexp_today,35,12.807718,19.552742,8.649371,0.000337,-2.6219230000000002,92.78681739130434,1
R01_day,noexp_today,36,1.361694,15.354055,0.00498,0.0,10.741811,91.29281739130434,0
R01_day,noexp_today,37,7.751456,10.109599,0.010027,0.0,-1.286527,96.39047826086956,0
R01_day,noexp_today,38,4.78918,5.217196,0.009396999999999999,0.0,-3.807174,95.56047173913043,0
R01_day,noexp_today,39,1.51812,1.977009,0.007723,0.0,-2.564054,93.46049565217392,0
R01_day,noexp_today,40,0.060319,0.072297,0.0012439999999999999,0.0,-8.036589,92.03697391304347,0
R01_day,noexp_today,41,0.0,0.0,0.0,0.0,-11.003147,87.65172826086956,0
R01_day,noexp_today,42,0.0,0.0,0.0,1.250252,-10.605754,81.64854782608695,0
R01_day,noexp_today,43,0.0,0.0,0.0,30.658207,17.970791,75.86219347826086,1
R01_day,noexp_today,44,0.0,0.0,0.0,0.0,-10.677106,84.68667391304348,0
R01_day,noexp_today,45,0.0,0.0,0.0,0.0,-11.233243,78.86137391304348,0
R01_day,noexp_today,46,0.0,0.0,0.0,0.086018,-11.049591,72.73266086956521,0
R01_day,noexp_today,47,0.0,0.0,0.0,1.633441,-8.551171,66.70415217391304,0
R01_day,noexp_today,48,0.0,0.0,0.0,1.097065,-5.782694,62.03874565217391,0
R02_sun,exp_coord,1,0.0,0.0,0.0,0.0,-4.933271,40.0,0
R02_sun,exp_coord,2,0.0,0.0,0.0,0.0,-4.4372679999999995,37.30847608695652,0
R02_sun,exp_coord,3,0.0,0.0,0.0,0.0,-2.984724,34.887558695652174,0
R02_sun,exp_coord,4,0.0,0.0,0.0,0.0,-3.31658,33.259130434782605,0
R02_sun,exp_coord,5,0.0,0.0,0.0,0.140201,-2.851785,31.44965652173913,0
R02_sun,exp_coord,6,0.0,0.0,0.0,0.032261,-3.114471,29.89376304347826,0
R02_sun,exp_coord,7,0.0,0.0,0.0,0.112901,-3.245636,28.19455217391304,0
R02_sun,exp_coord,8,0.0,0.0,0.0,0.344187,-3.020388,26.42378260869565,0
R02_sun,exp_coord,9,0.0,0.013017,0.013029,0.05265,-1.657869,24.775891304347827,0
R02_sun,exp_coord,10,0.0,1.633509,1.633642,0.077515,-0.362825,23.871378260869562,0
R02_sun,exp_coord,11,0.0,5.420167,5.420364,0.0,0.0,23.67343043478261,0
R02_sun,exp_coord,12,0.0,10.091891,10.080304,0.0,-0.019985,23.67343043478261,0
R02_sun,exp_coord,13,0.0,15.179446,14.918245,0.0,0.261366,23.661886956521737,0
R02_sun,exp_coord,14,0.0,20.385686,20.263721,0.0,-0.868546,23.790230434782607,0
R02_sun,exp_coord,15,0.0,23.970019,23.579967,0.0,-0.16357600000000003,23.309702173913042,0
R02_sun,exp_coord,16,0.0,29.860074,29.064494,0.0,0.09009400000000006,23.19918043478261,0
R02_sun,exp_coord,17,0.0,34.703726,33.283707,0.0,1.2701,23.204947826086958,0
R02_sun,exp_coord,18,0.0,37.994566,34.90702,0.0,2.7033329999999998,23.820452173913043,0
R02_sun,exp_coord,19,0.0,41.779102,33.616763,1.266122,9.091584,25.1269652173913,1
R02_sun,exp_coord,20,0.0,46.468638,37.787608,0.0,8.414466000000001,29.591343478260875,0
R02_sun,exp_coord,21,0.0,48.365948,37.904075,0.0,9.603823,33.708695652173915,0
R02_sun,exp_coord,22,0.0,53.075649,64.112664,0.0,-11.218413,38.37782173913043,1
R02_sun,exp_coord,23,26.48606,52.543371,13.243014,0.549842,13.364136,32.24850652173913,1
R02_sun,exp_coord,24,0.0,52.493056,34.49964,0.0,17.6707,38.81090434782609,0
R02_sun,exp_coord,25,0.0,56.244226,35.531697,0.0,20.712535,47.47043043478261,0
R02_sun,exp_coord,26,0.0,54.672591000000004,35.23096,0.0,19.441628,57.6412347826087,0
R02_sun,exp_coord,27,0.0,52.105801,34.69046,0.0,17.415348,67.18796304347826,0
R02_sun,exp_coord,28,48.916461,48.916439,0.0,48.297841,48.297823,75.73969130434783,1
R02_sun,exp_coord,29,0.0,47.851786,94.606577,0.0,-46.754795,99.45612608695652,1
R02_sun,exp_coord,30,0.0,44.786977,25.913988,0.0,18.742223,73.94732391304348,0
R02_sun,exp_coord,31,0.0,40.571179,25.762141,0.0,14.58935,83.14348260869565,0
R02_sun,exp_coord,32,0.0,36.833141,25.954125,0.0,10.879018,90.29553695652174,0
R02_sun,exp_coord,33,0.0,30.750399,24.815117,0.0,5.780004,95.63762826086956,0
R02_sun,exp_coord,34,0.0,25.197287,23.274332,0.0,1.825981,98.46741956521738,0
R02_sun,exp_coord,35,0.0,19.552742,18.429399,0.0,0.40540999999999994,99.35878695652174,0
R02_sun,exp_coord,36,0.0,15.354055,15.030761,0.0,-2.922312,99.51869347826087,0
R02_sun,exp_coord,37,0.0,10.109599,10.055752,0.0,-3.581297,97.90670434782609,0
R02_sun,exp_coord,38,0.0,5.217196,5.008751,0.0,-4.017827,95.94988260869566,0
R02_sun,exp_coord,39,0.0,1.977009,1.5181879999999999,0.0,-2.556806,93.74649782608697,0
R02_sun,exp_coord,40,0.0,0.072297,0.061373,0.0,-8.036465999999999,92.32651739130434,0
R02_sun,exp_coord,41,0.0,0.0,0.0,0.0,-11.003152,87.9413347826087,0
R02_sun,exp_coord,42,0.0,0.0,0.0,1.2505909999999998,-10.605428999999999,81.93815652173913,0
R02_sun,exp_coord,43,0.0,0.0,0.0,1.983539,-10.703903,76.1519847826087,0
R02_sun,exp_coord,44,0.0,0.0,0.0,1.154252,-9.522873,70.3120695652174,0
R02_sun,exp_coord,45,0.0,0.0,0.0,1.468565,-9.764698,65.11652391304348,0
R02_sun,exp_coord,46,0.0,0.0,0.0,1.156502,-9.979126,59.789041304347826,0
R02_sun,exp_coord,47,0.0,0.0,0.0,2.793794,-7.390835,54.34455869565218,0
R02_sun,exp_coord,48,0.0,0.0,0.0,1.7179740000000001,-5.161792,50.31221956521739,0
R02_sun,exp_today,1,0.0,0.0,0.0,0.0,-4.933247,40.0,0
R02_sun,exp_today,2,0.0,0.0,0.0,0.0,-4.437252,37.30848695652174,0
R02_sun,exp_today,3,0.0,0.0,0.0,0.0,-2.984695,34.887580434782606,0
R02_sun,exp_today,4,0.0,0.0,0.0,0.0,-3.316554,33.259173913043476,0
R02_sun,exp_today,5,0.0,0.0,0.0,0.1402,-2.851747,31.449702173913042,0
R02_sun,exp_today,6,0.0,0.0,0.0,0.032262,-3.114402,29.893828260869565,0
R02_sun,exp_today,7,0.0,0.0,0.0,0.1129,-3.245558,28.194652173913042,0
R02_sun,exp_today,8,0.0,0.0,0.0,0.344187,-3.020291,26.42391956521739,0
R02_sun,exp_today,9,0.0,0.013017,0.0,0.05265,-1.6446779999999999,24.77608913043478,0
R02_sun,exp_today,10,0.0,1.633509,0.0,0.077515,1.27072,23.878060869565214,0
R02_sun,exp_today,11,0.0,5.420167,0.0,0.0,5.420166,24.4822652173913,0
R02_sun,exp_today,12,0.0,10.091891,0.0,0.0,10.060165,27.143806521739126,0
R02_sun,exp_today,13,0.0,15.179446,0.0,0.0,15.179443,32.082071739130434,0
R02_sun,exp_today,14,0.0,20.385686,0.0,0.0,19.39505,39.53588043478261,0
R02_sun,exp_today,15,0.0,23.970019,0.0,0.0,23.416301,49.00569565217391,0
R02_sun,exp_today,16,0.0,29.860074,1.393483,0.0,27.761084,60.47396956521739,0
R02_sun,exp_today,17,0.0,34.703726,15.698508,0.0,18.85527,74.06744347826087,0
R02_sun,exp_today,18,0.0,37.994566,25.030948,0.0,12.579321,83.31806521739131,0
R02_sun,exp_today,19,0.0,41.779102,37.238521,2.694857,6.898552,89.4741195652174,1
R02_sun,exp_today,20,0.0,46.468638,40.270081,0.0,5.931948,92.86161521739132,0
R02_sun,exp_today,21,0.0,48.365948,46.091244,0.0,1.416519,95.7599347826087,0
R02_sun,exp_today,22,0.0,53.075649,76.451721,0.0,-23.557471,96.40871304347826,1
R02_sun,exp_today,23,0.0,52.543371,96.663003,0.0,-44.119628999999996,83.55606521739129,1
R02_sun,exp_today,24,0.0,52.493056,0.14092,0.0,52.029403,59.48496739130435,0
R02_sun,exp_today,25,0.0,56.244226,36.408331,0.0,19.835886,85.01617608695653,0
R02_sun,exp_today,26,0.0,54.672591000000004,50.817852,0.0,3.854601,94.7565,0
R02_sun,exp_today,27,0.0,52.105801,49.203533,0.0,2.902116,96.64927608695652,0
R02_sun,exp_today,28,48.916451,48.916439,0.0,3.798367,3.798366,98.07434565217392,1
R02_sun,exp_today,29,0.0,47.851786,94.714704,0.0,-46.862922,99.93951739130435,1
R02_sun,exp_today,30,0.0,44.786977,3.041099,0.0,41.615106,74.37171956521739,0
R02_sun,exp_today,31,0.0,40.571179,32.076724,0.0,8.274697,94.79947608695653,0
R02_sun,exp_today,32,0.0,36.833141,34.856791,0.0,1.9762490000000001,98.85072826086956,0
R02_sun,exp_today,33,0.0,30.750399,30.456762,0.0,0.138205,99.82115,0
R02_sun,exp_today,34,0.0,25.197287,25.070957,0.0,0.029208000000000005,99.88054347826088,0
R02_sun,exp_today,35,0.0,19.552742,19.332959,0.0,-0.498294,99.88959782608696,0
R02_sun,exp_today,36,0.0,15.354055,15.191544,0.0,-3.08322,99.60575434782608,0
R02_sun,exp_today,37,0.0,10.109599,10.06771,0.0,-3.592853,97.91473260869566,0
R02_sun,exp_today,38,0.0,5.217196,4.993774,0.0,-4.002388,95.95224130434782,0
R02_sun,exp_today,39,0.0,1.977009,1.5380770000000001,0.0,-2.5763,93.7564152173913,0
R02_sun,exp_today,40,0.0,0.072297,0.06156300000000001,0.0,-8.036585,92.32687826086956,0
R02_sun,exp_today,41,0.0,0.0,0.0,0.0,-11.003148,87.94162608695652,0
R02_sun,exp_today,42,0.0,0.0,0.0,1.250592,-10.605415,81.93845217391305,0
R02_sun,exp_today,43,0.0,0.0,0.0,1.98354,-10.703874,76.15227608695653,0
R02_sun,exp_today,44,0.0,0.0,0.0,1.1542530000000002,-9.52285,70.31238260869566,0
R02_sun,exp_today,45,0.0,0.0,0.0,1.468564,-9.764677,65.1168347826087,0
R02_sun,exp_today,46,0.0,0.0,0.0,1.156504,-9.979101,59.78936304347826,0
R02_sun,exp_today,47,0.0,0.0,0.0,2.793792,-7.390816,54.34489347826087,0
R02_sun,exp_today,48,0.0,0.0,0.0,1.717967,-5.161781,50.312567391304356,0
R02_sun,noexp_coord,1,0.0,0.0,0.003425,0.0,-4.936752,40.0,0
R02_sun,noexp_coord,2,0.0,0.0,0.003771,0.0,-4.441102,37.30657391304348,0
R02_sun,noexp_coord,3,0.0,0.0,0.004177,0.0,-2.988973,34.88355,0
R02_sun,noexp_coord,4,0.0,0.0,0.004894,0.0,-3.321459,33.252804347826086,0
R02_sun,noexp_coord,5,0.0,0.0,0.00576,0.1402,-2.857519,31.440645652173917,0
R02_sun,noexp_coord,6,0.0,0.0,0.006691,0.032259,-3.121104,29.88161739130435,0
R02_sun,noexp_coord,7,0.0,0.0,0.007859,0.112898,-3.253432,28.178778260869564,0
R02_sun,noexp_coord,8,0.0,0.0,0.00862,0.34418400000000005,-3.028931,26.403745652173917,0
R02_sun,noexp_coord,9,0.012528000000000001,0.013017,0.009563,0.05265,-1.666803,24.751195652173912,0
R02_sun,noexp_coord,10,1.623587,1.633509,0.018485,0.077515,-0.371309,23.841808695652173,0
R02_sun,noexp_coord,11,5.4048,5.420167,0.022985000000000002,0.0,-0.007491,23.639226086956523,0
R02_sun,noexp_coord,12,10.062834,10.091891,0.022,0.0,-0.024567,23.635139130434784,0
R02_sun,noexp_coord,13,14.896664,15.179446,0.022999000000000002,0.0,0.259867,23.621097826086956,0
R02_sun,noexp_coord,14,20.251168,20.385686,0.022,0.0,-0.878072,23.74862173913043,0
R02_sun,noexp_coord,15,23.566838,23.970019,0.022,0.0,-0.172476,23.263417391304348,0
R02_sun,noexp_coord,16,29.062247,29.860074,0.022,0.0,0.07034100000000004,23.148528260869565,0
R02_sun,noexp_coord,17,33.436122,34.703726,0.0225,0.0,1.095188,23.144589130434785,0
R02_sun,noexp_coord,18,35.624767,37.994566,0.022,0.0,1.963586,23.674197826086957,0
R02_sun,noexp_coord,19,38.406141,41.779102,0.826591,1.641442,3.850931,24.61745869565217,1
R02_sun,noexp_coord,20,39.390522,46.468638,0.0225,0.0,6.789055,26.508441304347823,0
R02_sun,noexp_coord,21,39.321175,48.365948,0.022,0.0,8.164718,29.827634782608698,0
R02_sun,noexp_coord,22,40.229678,53.075649,21.718537,0.0,-9.053967,33.79008043478261,1
R02_sun,noexp_coord,23,35.888439,52.543371,28.287613,0.0,-11.632681,28.83041956521739,1
R02_sun,noexp_coord,24,33.851066,52.493056,0.022499,0.0,18.296781,22.483778260869563,0
R02_sun,noexp_coord,25,34.106546,56.244226,0.022998,0.0,22.114688,31.450723913043475,0
R02_sun,noexp_coord,26,32.87383,54.672591000000004,0.022997,0.0,21.775762,42.31005434782609,0
R02_sun,noexp_coord,27,31.563092,52.105801,0.022998,0.0,20.519715,53.002950000000006,0
R02_sun,noexp_coord,28,31.616086,48.916439,7.965827,1.138556,10.473086,63.079069565217395,1
R02_sun,noexp_coord,29,28.787599,47.851786,57.726552,0.0,-38.662366,68.22182608695651,1
R02_sun,noexp_coord,30,18.259996,44.786977,0.021994,0.0,26.374219,47.08137173913043,0
R02_sun,noexp_coord,31,16.977255,40.571179,0.021992,0.0,23.352251,60.02517608695652,0
R02_sun,noexp_coord,32,16.360808,36.833141,0.022489000000000002,0.0,20.449846,71.4802152173913,0
R02_sun,noexp_coord,33,15.387766,30.750399,0.021994,0.0,15.185364,81.5220152173913,0
R02_sun,noexp_coord,34,14.681323,25.197287,0.020994,0.0,10.398008,88.97025652173913,0
R02_sun,noexp_coord,35,13.748021,19.552742,0.020492,0.0,5.066291,94.07085217391305,0
R02_sun,noexp_coord,36,12.159907,15.354055,0.019497,0.0,-0.07096399999999983,96.5194652173913,0
R02_sun,noexp_coord,37,9.039062,10.109599,0.018997,0.0,-2.58314,96.30757826086956,0
R02_sun,noexp_coord,38,4.7415899999999995,5.217196,0.015446,0.0,-3.765634,94.8408847826087,0
R02_sun,noexp_coord,39,1.4991160000000001,1.977009,0.012483,0.0,-2.5498209999999997,92.76131304347825,0
R02_sun,noexp_coord,40,0.059566999999999995,0.072297,0.001996,0.0,-8.036578,91.34477826086956,0
R02_sun,noexp_coord,41,0.0,0.0,0.0,0.0,-11.003138,86.95953260869565,0
R02_sun,noexp_coord,42,0.0,0.0,8.3e-05,1.250586,-10.605506,80.95635217391305,0
R02_sun,noexp_coord,43,0.0,0.0,8.8e-05,1.983527,-10.703974,75.17012608695651,0
R02_sun,noexp_coord,44,0.0,0.0,9.4e-05,1.154246,-9.522952,69.33018260869565,0
R02_sun,noexp_coord,45,0.0,0.0,0.000101,1.468555,-9.764783,64.13457608695651,0
R02_sun,noexp_coord,46,0.0,0.0,0.000142,1.156491,-9.979248,58.80704565217392,0
R02_sun,noexp_coord,47,0.0,0.0,0.000153,2.793787,-7.390979,53.362484782608696,0
R02_sun,noexp_coord,48,0.0,0.0,0.000166,1.717985,-5.16195,49.33005,0
R02_sun,noexp_today,1,0.0,0.0,0.0,0.0,-4.9332460000000005,40.0,0
R02_sun,noexp_today,2,0.0,0.0,0.0,0.0,-4.43725,37.30848695652174,0
R02_sun,noexp_today,3,0.0,0.0,0.0,0.0,-2.984695,34.887580434782606,0
R02_sun,noexp_today,4,0.0,0.0,0.0,0.0,-3.316553,33.259173913043476,0
R02_sun,noexp_today,5,0.0,0.0,0.0,0.140199,-2.851748,31.449702173913042,0
R02_sun,noexp_today,6,0.0,0.0,0.0,0.032259,-3.114402,29.893828260869565,0
R02_sun,noexp_today,7,0.0,0.0,0.0,0.112896,-3.245559,28.19465,0
R02_sun,noexp_today,8,0.0,0.0,0.0,0.34418400000000005,-3.020291,26.42391956521739,0
R02_sun,noexp_today,9,0.0,0.013017,0.0,0.05265,-1.6446779999999999,24.77608913043478,0
R02_sun,noexp_today,10,0.0,1.633509,0.0,0.077515,1.27072,23.878060869565214,0
R02_sun,noexp_today,11,0.0,5.420167,0.0,0.0,5.420166,24.4822652173913,0
R02_sun,noexp_today,12,0.0,10.091891,0.0,0.0,10.06016,27.143806521739126,0
R02_sun,noexp_today,13,0.0,15.179446,0.0,0.0,15.179446,32.082071739130434,0
R02_sun,noexp_today,14,0.0,20.385686,0.0,0.0,19.395043,39.53587826086956,0
R02_sun,noexp_today,15,0.0,23.970019,0.0,0.0,23.416311,49.00569130434783,0
R02_sun,noexp_today,16,1.391394,29.860074,0.002079,0.0,27.761102,60.47397173913044,0
R02_sun,noexp_today,17,15.692311,34.703726,0.006132,0.0,18.855332,74.06745000000001,0
R02_sun,noexp_today,18,25.021906,37.994566,0.009051,0.0,12.579312,83.31807173913043,0
R02_sun,noexp_today,19,37.750352,41.779102,40.652174,0.0,-36.960299,89.47412173913044,1
R02_sun,noexp_today,20,8.919496,46.468638,0.0060750000000000005,0.0,37.276503,69.30906304347826,0
R02_sun,noexp_today,21,39.933478,48.365948,0.011441,0.0,7.562889,87.59893913043479,0
R02_sun,noexp_today,22,49.414504,53.075649,30.954799,0.0,-27.475054,91.26584347826086,1
R02_sun,noexp_today,23,37.284895,52.543371,58.438235999999996,0.0,-43.179752,76.27213913043478,1
R02_sun,noexp_today,24,0.325586,52.493056,0.000257,0.0,51.844499,52.71382391304348,0
R02_sun,noexp_today,25,31.203219,56.244226,0.009278,0.0,25.031734,78.15423260869565,0
R02_sun,noexp_today,26,49.292418,54.672591000000004,0.012582,0.0,5.3674420000000005,90.44588478260869,0
R02_sun,noexp_today,27,47.156345,52.105801,0.012754999999999999,0.0,4.936541,93.08153913043478,0
R02_sun,noexp_today,28,46.059144,48.916439,48.177614,0.0,-45.320316,95.50560652173913,1
R02_sun,noexp_today,29,24.619334000000002,47.851786,59.538472,0.0,-36.306019,70.75287826086956,1
R02_sun,noexp_today,30,0.0,44.786977,0.0,0.0,44.656205,50.85945434782608,0
R02_sun,noexp_today,31,5.630495,40.571179,0.004858,0.0,34.716129,72.78055434782608,0
R02_sun,noexp_today,32,24.695981,36.833141,0.009583,0.0,12.1275,89.81574130434782,0
R02_sun,noexp_today,33,27.302458,30.750399,0.01129,0.0,3.281244,95.77088043478261,0
R02_sun,noexp_today,34,23.260536,25.197287,0.012008,0.0,1.827653,97.37364782608695,0
R02_sun,noexp_today,35,17.712222,19.552742,0.012547,0.0,1.109917,98.2658152173913,0
R02_sun,noexp_today,36,14.634159,15.354055,0.012263,0.0,-2.5380849999999997,98.77167173913043,0
R02_sun,noexp_today,37,9.910769,10.109599,0.012405,0.0,-3.448306,97.34833260869564,0
R02_sun,noexp_today,38,4.862684,5.217196,0.009871,0.0,-3.881161,95.45682391304348,0
R02_sun,noexp_today,39,1.521318,1.977009,0.008047,0.0,-2.567585,93.32052173913043,0
R02_sun,noexp_today,40,0.060319,0.072297,0.0012439999999999999,0.0,-8.036589,91.89526304347827,0
R02_sun,noexp_today,41,0.0,0.0,0.0,0.0,-11.003148,87.5100195652174,0
R02_sun,noexp_today,42,0.0,0.0,0.0,1.250592,-10.605413,81.5068391304348,0
R02_sun,noexp_today,43,0.0,0.0,0.0,1.98367,-10.703737,75.7206652173913,0
R02_sun,noexp_today,44,0.0,0.0,0.0,1.15425,-9.522849,69.88084565217392,0
R02_sun,noexp_today,45,0.0,0.0,0.0,1.468717,-9.764511,64.68530652173912,0
R02_sun,noexp_today,46,0.0,0.0,0.0,1.1564889999999999,-9.979101,59.35791739130435,0
R02_sun,noexp_today,47,0.0,0.0,0.0,2.793776,-7.390822,53.913445652173905,0
R02_sun,noexp_today,48,0.0,0.0,0.0,1.717969,-5.161779,49.88112391304348,0
R03_day,exp_coord,1,0.0,0.0,0.0,0.0,-4.933271,40.0,0
R03_day,exp_coord,2,0.0,0.0,0.0,0.0,-4.4372679999999995,37.30847608695652,0
R03_day,exp_coord,3,0.0,0.0,0.0,0.0,-2.984724,34.887558695652174,0
R03_day,exp_coord,4,0.0,0.0,0.0,3.353003,0.036452,33.259130434782605,1
R03_day,exp_coord,5,0.0,0.0,0.0,0.062725,-2.92928,33.27703695652174,0
R03_day,exp_coord,6,0.0,0.0,0.0,37.601221,34.454562,31.678860869565217,1
R03_day,exp_coord,7,0.0,0.0,15.101917,0.0,-18.460371,48.59762391304348,1
R03_day,exp_coord,8,0.0,0.0,0.0,0.0,-3.364614,38.5258847826087,0
R03_day,exp_coord,9,0.0,0.013017,0.013025,0.0,-1.710485,36.69020434782608,0
R03_day,exp_coord,10,0.0,1.633509,1.633701,0.0,-0.440368,35.75698913043478,0
R03_day,exp_coord,11,0.0,5.420167,5.420358,0.0,0.0,35.51672826086957,0
R03_day,exp_coord,12,0.0,10.091891,10.092135,0.0,-0.031727,35.51672826086957,0
R03_day,exp_coord,13,0.0,15.179446,15.179698,0.0,0.0,35.499419565217394,0
R03_day,exp_coord,14,0.0,20.385686,20.385748,0.0,-0.990581,35.499419565217394,0
R03_day,exp_coord,15,0.0,23.970019,23.753125,0.0,-0.336758,34.958969565217394,0
R03_day,exp_coord,16,0.0,29.860074,29.30914,0.0,-0.15453800000000006,34.763408695652174,0
R03_day,exp_coord,17,0.0,34.703726,33.785352,0.0,0.768453,34.64904347826087,0
R03_day,exp_coord,18,0.0,37.994566,35.908167,0.0,1.702176,35.01821304347826,0
R03_day,exp_coord,19,0.0,41.779102,38.340785,0.0,3.101402,35.83310869565217,0
R03_day,exp_coord,20,7.70941,46.468638,0.0,38.846473,77.339135,37.33766739130434,1
R03_day,exp_coord,21,0.0,48.365948,45.346547,0.0,2.161349,75.3147043478261,0
R03_day,exp_coord,22,0.0,53.075649,47.340936,0.0,5.5533079999999995,76.32922826086957,0
R03_day,exp_coord,23,0.0,52.543371,45.751445,0.0,6.791923,79.04626304347826,1
R03_day,exp_coord,24,0.0,52.493056,45.531622,0.0,6.63872,82.38141739130434,0
R03_day,exp_coord,25,0.0,56.244226,48.054825,0.0,8.1894,85.6237304347826,0
R03_day,exp_coord,26,0.0,54.672591000000004,47.217162,0.0,7.455393,89.64510652173914,0
R03_day,exp_coord,27,0.0,52.105801,45.994995,0.0,6.110816,93.30604347826088,0
R03_day,exp_coord,28,0.0,48.916439,45.205203,0.0,3.711234,96.30673260869564,0
R03_day,exp_coord,29,0.0,47.851786,77.103182,0.0,-29.251406,98.12911304347827,1
R03_day,exp_coord,30,0.0,44.786977,29.874464,0.0,14.781746,82.16992608695652,0
R03_day,exp_coord,31,0.0,40.571179,29.687216,0.0,10.664273,89.42131304347825,0
R03_day,exp_coord,32,0.0,36.833141,29.721145,0.0,7.112003,94.64598260869565,0
R03_day,exp_coord,33,0.0,30.750399,27.839519,0.0,2.755573,98.13828695652174,0
R03_day,exp_coord,34,0.0,25.197287,24.583718,0.0,0.516494,99.48289565217392,0
R03_day,exp_coord,35,0.0,19.552742,19.020682,0.0,-0.18595900000000007,99.73122608695653,0
R03_day,exp_coord,36,0.0,15.354055,15.195294,0.0,-3.08695,99.60074347826087,0
R03_day,exp_coord,37,0.0,10.109599,10.053799,0.0,-3.578911,97.90788913043478,0
R03_day,exp_coord,38,0.0,5.217196,5.011543,0.0,-4.020148,95.95224130434782,0
R03_day,exp_coord,39,0.0,1.977009,1.52033,0.0,-2.558544,93.74769347826087,0
R03_day,exp_coord,40,0.0,0.072297,0.06156400000000001,0.0,-8.036592,92.32687608695652,0
R03_day,exp_coord,41,0.0,0.0,0.0,0.0,-11.003150999999999,87.94163043478261,0
R03_day,exp_coord,42,0.0,0.0,0.0,1.250593,-10.605427,81.93845652173913,0
R03_day,exp_coord,43,0.0,0.0,0.0,1.983541,-10.703899999999999,76.15227608695653,0
R03_day,exp_coord,44,0.0,0.0,0.0,1.1542540000000001,-9.522873,70.31237391304347,0
R03_day,exp_coord,45,0.0,0.0,0.0,1.468565,-9.764697,65.11682173913044,0
R03_day,exp_coord,46,0.0,0.0,6.2527989999999996,2.368972,-15.019438000000001,59.78934347826087,1
R03_day,exp_coord,47,0.0,0.0,0.0,2.206004,-7.978623,51.59491521739131,0
R03_day,exp_coord,48,0.0,0.0,0.0,1.547966,-5.331813,47.24189782608696,0
R03_day,exp_today,1,0.0,0.0,0.0,0.0,-4.933247,40.0,0
R03_day,exp_today,2,0.0,0.0,0.0,0.0,-4.437252,37.30848695652174,0
R03_day,exp_today,3,0.0,0.0,0.0,0.0,-2.984695,34.887580434782606,0
R03_day,exp_today,4,0.0,0.0,0.0,3.353003,0.036452,33.259173913043476,1
R03_day,exp_today,5,0.0,0.0,0.0,0.062725,-2.929222,33.27707391304347,0
R03_day,exp_today,6,0.0,0.0,0.0,37.60125,34.454586,31.678926086956523,1
R03_day,exp_today,7,0.0,0.0,15.101886,0.0,-18.460343,48.59769782608696,1
R03_day,exp_today,8,0.0,0.0,0.0,0.0,-3.364483,38.52597173913043,0
R03_day,exp_today,9,0.0,0.013017,0.0,0.0,-1.697336,36.69036304347826,0
R03_day,exp_today,10,0.0,1.633509,0.0,0.0,1.193201,35.763606521739135,0
R03_day,exp_today,11,0.0,5.420167,0.0,0.0,5.420166,36.32551304347826,0
R03_day,exp_today,12,0.0,10.091891,0.0,0.0,10.06016,38.98705652173913,0
R03_day,exp_today,13,0.0,15.179446,0.0,0.0,15.179437,43.92531956521739,0
R03_day,exp_today,14,0.0,20.385686,0.0,0.0,19.395038,51.379121739130426,0
R03_day,exp_today,15,0.0,23.970019,0.041027,0.0,23.37527,60.8489304347826,0
R03_day,exp_today,16,0.0,29.860074,7.356673,0.0,21.797887,72.29706086956521,0
R03_day,exp_today,17,0.0,34.703726,21.176166,0.0,13.377623999999999,82.96233260869565,0
R03_day,exp_today,18,0.0,37.994566,28.983197999999998,0.0,8.627069,89.52318695652174,0
R03_day,exp_today,19,0.0,41.779102,38.057558,0.0,3.3845579999999997,93.7385043478261,0
R03_day,exp_today,20,28.239862,46.468638,16.731933,7.59768,8.827955,95.38209782608696,1
R03_day,exp_today,21,0.0,48.365948,48.00082,0.0,-0.493004,99.71702391304348,0
R03_day,exp_today,22,0.0,53.075649,52.248598,0.0,0.645551,99.42813260869565,0
R03_day,exp_today,23,3.243835,52.543371,48.760557,0.0,0.5389809999999999,99.7352347826087,1
R03_day,exp_today,24,0.0,52.493056,52.492990999999996,0.0,-0.32271,99.99989999999998,0
R03_day,exp_today,25,0.0,56.244226,55.885595,0.0,0.358554,99.82383260869565,0
R03_day,exp_today,26,0.0,54.672591000000004,54.672519,0.0,0.0,99.99989999999998,0
R03_day,exp_today,27,0.0,52.105801,52.10574,0.0,0.0,99.99989999999998,0
R03_day,exp_today,28,0.0,48.916439,48.91637,0.0,0.0,99.99989999999998,0
R03_day,exp_today,29,0.0,47.851786,78.583877,0.0,-30.732092,99.99989999999998,1
R03_day,exp_today,30,0.0,44.786977,13.188442,0.0,31.467765,83.23287391304348,0
R03_day,exp_today,31,0.0,40.571179,38.099378,0.0,2.252031,98.67781304347825,0
R03_day,exp_today,32,0.0,36.833141,36.37035,0.0,0.462619,99.77168043478261,0
R03_day,exp_today,33,0.0,30.750399,30.748072999999998,0.0,-0.153119,99.99884565217391,0
R03_day,exp_today,34,0.0,25.197287,25.141499,0.0,-0.041342,99.9151847826087,0
R03_day,exp_today,35,0.0,19.552742,19.332959,0.0,-0.498294,99.88959782608696,0
R03_day,exp_today,36,0.0,15.354055,15.191544,0.0,-3.08322,99.60575434782608,0
R03_day,exp_today,37,0.0,10.109599,10.06771,0.0,-3.592853,97.91473260869566,0
R03_day,exp_today,38,0.0,5.217196,4.993774,0.0,-4.002388,95.95224130434782,0
R03_day,exp_today,39,0.0,1.977009,1.5380770000000001,0.0,-2.5763,93.7564152173913,0
R03_day,exp_today,40,0.0,0.072297,0.06156300000000001,0.0,-8.036585,92.32687826086956,0
R03_day,exp_today,41,0.0,0.0,0.0,0.0,-11.003148,87.94162608695652,0
R03_day,exp_today,42,0.0,0.0,0.0,1.250592,-10.605415,81.93845217391305,0
R03_day,exp_today,43,0.0,0.0,0.0,1.98354,-10.703874,76.15227608695653,0
R03_day,exp_today,44,0.0,0.0,0.0,1.1542530000000002,-9.52285,70.31238260869566,0
R03_day,exp_today,45,0.0,0.0,0.0,1.468564,-9.764677,65.1168347826087,0
R03_day,exp_today,46,0.0,0.0,6.252768,2.368868,-15.019513,59.78936304347826,1
R03_day,exp_today,47,0.0,0.0,0.0,2.206125,-7.978475,51.59491521739131,0
R03_day,exp_today,48,0.0,0.0,0.0,1.5479669999999999,-5.331784,47.24196086956521,0
R03_day,noexp_coord,1,0.0,0.0,0.003425,0.0,-4.936752,40.0,0
R03_day,noexp_coord,2,0.0,0.0,0.003771,0.0,-4.441102,37.30657391304348,0
R03_day,noexp_coord,3,0.0,0.0,0.004177,0.0,-2.988973,34.88355,0
R03_day,noexp_coord,4,0.0,0.0,0.0,3.353001,0.03645,33.252804347826086,1
R03_day,noexp_coord,5,0.0,0.0,0.005698,0.062726,-2.934932,33.270702173913044,0
R03_day,noexp_coord,6,0.0,0.0,0.0,37.598073,34.451413,31.66943043478261,1
R03_day,noexp_coord,7,0.0,0.0,15.104153,0.0,-18.462611,48.586645652173914,1
R03_day,noexp_coord,8,0.0,0.0,0.008061,0.0,-3.372576,38.51368043478261,0
R03_day,noexp_coord,9,0.012538,0.013017,0.00886,0.0,-1.718809,36.67364565217391,0
R03_day,noexp_coord,10,1.623089,1.633509,0.018467,0.0,-0.448322,35.7358847826087,0
R03_day,noexp_coord,11,5.4048169999999995,5.420167,0.022985000000000002,0.0,-0.007491,35.49128478260869,0
R03_day,noexp_coord,12,10.075106,10.091891,0.022,0.0,-0.036823999999999996,35.487199999999994,0
R03_day,noexp_coord,13,15.158068,15.179446,0.023,0.0,-0.001497,35.46710434782609,0
R03_day,noexp_coord,14,20.36368,20.385686,0.022,0.0,-0.990636,35.46628913043478,0
R03_day,noexp_coord,15,23.731098,23.970019,0.022,0.0,-0.336748,34.92581086956522,0
R03_day,noexp_coord,16,29.287115,29.860074,0.022,0.0,-0.154526,34.730252173913044,0
R03_day,noexp_coord,17,33.834278,34.703726,0.0225,0.0,0.697027,34.615893478260865,0
R03_day,noexp_coord,18,36.200014,37.994566,0.022,0.0,1.388339,34.9499847826087,0
R03_day,noexp_coord,19,39.154064,41.779102,0.021494,0.0,2.266661,35.61076739130434,0
R03_day,noexp_coord,20,40.338035,46.468638,0.0,34.699418,40.563454,36.70543043478261,1
R03_day,noexp_coord,21,42.248931999999996,48.365948,0.022,0.0,5.236964,56.62393913043478,0
R03_day,noexp_coord,22,43.545432,53.075649,0.0225,0.0,9.326317,59.14872173913043,0
R03_day,noexp_coord,23,42.006486,52.543371,57.585489,0.0,-47.048596,63.718480434782606,1
R03_day,noexp_coord,24,35.654759,52.493056,0.0225,0.0,16.493085,38.049371739130436,0
R03_day,noexp_coord,25,36.418075,56.244226,0.023,0.0,19.803157,46.1306304347826,0
R03_day,noexp_coord,26,35.496176,54.672591000000004,0.022999000000000002,0.0,19.153417,55.85488043478261,0
R03_day,noexp_coord,27,34.561073,52.105801,0.023,0.0,17.521731,65.26008260869565,0
R03_day,noexp_coord,28,34.341072,48.916439,0.023,0.0,14.552370999999999,73.86405869565216,0
R03_day,noexp_coord,29,34.015273,47.851786,35.98181,0.0,-22.145303,81.00993695652173,1
R03_day,noexp_coord,30,24.408325,44.786977,0.022494,0.0,20.225391,68.90400434782609,0
R03_day,noexp_coord,31,23.929951,40.571179,0.022498,0.0,16.399044,78.82845434782608,0
R03_day,noexp_coord,32,23.99338,36.833141,0.023,0.0,12.816762,86.86916304347825,0
R03_day,noexp_coord,33,22.652072,30.750399,0.022498,0.0,7.920555,93.16277173913043,0
R03_day,noexp_coord,34,21.602386,25.197287,0.021499,0.0,3.476401,97.04363478260869,0
R03_day,noexp_coord,35,17.852595,19.552742,0.020999,0.0,0.96116,98.74540434782608,0
R03_day,noexp_coord,36,14.693812,15.354055,0.02,0.0,-2.605437,99.17820217391304,0
R03_day,noexp_coord,37,9.88821,10.109599,0.019499,0.0,-3.432814,97.7217847826087,0
R03_day,noexp_coord,38,4.907025,5.217196,0.015952,0.0,-3.931579,95.83787391304348,0
R03_day,noexp_coord,39,1.499133,1.977009,0.012479,0.0,-2.549822,93.67681521739131,0
R03_day,noexp_coord,40,0.059566999999999995,0.072297,0.001996,0.0,-8.036578,92.2602804347826,0
R03_day,noexp_coord,41,0.0,0.0,0.0,0.0,-11.003136,87.8750347826087,0
R03_day,noexp_coord,42,0.0,0.0,0.0,1.2505909999999998,-10.605417,81.87185434782609,0
R03_day,noexp_coord,43,0.0,0.0,0.0,1.983528,-10.703883,76.08567608695652,0
R03_day,noexp_coord,44,0.0,0.0,0.0,1.154249,-9.522857,70.24578043478262,0
R03_day,noexp_coord,45,0.0,0.0,0.0,1.468555,-9.764683999999999,65.05022826086957,0
R03_day,noexp_coord,46,0.0,0.0,6.252835,2.396463,-14.991983,59.722747826086966,1
R03_day,noexp_coord,47,0.0,0.0,0.002744,2.178663,-8.008685999999999,51.543304347826094,0
R03_day,noexp_coord,48,0.0,0.0,0.002991,1.547966,-5.334782,47.17386521739131,0
R03_day,noexp_today,1,0.0,0.0,0.0,0.0,-4.9332460000000005,40.0,0
R03_day,noexp_today,2,0.0,0.0,0.0,0.0,-4.43725,37.30848695652174,0
R03_day,noexp_today,3,0.0,0.0,0.0,0.0,-2.984695,34.887580434782606,0
R03_day,noexp_today,4,0.0,0.0,0.0,3.353001,0.03645,33.259173913043476,1
R03_day,noexp_today,5,0.0,0.0,0.0,0.062725,-2.929222,33.277069565217396,0
R03_day,noexp_today,6,0.0,0.0,0.0,37.601283,34.454617,31.678923913043477,1
R03_day,noexp_today,7,0.0,0.0,15.101896,0.0,-18.460353,48.59771086956521,1
R03_day,noexp_today,8,0.0,0.0,0.0,0.0,-3.364483,38.52598043478261,0
R03_day,noexp_today,9,0.0,0.013017,0.0,0.0,-1.697336,36.690376086956526,0
R03_day,noexp_today,10,0.0,1.633509,0.0,0.0,1.193201,35.763617391304344,0
R03_day,noexp_today,11,0.0,5.420167,0.0,0.0,5.420166,36.32552173913044,0
R03_day,noexp_today,12,0.0,10.091891,0.0,0.0,10.060164,38.98706739130435,0
R03_day,noexp_today,13,0.0,15.179446,0.0,0.0,15.179428,43.92532608695652,0
R03_day,noexp_today,14,0.0,20.385686,0.0,0.0,19.39502,51.379128260869564,0
R03_day,noexp_today,15,0.040768,23.970019,0.000254,0.0,23.375284,60.8489347826087,0
R03_day,noexp_today,16,7.352413,29.860074,0.0042380000000000004,0.0,21.797893,72.29706086956521,0
R03_day,noexp_today,17,21.168212,34.703726,0.007904,0.0,13.377638,82.9623347826087,0
R03_day,noexp_today,18,28.973165,37.994566,0.010054,0.0,8.62705,89.52318260869565,0
R03_day,noexp_today,19,38.045647,41.779102,0.011919,0.0,3.384554,93.73849782608696,0
R03_day,noexp_today,20,43.588759,46.468638,4.5381219999999995,0.114777,-1.810026,95.3820956521739,1
R03_day,noexp_today,21,43.197409,48.365948,0.010402,0.0,4.300085,94.36515869565217,0
R03_day,noexp_today,22,50.224026,53.075649,0.013481,0.0,2.656619,96.42984130434782,0
R03_day,noexp_today,23,50.866042,52.543371,66.599248,0.0,-64.921922,97.72446956521739,1
R03_day,noexp_today,24,0.935103,52.493056,0.00309,0.0,51.23214,62.30391739130434,0
R03_day,noexp_today,25,39.09951,56.244226,0.010603,0.0,17.13406,87.44360869565217,0
R03_day,noexp_today,26,51.88021,54.672591000000004,0.013412,0.0,2.7788019999999998,95.8572,0
R03_day,noexp_today,27,49.554134,52.105801,0.014105,0.0,2.537374,97.2217152173913,0
R03_day,noexp_today,28,47.145334,48.916439,0.0144,0.0,1.756512,98.46767826086958,0
R03_day,noexp_today,29,46.880676,47.851786,31.08924,0.0,-30.118136,99.33020217391304,1
R03_day,noexp_today,30,13.009,44.786977,0.008620000000000001,0.0,31.638582,82.8877152173913,0
R03_day,noexp_today,31,37.86548,40.571179,0.013252,0.0,2.472622,98.41652608695652,0
R03_day,noexp_today,32,36.041596,36.833141,0.01504,0.0,0.776338,99.61868913043477,0
R03_day,noexp_today,33,30.735409999999998,30.750399,0.014795,0.0,-0.155272,99.99989999999998,0
R03_day,noexp_today,34,25.126899,25.197287,0.014614,0.0,-0.041342,99.9151847826087,0
R03_day,noexp_today,35,19.318848,19.552742,0.014123,0.0,-0.49829500000000004,99.88959782608696,0
R03_day,noexp_today,36,15.178114,15.354055,0.013444,0.0,-3.08322,99.60575434782608,0
R03_day,noexp_today,37,10.054657,10.109599,0.013056,0.0,-3.592853,97.91473260869566,0
R03_day,noexp_today,38,4.9832469999999995,5.217196,0.010528,0.0,-4.002388,95.95224130434782,0
R03_day,noexp_today,39,1.529707,1.977009,0.00837,0.0,-2.5763,93.7564152173913,0
R03_day,noexp_today,40,0.060319,0.072297,0.0012439999999999999,0.0,-8.03659,92.32687608695652,0
R03_day,noexp_today,41,0.0,0.0,0.0,0.0,-11.003148,87.94162826086958,0
R03_day,noexp_today,42,0.0,0.0,0.0,1.250593,-10.605411,81.93845217391305,0
R03_day,noexp_today,43,0.0,0.0,0.0,1.983527,-10.70388,76.15227826086956,0
R03_day,noexp_today,44,0.0,0.0,0.0,1.154247,-9.522849,70.31238043478261,0
R03_day,noexp_today,45,0.0,0.0,0.0,1.468553,-9.764676,65.11683913043478,0
R03_day,noexp_today,46,0.0,0.0,6.252883,2.3977019999999998,-14.990791,59.789360869565215,1
R03_day,noexp_today,47,0.0,0.0,0.0,2.1773730000000002,-8.007222,51.61058478260869,0
R03_day,noexp_today,48,0.0,0.0,0.0,1.547968,-5.331784,47.24195434782609,0
R04_sun,exp_coord,1,0.0,0.0,0.0,0.0,-4.933271,40.0,0
R04_sun,exp_coord,2,0.0,0.0,0.0,0.0,-4.4372679999999995,37.30847608695652,0
R04_sun,exp_coord,3,0.0,0.0,0.0,0.0,-2.984724,34.887558695652174,0
R04_sun,exp_coord,4,0.0,0.0,0.0,0.0,-3.31658,33.259130434782605,0
R04_sun,exp_coord,5,0.0,0.0,0.0,0.140201,-2.851785,31.44965652173913,0
R04_sun,exp_coord,6,0.0,0.0,0.0,0.032261,-3.114471,29.89376304347826,0
R04_sun,exp_coord,7,0.0,0.0,0.0,0.112901,-3.245636,28.19455217391304,0
R04_sun,exp_coord,8,0.0,0.0,0.0,0.344187,-3.020388,26.42378260869565,0
R04_sun,exp_coord,9,0.0,0.013017,0.013029,0.05265,-1.657869,24.775891304347827,0
R04_sun,exp_coord,10,0.0,1.633509,1.633642,0.077515,-0.362825,23.871378260869562,0
R04_sun,exp_coord,11,0.0,5.420167,5.420364,0.0,0.0,23.67343043478261,0
R04_sun,exp_coord,12,0.0,10.091891,10.080304,0.0,-0.019985,23.67343043478261,0
R04_sun,exp_coord,13,0.0,15.179446,14.918245,0.0,0.261366,23.661886956521737,0
R04_sun,exp_coord,14,0.0,20.385686,20.263721,0.0,-0.868546,23.790230434782607,0
R04_sun,exp_coord,15,0.0,23.970019,8.823875,2.245813,16.838262,23.309702173913042,1
R04_sun,exp_coord,16,0.0,29.860074,16.631915,1.3565189999999998,13.879182,31.578065217391305,1
R04_sun,exp_coord,17,0.0,34.703726,61.308768,0.0,-26.754956,38.39337608695652,1
R04_sun,exp_coord,18,0.0,37.994566,14.553028,2.5293669999999997,25.586698,23.796215217391303,1
R04_sun,exp_coord,19,0.0,41.779102,3.25198,13.318347,51.508589,36.360452173913046,1
R04_sun,exp_coord,20,0.0,46.468638,23.31511,1.826165,24.713137,61.65351086956522,1
R04_sun,exp_coord,21,48.365992,48.365948,0.0,54.213102,53.355001,73.78878695652173,1
R04_sun,exp_coord,22,36.914015,53.075649,16.138454,0.181397,0.023174,99.98851956521739,1
R04_sun,exp_coord,23,45.568271,52.543371,6.975098,0.0,0.0,99.99989999999998,1
R04_sun,exp_coord,24,46.535929,52.493056,5.957128,0.32271,0.0,99.99989999999998,1
R04_sun,exp_coord,25,0.0,56.244226,80.861577,0.0,-24.617348,99.99989999999998,1
R04_sun,exp_coord,26,0.0,54.672591000000004,30.541643,0.9991610000000001,25.130114,86.56898695652174,1
R04_sun,exp_coord,27,1.907854,52.105801,47.976411,0.0,2.22153,98.90902608695652,1
R04_sun,exp_coord,28,0.0,48.916439,106.371147,0.0,-57.454707,99.99989999999998,1
R04_sun,exp_coord,29,47.851789,47.851786,0.0,63.836318,63.836311,68.65336521739131,1
R04_sun,exp_coord,30,30.79018,44.786977,13.996796,0.130763,0.0,99.99989999999998,1
R04_sun,exp_coord,31,0.0,40.571179,74.615224,0.0,-34.263732,99.99989999999998,1
R04_sun,exp_coord,32,36.833141,36.833141,0.0,38.069473,38.069471,81.30605217391305,1
R04_sun,exp_coord,33,0.0,30.750399,55.889939,0.0,-25.294806,99.99989999999998,1
R04_sun,exp_coord,34,0.0,25.197287,55.545377,0.0,-30.445082,86.19937826086957,1
R04_sun,exp_coord,35,0.0,19.552742,0.052367,31.091275,49.873725,69.56323913043478,1
R04_sun,exp_coord,36,0.0,15.354055,7.412734,0.0,4.695754,94.05352173913045,0
R04_sun,exp_coord,37,0.0,10.109599,6.786871,0.0,-0.31185999999999997,96.18233043478261,0
R04_sun,exp_coord,38,0.0,5.217196,4.321311,0.0,-3.329854,95.83092173913043,0
R04_sun,exp_coord,39,0.0,1.977009,1.511614,0.0,-2.549831,93.96531739130435,0
R04_sun,exp_coord,40,0.0,0.072297,0.06156400000000001,0.0,-8.036592,92.54878260869566,0
R04_sun,exp_coord,41,0.0,0.0,0.0,0.0,-11.003150999999999,88.16353695652175,0
R04_sun,exp_coord,42,0.0,0.0,0.0,0.678798,-11.177227,82.16035869565218,0
R04_sun,exp_coord,43,0.0,0.0,0.0,1.979545,-10.707894999999999,76.06222173913044,0
R04_sun,exp_coord,44,0.0,0.0,0.0,1.154243,-9.52286,70.22013695652174,0
R04_sun,exp_coord,45,0.0,0.0,0.0,1.468567,-9.764699,65.0245847826087,0
R04_sun,exp_coord,46,0.0,0.0,0.0,1.156502,-9.979121,59.697108695652176,0
R04_sun,exp_coord,47,0.0,0.0,0.0,2.793789,-7.390836,54.252626086956525,0
R04_sun,exp_coord,48,0.0,0.0,0.0,1.717989,-5.161798,50.22027826086956,0
R04_sun,exp_today,1,0.0,0.0,0.0,0.0,-4.933247,40.0,0
R04_sun,exp_today,2,0.0,0.0,0.0,0.0,-4.437252,37.30848695652174,0
R04_sun,exp_today,3,0.0,0.0,0.0,0.0,-2.984695,34.887580434782606,0
R04_sun,exp_today,4,0.0,0.0,0.0,0.0,-3.316554,33.259173913043476,0
R04_sun,exp_today,5,0.0,0.0,0.0,0.1402,-2.851747,31.449702173913042,0
R04_sun,exp_today,6,0.0,0.0,0.0,0.032262,-3.114402,29.893828260869565,0
R04_sun,exp_today,7,0.0,0.0,0.0,0.1129,-3.245558,28.194652173913042,0
R04_sun,exp_today,8,0.0,0.0,0.0,0.344187,-3.020291,26.42391956521739,0
R04_sun,exp_today,9,0.0,0.013017,0.0,0.05265,-1.6446779999999999,24.77608913043478,0
R04_sun,exp_today,10,0.0,1.633509,0.0,0.077515,1.27072,23.878060869565214,0
R04_sun,exp_today,11,0.0,5.420167,0.0,0.0,5.420166,24.4822652173913,0
R04_sun,exp_today,12,0.0,10.091891,0.0,0.0,10.060165,27.143806521739126,0
R04_sun,exp_today,13,0.0,15.179446,0.0,0.0,15.179443,32.082071739130434,0
R04_sun,exp_today,14,0.0,20.385686,0.0,0.0,19.39505,39.53588043478261,0
R04_sun,exp_today,15,0.0,23.970019,9.897555,2.068917,15.587689000000001,49.00569565217391,1
R04_sun,exp_today,16,0.0,29.860074,62.500975,0.0,-33.346394,56.65996086956522,1
R04_sun,exp_today,17,0.0,34.703726,44.996304,0.0,-10.442496,38.46660434782609,1
R04_sun,exp_today,18,0.0,37.994566,38.715735,0.0,-1.1053819999999999,32.74924347826087,1
R04_sun,exp_today,19,0.0,41.779102,0.0,27.179341,68.621564,32.10346956521739,1
R04_sun,exp_today,20,0.0,46.468638,18.453708,5.471217,33.219582,65.79978913043479,1
R04_sun,exp_today,21,48.365962,48.365948,0.0,37.286019,36.427957,82.11211304347826,1
R04_sun,exp_today,22,36.921122,53.075649,16.154523,0.181397,0.0,99.99989999999998,1
R04_sun,exp_today,23,45.568302,52.543371,6.975069,0.0,0.0,99.99989999999998,1
R04_sun,exp_today,24,46.535929,52.493056,5.957128,0.32271,0.0,99.99989999999998,1
R04_sun,exp_today,25,0.0,56.244226,80.861576,0.0,-24.617347,99.99989999999998,1
R04_sun,exp_today,26,0.0,54.672591000000004,30.409435000000002,1.020071,25.283225,86.56898913043477,1
R04_sun,exp_today,27,1.771264,52.105801,48.266112,0.0,2.068424,98.98421956521739,1
R04_sun,exp_today,28,0.0,48.916439,106.370833,0.0,-57.454388,99.99989999999998,1
R04_sun,exp_today,29,47.851789,47.851786,0.0,63.83597,63.835963,68.65353043478261,1
R04_sun,exp_today,30,30.79025,44.786977,13.996726,0.130763,0.0,99.99989999999998,1
R04_sun,exp_today,31,0.0,40.571179,74.615226,0.0,-34.263735,99.99989999999998,1
R04_sun,exp_today,32,36.833141,36.833141,0.0,38.069475,38.069474,81.30605217391305,1
R04_sun,exp_today,33,0.0,30.750399,55.889976,0.0,-25.294844,99.99989999999998,1
R04_sun,exp_today,34,0.0,25.197287,55.734449,0.0,-30.634153,86.19935869565218,1
R04_sun,exp_today,35,0.0,19.552742,0.032972,31.365750000000002,50.167591,69.46086739130435,1
R04_sun,exp_today,36,0.0,15.354055,4.776433,0.0,7.332054,94.09546739130434,0
R04_sun,exp_today,37,0.0,10.109599,8.90935,0.0,-2.434445,97.51875434782609,0
R04_sun,exp_today,38,0.0,5.217196,4.872553,0.0,-3.88116,96.12507826086956,0
R04_sun,exp_today,39,0.0,1.977009,1.529365,0.0,-2.567586,93.98878260869566,0
R04_sun,exp_today,40,0.0,0.072297,0.06156300000000001,0.0,-8.036585,92.56352608695653,0
R04_sun,exp_today,41,0.0,0.0,0.0,0.0,-11.003148,88.17827826086956,0
R04_sun,exp_today,42,0.0,0.0,0.0,0.678797,-11.177209,82.17509999999999,0
R04_sun,exp_today,43,0.0,0.0,0.0,1.979516,-10.707897,76.07696304347826,0
R04_sun,exp_today,44,0.0,0.0,0.0,1.154244,-9.52285,70.23487173913044,0
R04_sun,exp_today,45,0.0,0.0,0.0,1.468567,-9.764675,65.03933043478261,0
R04_sun,exp_today,46,0.0,0.0,0.0,1.156502,-9.979101,59.71185,0
R04_sun,exp_today,47,0.0,0.0,0.0,2.793787,-7.390817,54.26737826086957,0
R04_sun,exp_today,48,0.0,0.0,0.0,1.7179929999999999,-5.161776,50.23505869565217,0
R04_sun,noexp_coord,1,0.0,0.0,0.003425,0.0,-4.936752,40.0,0
R04_sun,noexp_coord,2,0.0,0.0,0.003771,0.0,-4.441102,37.30657391304348,0
R04_sun,noexp_coord,3,0.0,0.0,0.004177,0.0,-2.988973,34.88355,0
R04_sun,noexp_coord,4,0.0,0.0,0.004894,0.0,-3.321459,33.252804347826086,0
R04_sun,noexp_coord,5,0.0,0.0,0.00576,0.1402,-2.857519,31.440645652173917,0
R04_sun,noexp_coord,6,0.0,0.0,0.006691,0.032259,-3.121104,29.88161739130435,0
R04_sun,noexp_coord,7,0.0,0.0,0.007859,0.112898,-3.253432,28.178778260869564,0
R04_sun,noexp_coord,8,0.0,0.0,0.00862,0.34418400000000005,-3.028931,26.403745652173917,0
R04_sun,noexp_coord,9,0.012528000000000001,0.013017,0.009563,0.05265,-1.666803,24.751195652173912,0
R04_sun,noexp_coord,10,1.623587,1.633509,0.018485,0.077515,-0.371309,23.841808695652173,0
R04_sun,noexp_coord,11,5.4048,5.420167,0.022985000000000002,0.0,-0.007491,23.639226086956523,0
R04_sun,noexp_coord,12,10.062834,10.091891,0.022,0.0,-0.024567,23.635139130434784,0
R04_sun,noexp_coord,13,14.896664,15.179446,0.022999000000000002,0.0,0.259867,23.621097826086956,0
R04_sun,noexp_coord,14,20.251168,20.385686,0.022,0.0,-0.878072,23.74862173913043,0
R04_sun,noexp_coord,15,23.56794,23.970019,0.0,9.12036,8.968741,23.263417391304348,1
R04_sun,noexp_coord,16,29.144001,29.860074,0.0,6.547171,6.5577499999999995,27.66194347826087,1
R04_sun,noexp_coord,17,33.647909999999996,34.703726,20.390234,0.0,-19.48433,30.882095652173913,1
R04_sun,noexp_coord,18,35.155421,37.994566,0.0,33.715803,36.170730999999996,20.2517,1
R04_sun,noexp_coord,19,39.827805,41.779102,0.0,26.632088,28.246497,38.013173913043474,1
R04_sun,noexp_coord,20,42.509892,46.468638,0.0,25.732815,29.425002,51.88350434782609,1
R04_sun,noexp_coord,21,44.334536,48.365948,0.0,63.064055,66.23741,66.33251304347826,1
R04_sun,noexp_coord,22,52.93172,53.075649,5.166488,0.053063,-5.150896,98.85810217391304,1
R04_sun,noexp_coord,23,51.134577,52.543371,54.627847,0.0,-53.21905,96.0478304347826,1
R04_sun,noexp_coord,24,41.080336,52.493056,0.0,12.412571,23.50258,67.01221956521739,1
R04_sun,noexp_coord,25,45.135649,56.244226,54.683227,0.0,-43.574653,78.55305869565218,1
R04_sun,noexp_coord,26,34.118485,54.672591000000004,43.258339,0.0,-22.704237,54.77929130434783,1
R04_sun,noexp_coord,27,27.584302,52.105801,0.0,27.238287,51.759792,42.38608695652174,1
R04_sun,noexp_coord,28,33.954494,48.916439,86.322749,0.0,-71.360801,67.80249347826086,1
R04_sun,noexp_coord,29,15.144151,47.851786,0.0,42.552477,75.26011,28.86896956521739,1
R04_sun,noexp_coord,30,27.613257,44.786977,0.000466,32.433624,49.476111,65.82511086956522,1
R04_sun,noexp_coord,31,30.781597,40.571179,33.31192,0.0,-23.742034,90.11793043478261,1
R04_sun,noexp_coord,32,17.556424,36.833141,0.000504,27.22711,46.503324,77.16458913043478,1
R04_sun,noexp_coord,33,30.728248999999998,30.750399,25.161815,0.0,-25.294944,99.9998391304348,1
R04_sun,noexp_coord,34,11.323053,25.197287,44.222714,0.0,-30.445473,86.19924347826087,1
R04_sun,noexp_coord,35,0.674702,19.552742,0.001007,21.499891,39.659015,69.5628804347826,1
R04_sun,noexp_coord,36,4.1338479999999995,15.354055,0.01499,0.0,7.959658,89.02239782608696,0
R04_sun,noexp_coord,37,3.852264,10.109599,0.013992000000000001,0.0,2.608771,92.75393695652174,0
R04_sun,noexp_coord,38,2.838762,5.217196,0.012431,0.0,-1.859715,93.83670217391305,0
R04_sun,noexp_coord,39,1.162557,1.977009,0.009487,0.0,-2.2102239999999997,92.69301086956521,0
R04_sun,noexp_coord,40,0.059566999999999995,0.072297,0.001997,0.0,-8.036584,91.44322391304347,0
R04_sun,noexp_coord,41,0.0,0.0,0.0,0.0,-11.003138,87.05798260869565,0
R04_sun,noexp_coord,42,0.0,0.0,8.3e-05,0.951291,-10.904806,81.0548,0
R04_sun,noexp_coord,43,0.0,0.0,8.8e-05,1.980973,-10.706526,75.10528260869566,0
R04_sun,noexp_coord,44,0.0,0.0,9.4e-05,1.154242,-9.522952,69.26394347826087,0
R04_sun,noexp_coord,45,0.0,0.0,0.000101,1.468555,-9.764782,64.06834782608696,0
R04_sun,noexp_coord,46,0.0,0.0,0.000143,1.156491,-9.979249,58.74080869565218,0
R04_sun,noexp_coord,47,0.0,0.0,0.000154,2.793787,-7.390976,53.29624347826088,0
R04_sun,noexp_coord,48,0.0,0.0,0.000167,1.717972,-5.161958,49.26382608695652,0
R04_sun,noexp_today,1,0.0,0.0,0.0,0.0,-4.9332460000000005,40.0,0
R04_sun,noexp_today,2,0.0,0.0,0.0,0.0,-4.43725,37.30848695652174,0
R04_sun,noexp_today,3,0.0,0.0,0.0,0.0,-2.984695,34.887580434782606,0
R04_sun,noexp_today,4,0.0,0.0,0.0,0.0,-3.316553,33.259173913043476,0
R04_sun,noexp_today,5,0.0,0.0,0.0,0.140199,-2.851748,31.449702173913042,0
R04_sun,noexp_today,6,0.0,0.0,0.0,0.032259,-3.114402,29.893828260869565,0
R04_sun,noexp_today,7,0.0,0.0,0.0,0.112896,-3.245559,28.19465,0
R04_sun,noexp_today,8,0.0,0.0,0.0,0.34418400000000005,-3.020291,26.42391956521739,0
R04_sun,noexp_today,9,0.0,0.013017,0.0,0.05265,-1.6446779999999999,24.77608913043478,0
R04_sun,noexp_today,10,0.0,1.633509,0.0,0.077515,1.27072,23.878060869565214,0
R04_sun,noexp_today,11,0.0,5.420167,0.0,0.0,5.420166,24.4822652173913,0
R04_sun,noexp_today,12,0.0,10.091891,0.0,0.0,10.06016,27.143806521739126,0
R04_sun,noexp_today,13,0.0,15.179446,0.0,0.0,15.179446,32.082071739130434,0
R04_sun,noexp_today,14,0.0,20.385686,0.0,0.0,19.395043,39.53587826086956,0
R04_sun,noexp_today,15,2.15617,23.970019,6.968584,0.190888,14.482458,49.00569130434783,1
R04_sun,noexp_today,16,6.967211,29.860074,54.661369,0.0,-32.473998,56.09745434782608,1
R04_sun,noexp_today,17,1.194667,34.703726,43.633807,0.0,-10.274667,38.38006304347826,1
R04_sun,noexp_today,18,1.620809,37.994566,53.130798,0.0,-17.14125,32.73960217391304,1
R04_sun,noexp_today,19,1.490876,41.779102,1.5044570000000002,7.392648,45.839539,23.378821739130434,1
R04_sun,noexp_today,20,18.067968,46.468638,8.83057,0.750111,20.053653,45.88812173913044,1
R04_sun,noexp_today,21,20.622992,48.365948,17.997222,1.310985,10.198669,55.735371739130436,1
R04_sun,noexp_today,22,24.213564,53.075649,0.0,22.401547,51.082232,60.74339347826086,1
R04_sun,noexp_today,23,42.388047,52.543371,30.072938999999998,0.0,-19.917617,85.82708913043477,1
R04_sun,noexp_today,24,33.475901,52.493056,1.396797,6.205966,23.503613,74.96029782608696,1
R04_sun,noexp_today,25,45.299461,56.244226,54.104413,0.0,-43.15964,86.5016456521739,1
R04_sun,noexp_today,26,24.975727,54.672591000000004,48.870141,0.0,-19.173276,62.95430217391305,1
R04_sun,noexp_today,27,14.926969,52.105801,0.091725,19.079121,56.16623,52.481723913043474,1
R04_sun,noexp_today,28,34.041625,48.916439,86.029503,0.0,-71.154685,80.06191086956522,1
R04_sun,noexp_today,29,2.891518,47.851786,0.0,30.289299,75.249559,41.2408347826087,1
R04_sun,noexp_today,30,29.791831,44.786977,0.000578,19.782262,34.646065,78.19178913043478,1
R04_sun,noexp_today,31,36.952877,40.571179,30.813192,0.0,-27.414583,95.20237608695652,1
R04_sun,noexp_today,32,18.103132,36.833141,0.000269,21.419762,40.149504,80.24534565217391,1
R04_sun,noexp_today,33,30.735338,30.750399,25.15457,0.0,-25.294784,99.96058260869565,1
R04_sun,noexp_today,34,12.143411,25.197287,43.569482,0.0,-30.612604,86.16007826086957,1
R04_sun,noexp_today,35,0.092237,19.552742,0.000511,21.206552,39.948638,69.43337608695653,1
R04_sun,noexp_today,36,1.372497,15.354055,0.003007,0.0,10.732976,89.03511739130434,0
R04_sun,noexp_today,37,5.398627,10.109599,0.007131,0.0,1.069226,94.12845217391303,0
R04_sun,noexp_today,38,3.977258,5.217196,0.007423,0.0,-2.993249,94.45522826086956,0
R04_sun,noexp_today,39,1.306129,1.977009,0.006074,0.0,-2.350393,92.75493260869565,0
R04_sun,noexp_today,40,0.060319,0.072297,0.0012439999999999999,0.0,-8.036586,91.43632173913043,0
R04_sun,noexp_today,41,0.0,0.0,0.0,0.0,-11.003147,87.05107826086956,0
R04_sun,noexp_today,42,0.0,0.0,0.0,0.951287,-10.904717999999999,81.04789782608695,0
R04_sun,noexp_today,43,0.0,0.0,0.0,1.980971,-10.706437,75.09843043478261,0
R04_sun,noexp_today,44,0.0,0.0,0.0,1.154242,-9.522849,69.2571347826087,0
R04_sun,noexp_today,45,0.0,0.0,0.0,1.468553,-9.764675,64.06159130434783,0
R04_sun,noexp_today,46,0.0,0.0,0.0,1.1564889999999999,-9.979101,58.73411739130434,0
R04_sun,noexp_today,47,0.0,0.0,0.0,2.793773,-7.390822,53.28965,0
R04_sun,noexp_today,48,0.0,0.0,0.0,1.717969,-5.161779,49.25732826086956,0
R05_day,exp_coord,1,0.0,0.0,0.0,0.0,-4.933271,40.0,0
R05_day,exp_coord,2,0.0,0.0,0.0,0.0,-4.4372679999999995,37.30847608695652,0
R05_day,exp_coord,3,0.0,0.0,0.0,0.0,-2.984724,34.887558695652174,0
R05_day,exp_coord,4,0.0,0.0,0.0,0.0,-3.31658,33.259130434782605,0
R05_day,exp_coord,5,0.0,0.0,0.0,16.703845,13.7119,31.44965652173913,1
R05_day,exp_coord,6,0.0,0.0,0.0,0.0,-3.146723,38.182826086956524,0
R05_day,exp_coord,7,0.0,0.0,0.0,0.0,-3.35856,36.46601956521739,0
R05_day,exp_coord,8,0.0,0.0,0.0,0.0,-3.364555,34.63363260869565,0
R05_day,exp_coord,9,0.0,0.013017,0.013024,0.0,-1.7104489999999999,32.79798043478261,0
R05_day,exp_coord,10,0.0,1.633509,1.633673,0.024487,-0.415861,31.86478043478261,0
R05_day,exp_coord,11,0.0,5.420167,5.420425,0.0,0.0,31.637895652173913,0
R05_day,exp_coord,12,0.0,10.091891,10.092149,0.0,-0.031727,31.637895652173913,0
R05_day,exp_coord,13,0.0,15.179446,15.179634,0.0,0.0,31.620584782608695,0
R05_day,exp_coord,14,0.0,20.385686,20.357039,0.0,-0.961857,31.620584782608695,0
R05_day,exp_coord,15,0.0,23.970019,23.67292,0.0,-0.256539,31.09423913043478,0
R05_day,exp_coord,16,0.0,29.860074,29.206565,0.0,-0.051970999999999934,30.9380652173913,0
R05_day,exp_coord,17,0.0,34.703726,33.591214,0.0,0.962595,30.87406739130435,0
R05_day,exp_coord,18,0.0,37.994566,0.0,20.034744,57.645102,31.338573913043476,1
R05_day,exp_coord,19,0.0,41.779102,40.672628,0.0,0.769564,59.644949999999994,0
R05_day,exp_coord,20,0.0,46.468638,42.774155,0.0,3.427921,60.0044652173913,0
R05_day,exp_coord,21,0.0,48.365948,42.907729,0.0,4.600169,61.67319347826087,0
R05_day,exp_coord,22,0.0,53.075649,98.660867,0.0,-45.766618,63.88528695652174,1
R05_day,exp_coord,23,0.0,52.543371,36.115382,0.0,16.427987,38.915617391304345,0
R05_day,exp_coord,24,0.0,52.493056,36.311838,0.0,15.858501,46.98251521739131,0
R05_day,exp_coord,25,0.0,56.244226,37.569344,0.0,18.674884,54.752160869565216,0
R05_day,exp_coord,26,0.0,54.672591000000004,37.172101,0.0,17.500488,63.922386956521734,0
R05_day,exp_coord,27,0.0,52.105801,36.576229,0.0,15.529577,72.51593043478262,0
R05_day,exp_coord,28,0.0,48.916439,36.451781,0.0,12.464666,80.14165652173912,0
R05_day,exp_coord,29,0.0,47.851786,36.207729,0.0,11.64406,86.26238260869565,0
R05_day,exp_coord,30,0.0,44.786977,36.648395,0.0,8.007814999999999,91.98016086956521,0
R05_day,exp_coord,31,0.0,40.571179,35.620144,0.0,4.731336,95.90522173913044,0
R05_day,exp_coord,32,0.0,36.833141,34.147536,0.0,2.685549,98.21652608695652,0
R05_day,exp_coord,33,0.0,30.750399,30.001668,0.0,0.593349,99.5352304347826,0
R05_day,exp_coord,34,0.0,25.197287,71.209843,0.0,-46.109509,99.81811521739131,1
R05_day,exp_coord,35,0.0,19.552742,1.6708560000000001,0.0,17.16397,74.65831304347826,0
R05_day,exp_coord,36,0.0,15.354055,1.607093,0.0,10.501391,83.04745869565217,0
R05_day,exp_coord,37,0.0,10.109599,1.546595,0.0,4.928422,88.02710217391304,0
R05_day,exp_coord,38,0.0,5.217196,1.347281,0.0,-0.3557760000000001,90.24893695652175,0
R05_day,exp_coord,39,0.0,1.977009,0.839974,0.0,-1.8781349999999999,89.84375217391303,0
R05_day,exp_coord,40,0.0,0.072297,0.06156400000000001,0.0,-8.036592,88.75703478260868,0
R05_day,exp_coord,41,0.0,0.0,0.0,0.0,-11.003153,84.37179130434784,0
R05_day,exp_coord,42,0.0,0.0,0.051912,1.2506300000000001,-10.657307,78.36862173913043,0
R05_day,exp_coord,43,0.0,0.0,0.0,1.9835669999999999,-10.703853,72.55413913043478,0
R05_day,exp_coord,44,0.0,0.0,0.0,1.154242,-9.52286,66.71426086956521,0
R05_day,exp_coord,45,0.0,0.0,0.0,1.468555,-9.7647,61.51871739130434,0
R05_day,exp_coord,46,0.0,0.0,0.0,1.156491,-9.979121,56.1912347826087,0
R05_day,exp_coord,47,0.0,0.0,0.0,2.793795,-7.390836,50.74674565217391,0
R05_day,exp_coord,48,0.0,0.0,0.0,1.717974,-5.161806,46.714400000000005,0
R05_day,exp_today,1,0.0,0.0,0.0,0.0,-4.933247,40.0,0
R05_day,exp_today,2,0.0,0.0,0.0,0.0,-4.437252,37.30848695652174,0
R05_day,exp_today,3,0.0,0.0,0.0,0.0,-2.984695,34.887580434782606,0
R05_day,exp_today,4,0.0,0.0,0.0,0.0,-3.316554,33.259173913043476,0
R05_day,exp_today,5,0.0,0.0,0.0,16.703846,13.711901000000001,31.449702173913042,1
R05_day,exp_today,6,0.0,0.0,0.0,0.0,-3.146665,38.18287608695652,0
R05_day,exp_today,7,0.0,0.0,0.0,0.0,-3.358459,36.46609130434783,0
R05_day,exp_today,8,0.0,0.0,0.0,0.0,-3.364482,34.633760869565215,0
R05_day,exp_today,9,0.0,0.013017,0.0,0.0,-1.697335,32.79813695652174,0
R05_day,exp_today,10,0.0,1.633509,0.0,0.024486,1.217684,31.871391304347828,0
R05_day,exp_today,11,0.0,5.420167,0.0,0.0,5.420161,32.446652173913044,0
R05_day,exp_today,12,0.0,10.091891,0.0,0.0,10.060164,35.10820434782609,0
R05_day,exp_today,13,0.0,15.179446,0.0,0.0,15.179439,40.04647391304348,0
R05_day,exp_today,14,0.0,20.385686,0.0,0.0,19.395038,47.5002652173913,0
R05_day,exp_today,15,0.0,23.970019,0.012882,0.0,23.403417,56.97008913043477,0
R05_day,exp_today,16,0.0,29.860074,5.315047,0.0,23.83951,68.43202391304348,0
R05_day,exp_today,17,0.0,34.703726,19.558046,0.0,14.99569,80.09984347826087,0
R05_day,exp_today,18,12.113502,37.994566,18.284951,14.200177,21.412072,87.4552152173913,1
R05_day,exp_today,19,0.0,41.779102,40.027927,0.0,1.414199,97.96952173913043,0
R05_day,exp_today,20,0.0,46.468638,44.232862,0.0,1.969098,98.64558695652174,0
R05_day,exp_today,21,0.0,48.365948,47.634273,0.0,-0.1264140000000001,99.59795652173912,0
R05_day,exp_today,22,0.0,53.075649,105.40111,0.0,-52.50686,99.48908260869565,1
R05_day,exp_today,23,0.0,52.543371,5.50801,0.0,47.035353,70.84202173913043,0
R05_day,exp_today,24,0.0,52.493056,44.207562,0.0,7.962718,93.93850652173914,0
R05_day,exp_today,25,0.0,56.244226,52.959359,0.0,3.284762,97.83095652173913,0
R05_day,exp_today,26,0.0,54.672591000000004,54.203086,0.0,0.469388,99.44391956521739,0
R05_day,exp_today,27,0.0,52.105801,51.548886,0.0,0.55685,99.67440869565218,0
R05_day,exp_today,28,0.0,48.916439,48.810372,0.0,0.106003,99.94784782608697,0
R05_day,exp_today,29,0.0,47.851786,47.851626,0.0,0.0,99.99989999999998,0
R05_day,exp_today,30,0.0,44.786977,44.78682,0.0,-0.130763,99.99989999999998,0
R05_day,exp_today,31,0.0,40.571179,40.425745,0.0,-0.07439799999999999,99.92855652173913,0
R05_day,exp_today,32,0.0,36.833141,36.588882,0.0,0.244092,99.88004130434781,0
R05_day,exp_today,33,0.0,30.750399,30.750223,0.0,-0.155272,99.99989999999998,0
R05_day,exp_today,34,0.0,25.197287,71.35868,0.0,-46.258392,99.9151847826087,1
R05_day,exp_today,35,0.0,19.552742,0.063375,0.0,18.771461,74.67418043478261,0
R05_day,exp_today,36,0.0,15.354055,0.122498,0.0,11.985982,83.85266304347827,0
R05_day,exp_today,37,0.0,10.109599,2.511337,0.0,3.963691,89.56130217391305,0
R05_day,exp_today,38,0.0,5.217196,3.232076,0.0,-2.240619,91.30938913043478,0
R05_day,exp_today,39,0.0,1.977009,1.083413,0.0,-2.121593,89.97866739130434,0
R05_day,exp_today,40,0.0,0.072297,0.06156300000000001,0.0,-8.03659,88.77241086956522,0
R05_day,exp_today,41,0.0,0.0,0.0,0.0,-11.003147,84.3871652173913,0
R05_day,exp_today,42,0.0,0.0,0.0,1.2505870000000001,-10.605421999999999,78.38398695652174,0
R05_day,exp_today,43,0.0,0.0,0.0,1.983574,-10.703836,72.5978152173913,0
R05_day,exp_today,44,0.0,0.0,0.0,1.1542530000000002,-9.52285,66.75793913043478,0
R05_day,exp_today,45,0.0,0.0,0.0,1.468567,-9.764674,61.56239130434783,0
R05_day,exp_today,46,0.0,0.0,0.0,1.1564969999999999,-9.979101,56.234915217391304,0
R05_day,exp_today,47,0.0,0.0,0.0,2.793781,-7.3908190000000005,50.79044565217391,0
R05_day,exp_today,48,0.0,0.0,0.0,1.717988,-5.161778,46.75811956521739,0
R05_day,noexp_coord,1,0.0,0.0,0.003425,0.0,-4.936752,40.0,0
R05_day,noexp_coord,2,0.0,0.0,0.003771,0.0,-4.441102,37.30657391304348,0
R05_day,noexp_coord,3,0.0,0.0,0.004177,0.0,-2.988973,34.88355,0
R05_day,noexp_coord,4,0.0,0.0,0.004894,0.0,-3.321459,33.252804347826086,0
R05_day,noexp_coord,5,0.0,0.0,0.0,16.702519,13.710575,31.440645652173917,1
R05_day,noexp_coord,6,0.0,0.0,0.0062959999999999995,0.0,-3.152977,38.1731652173913,0
R05_day,noexp_coord,7,0.0,0.0,0.007245,0.0,-3.3657340000000002,36.452932608695654,0
R05_day,noexp_coord,8,0.0,0.0,0.007991,0.0,-3.372495,34.61663043478261,0
R05_day,noexp_coord,9,0.012535000000000001,0.013017,0.008855,0.0,-1.718798,32.77664130434783,0
R05_day,noexp_coord,10,1.623056,1.633509,0.01799,0.024683,-0.42313500000000004,31.838876086956517,0
R05_day,noexp_coord,11,5.404242,5.420167,0.022982,0.0,-0.006988,31.608021739130436,0
R05_day,noexp_coord,12,10.074649,10.091891,0.021999,0.0,-0.036367,31.60420652173913,0
R05_day,noexp_coord,13,15.158033,15.179446,0.023,0.0,-0.001497,31.5843652173913,0
R05_day,noexp_coord,14,20.334945,20.385686,0.022,0.0,-0.9618439999999999,31.58355,0
R05_day,noexp_coord,15,23.650866,23.970019,0.022,0.0,-0.25651700000000005,31.05721304347826,0
R05_day,noexp_coord,16,29.184534,29.860074,0.022,0.0,-0.05193500000000001,30.901049999999998,0
R05_day,noexp_coord,17,33.661766,34.703726,0.0225,0.0,0.869544,30.837069565217394,0
R05_day,noexp_coord,18,35.997603,37.994566,0.0,36.605795,38.21855,31.255873913043473,1
R05_day,noexp_coord,19,40.123284,41.779102,0.021487,0.0,1.297441,50.022919565217386,0
R05_day,noexp_coord,20,41.759755,46.468638,0.0225,0.0,4.419822,50.64164782608695,0
R05_day,noexp_coord,21,41.743392,48.365948,0.022,0.0,5.74248,52.79745,0
R05_day,noexp_coord,22,43.030931,53.075649,56.829944,0.0,-46.966627,55.570473913043486,1
R05_day,noexp_coord,23,36.237162,52.543371,0.023,0.0,16.283214,29.946084782608693,0
R05_day,noexp_coord,24,35.826357,52.493056,0.0225,0.0,16.321489,37.94189782608696,0
R05_day,noexp_coord,25,36.510706,56.244226,0.023,0.0,19.710526,45.93888695652174,0
R05_day,noexp_coord,26,35.530793,54.672591000000004,0.022999000000000002,0.0,19.118803,55.617656521739136,0
R05_day,noexp_coord,27,34.619036,52.105801,0.023,0.0,17.46377,65.00585,0
R05_day,noexp_coord,28,34.274283,48.916439,0.023,0.0,14.619162000000001,73.58135869565217,0
R05_day,noexp_coord,29,33.72604,47.851786,0.023,0.0,14.102744,80.76004347826087,0
R05_day,noexp_coord,30,34.028301,44.786977,0.022487,0.0,10.60543,87.68512608695652,0
R05_day,noexp_coord,31,32.9534,40.571179,0.0225,0.0,7.375593,92.88574565217391,0
R05_day,noexp_coord,32,32.264394,36.833141,0.023,0.0,4.545719,96.49550217391305,0
R05_day,noexp_coord,33,28.968125999999998,30.750399,0.0225,0.0,1.6044,98.72763260869564,0
R05_day,noexp_coord,34,24.55226,25.197287,46.492617,0.0,-45.944579,99.5069804347826,1
R05_day,noexp_coord,35,1.666716,19.552742,0.012993000000000001,0.0,17.155129,74.4371847826087,0
R05_day,noexp_coord,36,1.578749,15.354055,0.011498,0.0,10.518252,82.82198260869565,0
R05_day,noexp_coord,37,1.521177,10.109599,0.0105,0.0,4.943348,87.80989565217392,0
R05_day,noexp_coord,38,1.322918,5.217196,0.009455,0.0,-0.3408589999999999,90.03906086956522,0
R05_day,noexp_coord,39,0.820054,1.977009,0.007492,0.0,-1.865697,89.64119130434783,0
R05_day,noexp_coord,40,0.059566999999999995,0.072297,0.001996,0.0,-8.036581,88.56058260869565,0
R05_day,noexp_coord,41,0.0,0.0,0.0,0.0,-11.003141,84.17534347826087,0
R05_day,noexp_coord,42,0.0,0.0,0.000247,1.250589,-10.605696,78.1721695652174,0
R05_day,noexp_coord,43,0.0,0.0,0.000261,1.9835660000000002,-10.704133,72.38582608695651,0
R05_day,noexp_coord,44,0.0,0.0,0.000279,1.154244,-9.523163,66.54579565217391,0
R05_day,noexp_coord,45,0.0,0.0,0.000297,1.468555,-9.765009,61.350078260869566,0
R05_day,noexp_coord,46,0.0,0.0,0.000354,1.156491,-9.979493,56.022421739130436,0
R05_day,noexp_coord,47,0.0,0.0,0.000492,2.793776,-7.391354,50.577723913043485,0
R05_day,noexp_coord,48,0.0,0.0,0.00061,1.71797,-5.162393,46.5451,0
R05_day,noexp_today,1,0.0,0.0,0.0,0.0,-4.9332460000000005,40.0,0
R05_day,noexp_today,2,0.0,0.0,0.0,0.0,-4.43725,37.30848695652174,0
R05_day,noexp_today,3,0.0,0.0,0.0,0.0,-2.984695,34.887580434782606,0
R05_day,noexp_today,4,0.0,0.0,0.0,0.0,-3.316553,33.259173913043476,0
R05_day,noexp_today,5,0.0,0.0,0.0,16.702948,13.711002,31.449702173913042,1
R05_day,noexp_today,6,0.0,0.0,0.0,0.0,-3.146665,38.182434782608695,0
R05_day,noexp_today,7,0.0,0.0,0.0,0.0,-3.358459,36.46564565217392,0
R05_day,noexp_today,8,0.0,0.0,0.0,0.0,-3.364482,34.633317391304345,0
R05_day,noexp_today,9,0.0,0.013017,0.0,0.0,-1.697335,32.797704347826084,0
R05_day,noexp_today,10,0.0,1.633509,0.0,0.024682,1.21788,31.870963043478262,0
R05_day,noexp_today,11,0.0,5.420167,0.0,0.0,5.420165,32.44632391304348,0
R05_day,noexp_today,12,0.0,10.091891,0.0,0.0,10.060156,35.10786521739131,0
R05_day,noexp_today,13,0.0,15.179446,0.0,0.0,15.179433,40.04614347826087,0
R05_day,noexp_today,14,0.0,20.385686,0.0,0.0,19.395017,47.49992608695652,0
R05_day,noexp_today,15,0.01257,23.970019,0.000255,0.0,23.40347,56.9697347826087,0
R05_day,noexp_today,16,5.310371,29.860074,0.004212,0.0,23.839981,68.43169565217391,0
R05_day,noexp_today,17,19.550445,34.703726,0.007883,0.0,14.995419,80.09972173913043,0
R05_day,noexp_today,18,30.732742000000002,37.994566,1.4403439999999998,0.438898,5.876164,87.45497173913044,1
R05_day,noexp_today,19,33.618819,41.779102,0.010773,0.0,7.812592,90.33458260869565,0
R05_day,noexp_today,20,42.690584,46.468638,0.0126,0.0,3.498752,94.15254130434782,0
R05_day,noexp_today,21,46.368667,48.365948,0.013764,0.0,1.125324,95.85604130434781,0
R05_day,noexp_today,22,50.959436,53.075649,52.656982,0.0,-50.72217,96.36183043478262,1
R05_day,noexp_today,23,6.5256620000000005,52.543371,0.005088,0.0,46.012609,68.68847608695653,0
R05_day,noexp_today,24,43.523879,52.493056,0.01157,0.0,8.63481,91.28271956521739,0
R05_day,noexp_today,25,51.925881000000004,56.244226,0.013624,0.0,4.304607,95.50517173913043,0
R05_day,noexp_today,26,52.994076,54.672591000000004,0.014241,0.0,1.664103,97.61893260869564,0
R05_day,noexp_today,27,49.804378,52.105801,0.01451,0.0,2.286784,98.43608043478261,0
R05_day,noexp_today,28,48.115457,48.916439,0.014818,0.0,0.785984,99.55899347826087,0
R05_day,noexp_today,29,47.723987,47.851786,0.015688999999999998,0.0,0.111919,99.94494347826087,0
R05_day,noexp_today,30,44.771986,44.786977,0.014805,0.0,-0.130763,99.99989999999998,0
R05_day,noexp_today,31,40.41114,40.571179,0.01461,0.0,-0.07439599999999999,99.92855652173913,0
R05_day,noexp_today,32,36.573601,36.833141,0.015264,0.0,0.244093,99.88004130434781,0
R05_day,noexp_today,33,30.735409999999998,30.750399,0.014795,0.0,-0.155272,99.99989999999998,0
R05_day,noexp_today,34,25.127247,25.197287,46.231034,0.0,-46.257986,99.9151847826087,1
R05_day,noexp_today,35,0.062866,19.552742,0.0005059999999999999,0.0,18.77146,74.67440217391305,0
R05_day,noexp_today,36,0.122,15.354055,0.0004959999999999999,0.0,11.985986,83.8528847826087,0
R05_day,noexp_today,37,2.506924,10.109599,0.004585,0.0,3.963519,89.56152608695652,0
R05_day,noexp_today,38,3.226419,5.217196,0.005685,0.0,-2.24065,91.30952173913045,0
R05_day,noexp_today,39,1.078588,1.977009,0.004827,0.0,-2.121593,89.97877826086956,0
R05_day,noexp_today,40,0.06032,0.072297,0.001242,0.0,-8.036589,88.77252608695652,0
R05_day,noexp_today,41,0.0,0.0,0.0,0.0,-11.003147,84.38727826086956,0
R05_day,noexp_today,42,0.0,0.0,0.0,1.250593,-10.605411,78.38410652173913,0
R05_day,noexp_today,43,0.0,0.0,0.0,1.983565,-10.703842,72.59792173913043,0
R05_day,noexp_today,44,0.0,0.0,0.0,1.154242,-9.522849,66.75804782608695,0
R05_day,noexp_today,45,0.0,0.0,0.0,1.468553,-9.764676,61.56250869565218,0
R05_day,noexp_today,46,0.0,0.0,0.0,1.1564969999999999,-9.9791,56.235026086956516,0
R05_day,noexp_today,47,0.0,0.0,0.0,2.793773,-7.390823,50.790563043478265,0
R05_day,noexp_today,48,0.0,0.0,0.0,1.717969,-5.16178,46.75823913043479,0
R06_sun,exp_coord,1,0.0,0.0,0.0,0.0,-4.933271,40.0,0
R06_sun,exp_coord,2,0.0,0.0,0.0,0.0,-4.4372679999999995,37.30847608695652,0
R06_sun,exp_coord,3,0.0,0.0,0.0,0.0,-2.984724,34.887558695652174,0
R06_sun,exp_coord,4,0.0,0.0,0.0,0.0,-3.31658,33.259130434782605,0
R06_sun,exp_coord,5,0.0,0.0,0.0,0.140201,-2.851785,31.44965652173913,0
R06_sun,exp_coord,6,0.0,0.0,0.0,0.032261,-3.114471,29.89376304347826,0
R06_sun,exp_coord,7,0.0,0.0,0.0,0.112901,-3.245636,28.19455217391304,0
R06_sun,exp_coord,8,0.0,0.0,0.0,0.344187,-3.020388,26.42378260869565,0
R06_sun,exp_coord,9,0.0,0.013017,0.013029,0.05265,-1.657869,24.775891304347827,0
R06_sun,exp_coord,10,0.0,1.633509,1.633642,0.077515,-0.362825,23.871378260869562,0
R06_sun,exp_coord,11,0.0,5.420167,5.420364,0.0,0.0,23.67343043478261,0
R06_sun,exp_coord,12,0.0,10.091891,10.080304,0.0,-0.019985,23.67343043478261,0
R06_sun,exp_coord,13,0.0,15.179446,14.918245,0.0,0.261366,23.661886956521737,0
R06_sun,exp_coord,14,0.0,20.385686,20.263721,0.0,-0.868546,23.790230434782607,0
R06_sun,exp_coord,15,0.0,23.970019,23.579967,0.0,-0.16357600000000003,23.309702173913042,0
R06_sun,exp_coord,16,0.0,29.860074,1.7865170000000001,9.309485,36.677558,23.19918043478261,1
R06_sun,exp_coord,17,34.113606,34.703726,0.0,81.601895,82.042097,41.20954130434783,1
R06_sun,exp_coord,18,36.306743,37.994566,0.0,34.057232,35.360849,81.49594347826088,1
R06_sun,exp_coord,19,0.0,41.779102,92.320019,0.0,-50.877793,98.8597304347826,1
R06_sun,exp_coord,20,0.0,46.468638,104.605077,0.0,-58.403001,71.10147608695652,1
R06_sun,exp_coord,21,0.0,48.365948,50.351539,0.658014,-2.18563,39.237558695652176,1
R06_sun,exp_coord,22,0.0,53.075649,38.80819,0.0,14.086061,38.045108695652175,0
R06_sun,exp_coord,23,0.0,52.543371,90.67304,0.0,-38.129667,44.95211086956522,1
R06_sun,exp_coord,24,0.0,52.493056,31.355859,0.0,20.814484,24.149071739130434,0
R06_sun,exp_coord,25,23.814901,56.244226,0.0,38.67973,71.10906,34.35232608695652,1
R06_sun,exp_coord,26,0.0,54.672591000000004,38.909305,0.0,15.76329,69.27011956521739,0
R06_sun,exp_coord,27,0.0,52.105801,38.331227,0.0,13.77458,77.01061739130435,0
R06_sun,exp_coord,28,0.0,48.916439,90.007766,0.0,-41.091319,83.77456086956522,1
R06_sun,exp_coord,29,0.0,47.851786,16.071386,2.404138,34.184533,61.355671739130436,1
R06_sun,exp_coord,30,2.203295,44.786977,6.383056,8.435709,44.505567,78.14182826086957,1
R06_sun,exp_coord,31,0.0,40.571179,40.571055,0.0,-0.219688,99.99609347826086,0
R06_sun,exp_coord,32,0.0,36.833141,105.203463,0.0,-68.370321,99.87623478260869,1
R06_sun,exp_coord,33,0.0,30.750399,0.037096000000000004,14.685181,45.243211,62.574282608695654,1
R06_sun,exp_coord,34,0.0,25.197287,10.722773,0.0,14.377552,84.79076304347826,0
R06_sun,exp_coord,35,0.0,19.552742,55.021934,0.0,-36.187119,91.84550869565217,1
R06_sun,exp_coord,36,0.0,15.354055,0.280325,0.0,11.828154,72.0877304347826,0
R06_sun,exp_coord,37,0.0,10.109599,0.254172,0.0,6.220841,77.71887173913044,0
R06_sun,exp_coord,38,0.0,5.217196,0.19054300000000002,0.0,0.8009569999999999,80.57536521739131,0
R06_sun,exp_coord,39,0.0,1.977009,0.088259,0.0,-1.126398,80.7382,0
R06_sun,exp_coord,40,0.0,0.072297,0.0,0.0,-7.975019,80.02062391304348,0
R06_sun,exp_coord,41,0.0,0.0,0.0,0.0,-11.003153,75.66561739130435,0
R06_sun,exp_coord,42,0.0,0.0,0.554049,1.250617,-11.159447,69.66244347826087,0
R06_sun,exp_coord,43,0.0,0.0,0.0,1.97905,-10.708388,63.57400434782608,0
R06_sun,exp_coord,44,0.0,0.0,0.0,1.15425,-9.522872,57.73165217391305,0
R06_sun,exp_coord,45,0.0,0.0,0.0,1.468564,-9.764691,52.536106521739136,0
R06_sun,exp_coord,46,0.0,0.0,0.0,1.156501,-9.979122,47.20861956521739,0
R06_sun,exp_coord,47,0.0,0.0,0.0,2.793792,-7.390833,41.764139130434785,0
R06_sun,exp_coord,48,0.0,0.0,0.0,1.717969,-5.161801,37.731797826086954,0
R06_sun,exp_today,1,0.0,0.0,0.0,0.0,-4.933247,40.0,0
R06_sun,exp_today,2,0.0,0.0,0.0,0.0,-4.437252,37.30848695652174,0
R06_sun,exp_today,3,0.0,0.0,0.0,0.0,-2.984695,34.887580434782606,0
R06_sun,exp_today,4,0.0,0.0,0.0,0.0,-3.316554,33.259173913043476,0
R06_sun,exp_today,5,0.0,0.0,0.0,0.1402,-2.851747,31.449702173913042,0
R06_sun,exp_today,6,0.0,0.0,0.0,0.032262,-3.114402,29.893828260869565,0
R06_sun,exp_today,7,0.0,0.0,0.0,0.1129,-3.245558,28.194652173913042,0
R06_sun,exp_today,8,0.0,0.0,0.0,0.344187,-3.020291,26.42391956521739,0
R06_sun,exp_today,9,0.0,0.013017,0.0,0.05265,-1.6446779999999999,24.77608913043478,0
R06_sun,exp_today,10,0.0,1.633509,0.0,0.077515,1.27072,23.878060869565214,0
R06_sun,exp_today,11,0.0,5.420167,0.0,0.0,5.420166,24.4822652173913,0
R06_sun,exp_today,12,0.0,10.091891,0.0,0.0,10.060165,27.143806521739126,0
R06_sun,exp_today,13,0.0,15.179446,0.0,0.0,15.179443,32.082071739130434,0
R06_sun,exp_today,14,0.0,20.385686,0.0,0.0,19.39505,39.53588043478261,0
R06_sun,exp_today,15,0.0,23.970019,0.0,0.0,23.416301,49.00569565217391,0
R06_sun,exp_today,16,0.0,29.860074,18.222578,1.600965,12.53297,60.47396956521739,1
R06_sun,exp_today,17,34.316631,34.703726,0.0,58.756042,58.993227,66.62822391304348,1
R06_sun,exp_today,18,36.833281,37.994566,0.888329,8.899727,8.788471,95.5965847826087,1
R06_sun,exp_today,19,0.0,41.779102,92.317515,0.0,-50.875291,99.91212826086957,1
R06_sun,exp_today,20,0.0,46.468638,99.547569,0.0,-53.345491,72.15523695652173,1
R06_sun,exp_today,21,0.0,48.365948,70.735177,0.069765,-23.157515,43.050621739130435,1
R06_sun,exp_today,22,0.0,53.075649,0.0,0.0,52.894232,30.416189130434784,0
R06_sun,exp_today,23,0.0,52.543371,89.691698,0.0,-37.148325,56.37977173913043,1
R06_sun,exp_today,24,0.0,52.493056,0.0,0.0,52.170344,36.11213043478261,0
R06_sun,exp_today,25,28.547554,56.244226,0.0,32.345476,60.04215,61.712539130434784,1
R06_sun,exp_today,26,0.0,54.672591000000004,42.914385,0.0,11.758123,91.1959760869565,0
R06_sun,exp_today,27,0.0,52.105801,48.59492,0.0,3.5107579999999996,96.96971956521739,0
R06_sun,exp_today,28,0.0,48.916439,93.867704,0.0,-44.951265,98.69365217391304,1
R06_sun,exp_today,29,0.0,47.851786,37.037558,0.0,10.81422,74.16882826086956,1
R06_sun,exp_today,30,3.807374,44.786977,5.823793,6.594191,41.619237,79.4772152173913,1
R06_sun,exp_today,31,0.0,40.571179,40.396390000000004,0.0,-0.04508099999999998,99.91416304347827,0
R06_sun,exp_today,32,0.0,36.833141,105.210977,0.0,-68.377812,99.88004130434781,1
R06_sun,exp_today,33,0.0,30.750399,0.0,18.984935,49.580034,62.57398695652173,1
R06_sun,exp_today,34,0.0,25.197287,3.500837,0.0,21.599481,86.92005434782608,0
R06_sun,exp_today,35,0.0,19.552742,60.025901,0.0,-41.191064,97.52105217391305,1
R06_sun,exp_today,36,0.0,15.354055,0.016395,0.0,12.092093,75.04775000000001,0
R06_sun,exp_today,37,0.0,10.109599,0.167674,0.0,6.307349,80.80849347826087,0
R06_sun,exp_today,38,0.0,5.217196,0.579427,0.0,0.4120899999999998,83.70745,0
R06_sun,exp_today,39,0.0,1.977009,0.155546,0.0,-1.1936809999999998,83.67932173913044,0
R06_sun,exp_today,40,0.0,0.072297,0.0,0.0,-7.975009,82.92871086956522,0
R06_sun,exp_today,41,0.0,0.0,0.0,0.0,-11.003147,78.57370652173913,0
R06_sun,exp_today,42,0.0,0.0,0.0,1.250588,-10.605421,72.57053913043478,0
R06_sun,exp_today,43,0.0,0.0,0.0,1.9790109999999999,-10.708399,66.78435869565217,0
R06_sun,exp_today,44,0.0,0.0,0.0,1.154247,-9.522849,60.94199999999999,0
R06_sun,exp_today,45,0.0,0.0,0.0,1.468553,-9.764679,55.74645,0
R06_sun,exp_today,46,0.0,0.0,0.0,1.156501,-9.979101,50.418976086956526,0
R06_sun,exp_today,47,0.0,0.0,0.0,2.793783,-7.3908190000000005,44.97450434782609,0
R06_sun,exp_today,48,0.0,0.0,0.0,1.717988,-5.161777,40.94217826086957,0
R06_sun,noexp_coord,1,0.0,0.0,0.003425,0.0,-4.936752,40.0,0
R06_sun,noexp_coord,2,0.0,0.0,0.003771,0.0,-4.441102,37.30657391304348,0
R06_sun,noexp_coord,3,0.0,0.0,0.004177,0.0,-2.988973,34.88355,0
R06_sun,noexp_coord,4,0.0,0.0,0.004894,0.0,-3.321459,33.252804347826086,0
R06_sun,noexp_coord,5,0.0,0.0,0.00576,0.1402,-2.857519,31.440645652173917,0
R06_sun,noexp_coord,6,0.0,0.0,0.006691,0.032259,-3.121104,29.88161739130435,0
R06_sun,noexp_coord,7,0.0,0.0,0.007859,0.112898,-3.253432,28.178778260869564,0
R06_sun,noexp_coord,8,0.0,0.0,0.00862,0.34418400000000005,-3.028931,26.403745652173917,0
R06_sun,noexp_coord,9,0.012528000000000001,0.013017,0.009563,0.05265,-1.666803,24.751195652173912,0
R06_sun,noexp_coord,10,1.623587,1.633509,0.018485,0.077515,-0.371309,23.841808695652173,0
R06_sun,noexp_coord,11,5.4048,5.420167,0.022985000000000002,0.0,-0.007491,23.639226086956523,0
R06_sun,noexp_coord,12,10.062834,10.091891,0.022,0.0,-0.024567,23.635139130434784,0
R06_sun,noexp_coord,13,14.896664,15.179446,0.022999000000000002,0.0,0.259867,23.621097826086956,0
R06_sun,noexp_coord,14,20.251168,20.385686,0.022,0.0,-0.878072,23.74862173913043,0
R06_sun,noexp_coord,15,23.566838,23.970019,0.022,0.0,-0.172476,23.263417391304348,0
R06_sun,noexp_coord,16,29.063316999999998,29.860074,0.0,18.895179,18.986441,23.148528260869565,1
R06_sun,noexp_coord,17,33.754986,34.703726,0.0,62.802643,63.60147,32.47173478260869,1
R06_sun,noexp_coord,18,37.403587,37.994566,0.0,68.956541,69.163303,63.702947826086955,1
R06_sun,noexp_coord,19,41.744817,41.779102,50.575237,0.0,-50.877834,97.66527826086957,1
R06_sun,noexp_coord,20,44.37019,46.468638,51.319018,0.0,-49.487127,69.90699782608695,1
R06_sun,noexp_coord,21,39.514021,48.365948,34.228855,0.09075,-26.14423,42.907465217391305,1
R06_sun,noexp_coord,22,39.033853,53.075649,0.0225,0.0,13.837892,28.643510869565215,0
R06_sun,noexp_coord,23,37.414121,52.543371,42.121031,0.0,-26.99178,35.428652173913044,1
R06_sun,noexp_coord,24,33.525937,52.493056,0.0225,0.0,18.621914,20.702295652173913,0
R06_sun,noexp_coord,25,34.764341,56.244226,0.0,33.807855,55.287745,29.828895652173916,1
R06_sun,noexp_coord,26,35.724802,54.672591000000004,0.023,0.0,18.924794,56.97770652173914,0
R06_sun,noexp_coord,27,34.87386,52.105801,0.023,0.0,17.208947,66.27064347826087,0
R06_sun,noexp_coord,28,34.782051,48.916439,53.77925,0.0,-39.644852,74.72101956521739,1
R06_sun,noexp_coord,29,22.591886,47.851786,11.772484,0.0,13.48741,53.09130217391305,1
R06_sun,noexp_coord,30,21.533469,44.786977,0.0,20.660777,43.783515,59.70883043478261,1
R06_sun,noexp_coord,31,25.232445,40.571179,0.022499,0.0,15.096547,81.20853043478262,0
R06_sun,noexp_coord,32,25.359842,36.833141,73.066762,0.0,-61.593463,88.60964130434783,1
R06_sun,noexp_coord,33,4.001149,30.750399,0.0,11.958664,38.55264,54.996595652173916,1
R06_sun,noexp_coord,34,6.164668,25.197287,0.018486,0.0,18.91718,73.9215304347826,0
R06_sun,noexp_coord,35,6.067287,19.552742,41.168079,0.0,-28.400536,83.20543695652174,1
R06_sun,noexp_coord,36,0.189284,15.354055,0.005485,0.0,11.913722,67.63395,0
R06_sun,noexp_coord,37,0.179967,10.109599,0.004491,0.0,6.290559,73.30710652173913,0
R06_sun,noexp_coord,38,0.13850600000000002,5.217196,0.0034869999999999996,0.0,0.8495139999999999,76.19782173913043,0
R06_sun,noexp_coord,39,0.06679399999999999,1.977009,0.002487,0.0,-1.107416,76.38449130434782,0
R06_sun,noexp_coord,40,0.0,0.072297,0.0,0.0,-7.975008,75.67624782608695,0
R06_sun,noexp_coord,41,0.0,0.0,0.0,0.0,-11.00314,71.32123913043478,0
R06_sun,noexp_coord,42,0.0,0.0,0.001746,1.2505920000000001,-10.607217,65.3180652173913,0
R06_sun,noexp_coord,43,0.0,0.0,0.001854,1.97907,-10.710245,59.53090217391305,0
R06_sun,noexp_coord,44,0.0,0.0,0.002036,1.154242,-9.524945,53.68753695652174,0
R06_sun,noexp_coord,45,0.0,0.0,0.00235,1.468594,-9.767049,48.49084347826087,0
R06_sun,noexp_coord,46,0.0,0.0,0.0028120000000000003,1.156491,-9.981977,43.16207173913043,0
R06_sun,noexp_coord,47,0.0,0.0,0.003132,2.7937779999999997,-7.394022,37.71602173913043,0
R06_sun,noexp_coord,48,0.0,0.0,0.003559,1.71797,-5.165338,33.68194347826087,0
R06_sun,noexp_today,1,0.0,0.0,0.0,0.0,-4.9332460000000005,40.0,0
R06_sun,noexp_today,2,0.0,0.0,0.0,0.0,-4.43725,37.30848695652174,0
R06_sun,noexp_today,3,0.0,0.0,0.0,0.0,-2.984695,34.887580434782606,0
R06_sun,noexp_today,4,0.0,0.0,0.0,0.0,-3.316553,33.259173913043476,0
R06_sun,noexp_today,5,0.0,0.0,0.0,0.140199,-2.851748,31.449702173913042,0
R06_sun,noexp_today,6,0.0,0.0,0.0,0.032259,-3.114402,29.893828260869565,0
R06_sun,noexp_today,7,0.0,0.0,0.0,0.112896,-3.245559,28.19465,0
R06_sun,noexp_today,8,0.0,0.0,0.0,0.34418400000000005,-3.020291,26.42391956521739,0
R06_sun,noexp_today,9,0.0,0.013017,0.0,0.05265,-1.6446779999999999,24.77608913043478,0
R06_sun,noexp_today,10,0.0,1.633509,0.0,0.077515,1.27072,23.878060869565214,0
R06_sun,noexp_today,11,0.0,5.420167,0.0,0.0,5.420166,24.4822652173913,0
R06_sun,noexp_today,12,0.0,10.091891,0.0,0.0,10.06016,27.143806521739126,0
R06_sun,noexp_today,13,0.0,15.179446,0.0,0.0,15.179446,32.082071739130434,0
R06_sun,noexp_today,14,0.0,20.385686,0.0,0.0,19.395043,39.53587826086956,0
R06_sun,noexp_today,15,0.0,23.970019,0.0,0.0,23.416311,49.00569130434783,0
R06_sun,noexp_today,16,9.951826,29.860074,9.736252,0.5126269999999999,9.979128,60.47397173913044,1
R06_sun,noexp_today,17,14.188818,34.703726,0.0,31.194186000000002,51.559174,65.36366304347825,1
R06_sun,noexp_today,18,31.813885,37.994566,8.2e-05,9.515669,15.312057,90.68156739130436,1
R06_sun,noexp_today,19,40.564636,41.779102,51.710939,0.0,-50.833352,98.2004804347826,1
R06_sun,noexp_today,20,23.474455,46.468638,66.680372,0.0,-43.952751,70.46646304347826,1
R06_sun,noexp_today,21,8.814278,48.365948,62.621084,0.070613,-23.85685,46.48642608695653,1
R06_sun,noexp_today,22,0.240579,53.075649,0.000258,0.0,52.653391,33.47043043478261,0
R06_sun,noexp_today,23,27.910111,52.543371,64.308799,0.0,-39.675534,59.31575,1
R06_sun,noexp_today,24,0.32559,52.493056,0.000257,0.0,51.844488,37.66929999999999,0
R06_sun,noexp_today,25,33.731252,56.244226,0.0,24.556093,47.069069,63.10970217391304,1
R06_sun,noexp_today,26,35.92818,54.672591000000004,0.009718,0.0,18.73469,86.22276086956522,0
R06_sun,noexp_today,27,47.47873,52.105801,0.013207,0.0,4.613715,95.4222804347826,0
R06_sun,noexp_today,28,47.025341,48.916439,46.212973,0.0,-44.321876,97.68781739130435,1
R06_sun,noexp_today,29,25.741892,47.851786,20.97767,0.0,1.132222,73.50637826086957,1
R06_sun,noexp_today,30,22.218842,44.786977,0.0,12.458121,34.895491,74.02062391304348,1
R06_sun,noexp_today,31,24.0707,40.571179,0.010685,0.0,16.270104,91.15590652173913,0
R06_sun,noexp_today,32,35.864257,36.833141,68.278666,0.0,-67.309765,99.13323695652174,1
R06_sun,noexp_today,33,0.239021,30.750399,0.0,10.931654,41.28776,62.409902173913046,1
R06_sun,noexp_today,34,2.781432,25.197287,0.0046630000000000005,0.0,22.314232,82.67789782608695,0
R06_sun,noexp_today,35,14.650515,19.552742,40.380915,0.0,-36.196602999999996,93.62987826086957,1
R06_sun,noexp_today,36,0.006325,15.354055,0.000257,0.0,12.101905,73.85907608695652,0
R06_sun,noexp_today,37,0.12128399999999999,10.109599,0.000748,0.0,6.352991,79.62464565217391,0
R06_sun,noexp_today,38,0.533914,5.217196,0.00158,0.0,0.4560219999999999,82.54601086956521,0
R06_sun,noexp_today,39,0.147626,1.977009,0.001514,0.0,-1.1872749999999999,82.53945217391305,0
R06_sun,noexp_today,40,0.0,0.072297,0.0,0.0,-7.975013,81.79199130434782,0
R06_sun,noexp_today,41,0.0,0.0,0.0,0.0,-11.003148,77.43698695652175,0
R06_sun,noexp_today,42,0.0,0.0,0.0,1.250599,-10.605407,71.43380652173914,0
R06_sun,noexp_today,43,0.0,0.0,0.0,1.979074,-10.708334,65.64763913043478,0
R06_sun,noexp_today,44,0.0,0.0,0.0,1.154242,-9.522849,59.80531521739131,0
R06_sun,noexp_today,45,0.0,0.0,0.0,1.468595,-9.764634,54.60976956521739,0
R06_sun,noexp_today,46,0.0,0.0,0.0,1.156493,-9.9791,49.282317391304346,0
R06_sun,noexp_today,47,0.0,0.0,0.0,2.793777,-7.39082,43.83784130434783,0
R06_sun,noexp_today,48,0.0,0.0,0.0,1.717979,-5.161777,39.8055152173913,0
R07_day,exp_coord,1,0.0,0.0,0.0,0.0,-4.933271,40.0,0
R07_day,exp_coord,2,0.0,0.0,0.0,0.0,-4.4372679999999995,37.30847608695652,0
R07_day,exp_coord,3,0.0,0.0,0.0,0.0,-2.984724,34.887558695652174,0
R07_day,exp_coord,4,0.0,0.0,0.0,0.0,-3.31658,33.259130434782605,0
R07_day,exp_coord,5,0.0,0.0,0.0,0.140201,-2.851785,31.44965652173913,0
R07_day,exp_coord,6,0.0,0.0,0.929187,0.932898,-3.14295,29.89376304347826,1
R07_day,exp_coord,7,0.0,0.0,0.0,0.082498,-3.276029,28.17900652173913,0
R07_day,exp_coord,8,0.0,0.0,0.0,40.898962,37.534487,26.391652173913045,1
R07_day,exp_coord,9,0.0,0.013017,0.013026,0.0,-1.7104920000000001,44.82279782608696,0
R07_day,exp_coord,10,0.0,1.633509,23.596163,0.0,-22.40296,43.88957173913043,1
R07_day,exp_coord,11,0.0,5.420167,5.420388,0.0,0.0,31.666810869565214,0
R07_day,exp_coord,12,0.0,10.091891,10.092035,0.0,-0.031726,31.666810869565214,0
R07_day,exp_coord,13,0.0,15.179446,20.584516,0.0,-5.40507,31.649499999999996,1
R07_day,exp_coord,14,0.0,20.385686,20.341031,0.0,-0.9458580000000001,28.70056739130435,0
R07_day,exp_coord,15,0.0,23.970019,23.66963,0.0,-0.25326000000000004,28.18207608695652,0
R07_day,exp_coord,16,0.0,29.860074,29.195523,0.0,-0.040926000000000004,28.0275152173913,0
R07_day,exp_coord,17,0.0,34.703726,23.430235,0.538124,11.661701,27.968939130434784,1
R07_day,exp_coord,18,0.0,37.994566,49.893389,0.0,-12.283036,33.69537391304348,1
R07_day,exp_coord,19,0.0,41.779102,37.142997,0.0,4.299217,26.993902173913042,0
R07_day,exp_coord,20,0.0,46.468638,37.679331,0.0,8.522747,29.08665,0
R07_day,exp_coord,21,0.0,48.365948,37.909742,0.0,9.598157,33.25716304347826,0
R07_day,exp_coord,22,0.0,53.075649,38.788607,0.0,14.105643,37.92350652173913,0
R07_day,exp_coord,23,0.0,52.543371,37.421578000000004,0.0,15.1218,44.84013695652174,0
R07_day,exp_coord,24,0.0,52.493056,37.647823,0.0,14.522516,52.265630434782615,0
R07_day,exp_coord,25,0.0,56.244226,38.990483,0.0,17.253749,59.37925434782609,0
R07_day,exp_coord,26,0.0,54.672591000000004,38.545907,0.0,16.126685,67.85163260869565,0
R07_day,exp_coord,27,0.0,52.105801,37.804520000000004,0.0,14.301286,75.77057173913045,0
R07_day,exp_coord,28,0.0,48.916439,43.009539000000004,0.0,5.906905,82.79315869565218,1
R07_day,exp_coord,29,0.0,47.851786,35.891489,0.0,11.960303,85.68840869565217,0
R07_day,exp_coord,30,0.0,44.786977,36.436238,0.0,8.219962,91.56147391304347,0
R07_day,exp_coord,31,0.0,40.571179,35.345258,0.0,5.006233,95.59071304347826,0
R07_day,exp_coord,32,0.0,36.833141,34.023022,0.0,2.810071,98.03699999999999,0
R07_day,exp_coord,33,0.0,30.750399,48.013702,0.0,-17.418582,99.41685869565218,1
R07_day,exp_coord,34,0.0,25.197287,13.648543,0.0,11.451783,89.91170217391304,0
R07_day,exp_coord,35,0.0,19.552742,13.403994,0.0,5.430842,95.52975652173913,0
R07_day,exp_coord,36,0.0,15.354055,12.810803,0.0,-0.7023339999999999,98.15738695652173,0
R07_day,exp_coord,37,0.0,10.109599,9.581899,0.0,-3.1069380000000004,97.63549347826086,0
R07_day,exp_coord,38,0.0,5.217196,4.939345,0.0,-3.947912,95.91156739130435,0
R07_day,exp_coord,39,0.0,1.977009,1.519869,0.0,-2.558096,93.74249782608696,0
R07_day,exp_coord,40,0.0,0.072297,20.298876,0.266091,-28.007864,92.32189782608695,1
R07_day,exp_coord,41,0.0,0.0,0.0,0.0,-11.003152,77.04116956521739,0
R07_day,exp_coord,42,0.0,0.0,0.5578230000000001,1.237012,-11.176828,71.03799782608695,0
R07_day,exp_coord,43,0.0,0.0,0.0,1.7309780000000001,-10.956457,64.94007173913043,0
R07_day,exp_coord,44,0.0,0.0,0.0,54.044929,43.367817,58.96238260869565,1
R07_day,exp_coord,45,0.0,0.0,0.0,0.0,-11.233261,80.25795434782609,0
R07_day,exp_coord,46,0.0,0.0,0.0,0.0,-11.135632,74.12921956521738,0
R07_day,exp_coord,47,0.0,0.0,0.0,0.740518,-9.444115,68.05378260869564,0
R07_day,exp_coord,48,0.0,0.0,27.85671,0.86854,-33.867892,62.90120217391305,1
R07_day,exp_today,1,0.0,0.0,0.0,0.0,-4.933247,40.0,0
R07_day,exp_today,2,0.0,0.0,0.0,0.0,-4.437252,37.30848695652174,0
R07_day,exp_today,3,0.0,0.0,0.0,0.0,-2.984695,34.887580434782606,0
R07_day,exp_today,4,0.0,0.0,0.0,0.0,-3.316554,33.259173913043476,0
R07_day,exp_today,5,0.0,0.0,0.0,0.1402,-2.851747,31.449702173913042,0
R07_day,exp_today,6,0.0,0.0,0.929188,0.932897,-3.142953,29.893828260869565,1
R07_day,exp_today,7,0.0,0.0,0.0,0.082498,-3.275956,28.179073913043478,0
R07_day,exp_today,8,0.0,0.0,0.0,40.898968,37.534498,26.39175869565217,1
R07_day,exp_today,9,0.0,0.013017,0.0,0.0,-1.697336,44.822908695652174,0
R07_day,exp_today,10,0.0,1.633509,23.596163,0.0,-22.40296,43.89615,1
R07_day,exp_today,11,0.0,5.420167,0.0,0.0,5.420166,31.67338695652174,0
R07_day,exp_today,12,0.0,10.091891,0.0,0.0,10.060159,34.33493260869565,0
R07_day,exp_today,13,0.0,15.179446,13.343844,0.0,1.835597,39.273199999999996,1
R07_day,exp_today,14,0.0,20.385686,0.0,0.0,19.395046999999998,40.12598043478261,0
R07_day,exp_today,15,0.0,23.970019,0.0,0.0,23.416321,49.59579565217391,0
R07_day,exp_today,16,0.0,29.860074,0.479257,0.0,28.675322,61.06407391304348,0
R07_day,exp_today,17,0.0,34.703726,20.285446,5.285532,19.553897,75.10648043478261,1
R07_day,exp_today,18,0.0,37.994566,48.766746,0.0,-11.156394,84.70833043478261,1
R07_day,exp_today,19,0.0,41.779102,17.064597,0.0,24.377623,78.62155434782608,0
R07_day,exp_today,20,0.0,46.468638,37.394273,0.0,8.80776,90.57366304347826,0
R07_day,exp_today,21,0.0,48.365948,45.485389,0.0,2.022393,94.88413913043479,0
R07_day,exp_today,22,0.0,53.075649,50.078749,0.0,2.8153770000000002,95.83042826086957,0
R07_day,exp_today,23,0.0,52.543371,49.775871,0.0,2.767389,97.20300869565217,0
R07_day,exp_today,24,0.0,52.493056,50.839049,0.0,1.3311600000000001,98.56192173913044,0
R07_day,exp_today,25,0.0,56.244226,55.189413,0.0,1.054678,99.19797608695652,0
R07_day,exp_today,26,0.0,54.672591000000004,54.094047,0.0,0.578419,99.71587173913044,0
R07_day,exp_today,27,0.0,52.105801,52.10566,0.0,0.0,99.99989999999998,0
R07_day,exp_today,28,0.0,48.916439,60.178142,0.0,-11.261695,99.99989999999998,1
R07_day,exp_today,29,0.0,47.851786,35.566658000000004,0.0,12.285127000000001,93.85566086956521,0
R07_day,exp_today,30,0.0,44.786977,44.559293,0.0,0.09676700000000002,99.88817391304347,0
R07_day,exp_today,31,0.0,40.571179,40.425746,0.0,-0.07439799999999999,99.92855652173913,0
R07_day,exp_today,32,0.0,36.833141,36.588874,0.0,0.244092,99.88004130434781,0
R07_day,exp_today,33,0.0,30.750399,48.728833,0.0,-18.133698,99.99989999999998,1
R07_day,exp_today,34,0.0,25.197287,7.667535,0.0,17.432797,90.10638043478261,0
R07_day,exp_today,35,0.0,19.552742,17.347682,0.0,1.4870409999999998,98.66133695652174,0
R07_day,exp_today,36,0.0,15.354055,14.731684,0.0,-2.623344,99.35237391304348,0
R07_day,exp_today,37,0.0,10.109599,10.01156,0.0,-3.536699,97.88716304347827,0
R07_day,exp_today,38,0.0,5.217196,4.993774,0.0,-4.002388,95.95224347826085,0
R07_day,exp_today,39,0.0,1.977009,1.5380770000000001,0.0,-2.5763,93.75641956521739,0
R07_day,exp_today,40,0.0,0.072297,20.302501,0.266091,-28.011497,92.32688260869566,1
R07_day,exp_today,41,0.0,0.0,0.0,0.0,-11.003147,77.04417608695651,0
R07_day,exp_today,42,0.0,0.0,0.0,1.237015,-10.618993999999999,71.04100217391304,0
R07_day,exp_today,43,0.0,0.0,0.0,1.730966,-10.956446,65.24741739130435,0
R07_day,exp_today,44,0.0,0.0,0.0,53.766136,43.089026000000004,59.26972391304348,1
R07_day,exp_today,45,0.0,0.0,0.0,0.0,-11.233246,80.42840652173913,0
R07_day,exp_today,46,0.0,0.0,0.0,0.0,-11.135608,74.29968043478262,0
R07_day,exp_today,47,0.0,0.0,0.0,0.740434,-9.444182,68.22423913043478,0
R07_day,exp_today,48,0.0,0.0,27.860899,0.868611,-33.872013,63.07162826086956,1
R07_day,noexp_coord,1,0.0,0.0,0.003425,0.0,-4.936752,40.0,0
R07_day,noexp_coord,2,0.0,0.0,0.003771,0.0,-4.441102,37.30657391304348,0
R07_day,noexp_coord,3,0.0,0.0,0.004177,0.0,-2.988973,34.88355,0
R07_day,noexp_coord,4,0.0,0.0,0.004894,0.0,-3.321459,33.252804347826086,0
R07_day,noexp_coord,5,0.0,0.0,0.00576,0.1402,-2.857519,31.440645652173917,0
R07_day,noexp_coord,6,0.0,0.0,0.928476,0.933512,-3.141627,29.88161739130435,1
R07_day,noexp_coord,7,0.0,0.0,0.007927,0.082499,-3.283912,28.16758695652174,0
R07_day,noexp_coord,8,0.0,0.0,0.0,40.897965,37.533483,26.37592391304348,1
R07_day,noexp_coord,9,0.012529,0.013017,0.00749,0.0,-1.717419,44.80657173913043,0
R07_day,noexp_coord,10,1.621549,1.633509,21.974684,0.0,-22.403032,43.869565217391305,1
R07_day,noexp_coord,11,5.404791,5.420167,0.022986,0.0,-0.007492,31.646767391304348,0
R07_day,noexp_coord,12,10.075,10.091891,0.022,0.0,-0.036789999999999996,31.64268260869565,0
R07_day,noexp_coord,13,15.156967999999999,15.179446,7.601003,0.0,-7.578518,31.622606521739133,1
R07_day,noexp_coord,14,20.311688,20.385686,0.022,0.0,-0.9386039999999999,27.487867391304345,0
R07_day,noexp_coord,15,23.640181,23.970019,0.022,0.0,-0.24582199999999996,26.972939130434785,0
R07_day,noexp_coord,16,29.161803,29.860074,0.022,0.0,-0.029213000000000003,26.822030434782608,0
R07_day,noexp_coord,17,33.583861999999996,34.703726,0.0,7.242335,8.212284,26.769204347826086,1
R07_day,noexp_coord,18,36.076556,37.994566,27.898098,0.0,-26.364302,30.801806521739135,1
R07_day,noexp_coord,19,37.799325,41.779102,0.021489,0.0,3.621394,16.41778695652174,0
R07_day,noexp_coord,20,38.561797,46.468638,0.0225,0.0,7.617779,18.17769347826087,0
R07_day,noexp_coord,21,38.737994,48.365948,0.022,0.0,8.747909,21.903826086956517,0
R07_day,noexp_coord,22,39.087352,53.075649,0.0225,0.0,13.784397,26.15265,0
R07_day,noexp_coord,23,37.04369,52.543371,0.023,0.0,15.476689,32.911523913043474,0
R07_day,noexp_coord,24,36.642744,52.493056,0.0225,0.0,15.505104,40.51128478260869,0
R07_day,noexp_coord,25,37.437392,56.244226,0.023,0.0,18.783842,48.10739782608696,0
R07_day,noexp_coord,26,36.398281,54.672591000000004,0.022999000000000002,0.0,18.251313,57.33112173913044,0
R07_day,noexp_coord,27,35.303733,52.105801,0.023,0.0,16.779069,66.29335217391305,0
R07_day,noexp_coord,28,35.134925,48.916439,16.43073,0.0,-2.649214,74.53262826086957,1
R07_day,noexp_coord,29,30.528658,47.851786,0.023,0.0,17.300129,73.05297173913044,0
R07_day,noexp_coord,30,30.852873,44.786977,0.022484,0.0,13.780855,81.54813260869565,0
R07_day,noexp_coord,31,29.816248,40.571179,0.0225,0.0,10.51274,88.30802391304347,0
R07_day,noexp_coord,32,29.55275,36.833141,0.023,0.0,7.2573739999999995,93.45828260869567,0
R07_day,noexp_coord,33,27.180227,30.750399,33.973497,0.0,-30.558615,97.02196086956522,1
R07_day,noexp_coord,34,8.527186,25.197287,0.020486,0.0,16.552665,80.33740652173913,0
R07_day,noexp_coord,35,8.355096,19.552742,0.019982,0.0,10.459762,88.46023260869565,0
R07_day,noexp_coord,36,8.047135,15.354055,0.018987,0.0,4.042371,93.5572956521739,0
R07_day,noexp_coord,37,7.363555,10.109599,0.016832,0.0,-0.9053870000000004,95.36523695652174,0
R07_day,noexp_coord,38,4.464945,5.217196,0.014198,0.0,-3.487736,94.72241086956521,0
R07_day,noexp_coord,39,1.4803060000000001,1.977009,0.008702,0.0,-2.527358,92.77929782608696,0
R07_day,noexp_coord,40,0.060056,0.072297,19.971579,0.26649300000000004,-27.740132,91.37376739130436,1
R07_day,noexp_coord,41,0.0,0.0,0.0,0.0,-11.003136999999999,76.2391152173913,0
R07_day,noexp_coord,42,0.0,0.0,0.001749,1.236987,-10.620799,70.23594347826088,0
R07_day,noexp_coord,43,0.0,0.0,0.001856,1.730823,-10.958473,64.44137173913043,0
R07_day,noexp_coord,44,0.0,0.0,0.0,54.205653,43.528547,58.46257173913044,1
R07_day,noexp_coord,45,0.0,0.0,0.0001,0.0,-11.23335,79.83706739130434,0
R07_day,noexp_coord,46,0.0,0.0,0.000143,0.0,-11.135762,73.70829130434782,0
R07_day,noexp_coord,47,0.0,0.0,0.000154,0.740579,-9.444196,67.63275652173914,0
R07_day,noexp_coord,48,0.0,0.0,27.843677,0.8666130000000001,-33.856822,62.48013260869565,1
R07_day,noexp_today,1,0.0,0.0,0.0,0.0,-4.9332460000000005,40.0,0
R07_day,noexp_today,2,0.0,0.0,0.0,0.0,-4.43725,37.30848695652174,0
R07_day,noexp_today,3,0.0,0.0,0.0,0.0,-2.984695,34.887580434782606,0
R07_day,noexp_today,4,0.0,0.0,0.0,0.0,-3.316553,33.259173913043476,0
R07_day,noexp_today,5,0.0,0.0,0.0,0.140199,-2.851748,31.449702173913042,0
R07_day,noexp_today,6,0.0,0.0,0.929012,0.932986,-3.142686,29.893828260869565,1
R07_day,noexp_today,7,0.0,0.0,0.0,0.082499,-3.275957,28.17923043478261,0
R07_day,noexp_today,8,0.0,0.0,0.0,40.899015,37.53454,26.3919,1
R07_day,noexp_today,9,0.0,0.013017,0.0,0.0,-1.697336,44.8230652173913,0
R07_day,noexp_today,10,0.0,1.633509,23.596214,0.0,-22.403008,43.89631956521739,1
R07_day,noexp_today,11,0.0,5.420167,0.0,0.0,5.420166,31.673521739130432,0
R07_day,noexp_today,12,0.0,10.091891,0.0,0.0,10.060165,34.33507391304348,0
R07_day,noexp_today,13,0.015195,15.179446,13.341021,0.0,1.823229,39.27334782608696,1
R07_day,noexp_today,14,0.0,20.385686,0.0,0.0,19.395025,40.12004565217392,0
R07_day,noexp_today,15,0.0,23.970019,0.0,0.0,23.41632,49.589852173913044,0
R07_day,noexp_today,16,0.478797,29.860074,0.000505,0.0,28.675249,61.05813043478261,0
R07_day,noexp_today,17,19.908197,34.703726,0.000677,1.615211,16.260148,75.1005195652174,1
R07_day,noexp_today,18,27.464077,37.994566,69.183611,0.0,-59.037334,83.08336304347826,1
R07_day,noexp_today,19,0.0,41.779102,0.0,0.0,41.4422,50.87336739130435,0
R07_day,noexp_today,20,20.307831,46.468638,0.005998,0.0,25.888237,71.205,0
R07_day,noexp_today,21,36.390227,48.365948,0.010534,0.0,11.10704,83.90273695652174,0
R07_day,noexp_today,22,47.677021,53.075649,0.011951,0.0,5.2051680000000005,89.30997608695652,0
R07_day,noexp_today,23,47.938917000000004,52.543371,0.012733,0.0,4.591579,91.85605652173912,0
R07_day,noexp_today,24,49.130294,52.493056,0.013455,0.0,3.026449,94.11072826086956,0
R07_day,noexp_today,25,53.144445,56.244226,0.013912,0.0,3.085753,95.57924782608696,0
R07_day,noexp_today,26,52.781455,54.672591000000004,0.014127,0.0,1.876877,97.09449347826087,0
R07_day,noexp_today,27,49.653376,52.105801,0.014077,0.0,2.438174,98.01612608695652,0
R07_day,noexp_today,28,48.115877,48.916439,11.58259,0.0,-10.78203,99.21337826086956,1
R07_day,noexp_today,29,35.054974,47.851786,0.011244,0.0,12.785561,93.33084347826086,0
R07_day,noexp_today,30,44.210524,44.786977,0.014346,0.0,0.43116499999999996,99.6091,0
R07_day,noexp_today,31,40.177019,40.571179,0.014754,0.0,0.159537,99.81368695652174,0
R07_day,noexp_today,32,36.573601,36.833141,0.015264,0.0,0.244093,99.88004130434781,0
R07_day,noexp_today,33,30.735423,30.750399,33.048187,0.0,-33.188503,99.99989999999998,1
R07_day,noexp_today,34,0.147954,25.197287,0.000762,0.0,24.951608,81.89268913043477,0
R07_day,noexp_today,35,11.548411999999999,19.552742,0.007898,0.0,7.278506,94.1397652173913,0
R07_day,noexp_today,36,12.552344999999999,15.354055,0.010395999999999999,0.0,-0.4543609999999999,97.67465652173912,0
R07_day,noexp_today,37,9.605092,10.109599,0.011712,0.0,-3.1419110000000003,97.27451304347827,0
R07_day,noexp_today,38,4.862684,5.217196,0.00987,0.0,-3.881161,95.53344565217392,0
R07_day,noexp_today,39,1.521319,1.977009,0.008049,0.0,-2.567585,93.39714782608695,0
R07_day,noexp_today,40,0.060327,0.072297,19.991838,0.266109,-27.761111,91.97188913043477,1
R07_day,noexp_today,41,0.0,0.0,0.0,0.0,-11.003147,76.82578695652174,0
R07_day,noexp_today,42,0.0,0.0,0.0,1.237016,-10.61899,70.82261086956521,0
R07_day,noexp_today,43,0.0,0.0,0.0,1.730979,-10.956432,65.02901739130435,0
R07_day,noexp_today,44,0.0,0.0,0.0,53.944838,43.26773,59.05134347826086,1
R07_day,noexp_today,45,0.0,0.0,0.0,0.0,-11.233241,80.29777173913043,0
R07_day,noexp_today,46,0.0,0.0,0.0,0.0,-11.135608,74.16906086956521,0
R07_day,noexp_today,47,0.0,0.0,0.0,0.740462,-9.444154,68.09361739130433,0
R07_day,noexp_today,48,0.0,0.0,27.853068,0.8666400000000001,-33.866185,62.941019565217395,1
R08_sun,exp_coord,1,0.0,0.0,0.0,0.0,-4.933271,40.0,0
R08_sun,exp_coord,2,0.0,0.0,0.0,0.0,-4.4372679999999995,37.30847608695652,0
R08_sun,exp_coord,3,0.0,0.0,0.0,0.0,-2.984724,34.887558695652174,0
R08_sun,exp_coord,4,0.0,0.0,0.0,0.0,-3.31658,33.259130434782605,0
R08_sun,exp_coord,5,0.0,0.0,0.0,0.140201,-2.851785,31.44965652173913,0
R08_sun,exp_coord,6,0.0,0.0,0.0,0.032261,-3.114471,29.89376304347826,0
R08_sun,exp_coord,7,0.0,0.0,0.0,0.112901,-3.245636,28.19455217391304,0
R08_sun,exp_coord,8,0.0,0.0,0.0,0.344187,-3.020388,26.42378260869565,0
R08_sun,exp_coord,9,0.0,0.013017,0.013029,0.05265,-1.657869,24.775891304347827,0
R08_sun,exp_coord,10,0.0,1.633509,1.633642,0.077515,-0.362825,23.871378260869562,0
R08_sun,exp_coord,11,0.0,5.420167,5.420364,0.0,0.0,23.67343043478261,0
R08_sun,exp_coord,12,0.0,10.091891,10.080304,0.0,-0.019985,23.67343043478261,0
R08_sun,exp_coord,13,0.0,15.179446,14.918245,0.0,0.261366,23.661886956521737,0
R08_sun,exp_coord,14,0.0,20.385686,20.263721,0.0,-0.868546,23.790230434782607,0
R08_sun,exp_coord,15,0.0,23.970019,16.414548,0.9140579999999999,7.915835,23.309702173913042,1
R08_sun,exp_coord,16,0.0,29.860074,29.116184,0.0,0.03840600000000002,27.196747826086952,0
R08_sun,exp_coord,17,13.202356,34.703726,0.0,49.312238,70.66369,27.177134782608693,1
R08_sun,exp_coord,18,0.0,37.994566,8.189189,5.629005,35.050176,61.876215217391305,1
R08_sun,exp_coord,19,0.0,41.779102,41.583999,0.0,-0.141783,79.0874543478261,0
R08_sun,exp_coord,20,0.0,46.468638,45.433539,0.0,0.768533,78.99945869565217,0
R08_sun,exp_coord,21,0.0,48.365948,62.653466,0.0,-15.145569,79.36231304347827,1
R08_sun,exp_coord,22,0.0,53.075649,63.303359,0.0,-10.409112,71.09907173913044,1
R08_sun,exp_coord,23,0.0,52.543371,98.525962,0.0,-45.982587,65.42001086956522,1
R08_sun,exp_coord,24,0.0,52.493056,34.767826,0.0,17.402517,40.33250434782609,0
R08_sun,exp_coord,25,0.0,56.244226,50.905046,0.0,5.339186,48.860336956521735,1
R08_sun,exp_coord,26,0.0,54.672591000000004,33.426363,0.578267,21.824496,51.47848478260869,1
R08_sun,exp_coord,27,0.0,52.105801,32.970686,0.0,19.135113,62.1953152173913,0
R08_sun,exp_coord,28,0.0,48.916439,33.16957,0.0,15.746868000000001,71.59152608695652,0
R08_sun,exp_coord,29,0.0,47.851786,15.803837,5.868863,37.916811,79.32395652173913,1
R08_sun,exp_coord,30,9.540454,44.786977,31.195232,0.268608,4.189132,97.94283695652175,1
R08_sun,exp_coord,31,0.0,40.571179,64.683616,0.0,-24.33213,99.99989999999998,1
R08_sun,exp_coord,32,0.0,36.833141,50.01208,0.0,-13.178934,86.72460869565218,1
R08_sun,exp_coord,33,0.0,30.750399,12.857746,0.0,17.73738,79.52107826086956,0
R08_sun,exp_coord,34,12.90905,25.197287,0.009425,11.802534,23.984389,88.22247826086958,1
R08_sun,exp_coord,35,15.024481,19.552742,4.528258,0.7179070000000001,0.0,99.99989999999998,1
R08_sun,exp_coord,36,0.0,15.354055,15.353898,0.0,-3.245565,99.99989999999998,0
R08_sun,exp_coord,37,0.0,10.109599,10.067738,0.0,-3.592853,98.22916086956522,0
R08_sun,exp_coord,38,0.0,5.217196,5.011545,0.0,-4.020148,96.26666739130434,0
R08_sun,exp_coord,39,0.0,1.977009,1.520327,0.0,-2.558545,94.06212173913042,0
R08_sun,exp_coord,40,0.0,0.072297,0.06156400000000001,0.0,-8.036593,92.6413043478261,0
R08_sun,exp_coord,41,0.0,0.0,0.0,0.0,-11.003150999999999,88.25606086956522,0
R08_sun,exp_coord,42,0.0,0.0,0.0,0.678798,-11.177221,82.25288260869566,0
R08_sun,exp_coord,43,0.0,0.0,0.0,1.979023,-10.708419,76.15474130434782,0
R08_sun,exp_coord,44,0.0,0.0,0.0,1.154252,-9.522874,70.31237391304347,0
R08_sun,exp_coord,45,0.0,0.0,0.0,1.468565,-9.764694,65.11682173913044,0
R08_sun,exp_coord,46,0.0,0.0,0.0,1.156503,-9.979122,59.78934347826087,0
R08_sun,exp_coord,47,0.0,0.0,0.0,2.793794,-7.39084,54.344863043478256,0
R08_sun,exp_coord,48,0.0,0.0,0.0,1.717968,-5.161797,50.312510869565216,0
R08_sun,exp_today,1,0.0,0.0,0.0,0.0,-4.933247,40.0,0
R08_sun,exp_today,2,0.0,0.0,0.0,0.0,-4.437252,37.30848695652174,0
R08_sun,exp_today,3,0.0,0.0,0.0,0.0,-2.984695,34.887580434782606,0
R08_sun,exp_today,4,0.0,0.0,0.0,0.0,-3.316554,33.259173913043476,0
R08_sun,exp_today,5,0.0,0.0,0.0,0.1402,-2.851747,31.449702173913042,0
R08_sun,exp_today,6,0.0,0.0,0.0,0.032262,-3.114402,29.893828260869565,0
R08_sun,exp_today,7,0.0,0.0,0.0,0.1129,-3.245558,28.194652173913042,0
R08_sun,exp_today,8,0.0,0.0,0.0,0.344187,-3.020291,26.42391956521739,0
R08_sun,exp_today,9,0.0,0.013017,0.0,0.05265,-1.6446779999999999,24.77608913043478,0
R08_sun,exp_today,10,0.0,1.633509,0.0,0.077515,1.27072,23.878060869565214,0
R08_sun,exp_today,11,0.0,5.420167,0.0,0.0,5.420166,24.4822652173913,0
R08_sun,exp_today,12,0.0,10.091891,0.0,0.0,10.060165,27.143806521739126,0
R08_sun,exp_today,13,0.0,15.179446,0.0,0.0,15.179443,32.082071739130434,0
R08_sun,exp_today,14,0.0,20.385686,0.0,0.0,19.39505,39.53588043478261,0
R08_sun,exp_today,15,0.0,23.970019,44.034019,0.0,-20.617696,49.00569565217391,1
R08_sun,exp_today,16,0.0,29.860074,0.0,0.0,29.154577,37.756949999999996,0
R08_sun,exp_today,17,17.712198,34.703726,0.0,50.758509,67.600121,52.03469565217391,1
R08_sun,exp_today,18,0.078963,37.994566,22.79082,13.094183000000001,27.834763,85.22942608695652,1
R08_sun,exp_today,19,0.0,41.779102,40.324456,0.0,1.1176789999999999,98.89757173913043,0
R08_sun,exp_today,20,0.0,46.468638,45.370122,0.0,0.8318359999999999,99.42803260869564,0
R08_sun,exp_today,21,0.0,48.365948,64.305143,0.0,-16.797245,99.82195434782608,1
R08_sun,exp_today,22,0.0,53.075649,63.587013,0.0,-10.692762,90.65760217391305,1
R08_sun,exp_today,23,0.0,52.543371,98.592408,0.0,-46.049036,84.82375217391305,1
R08_sun,exp_today,24,0.0,52.493056,0.021096,0.0,52.14921,59.700013043478265,0
R08_sun,exp_today,25,6.777754,56.244226,27.40492,6.851871,28.913427,85.29004347826088,1
R08_sun,exp_today,26,0.0,54.672591000000004,97.838917,0.0,-43.166333,99.48785869565218,1
R08_sun,exp_today,27,0.0,52.105801,10.858826,0.0,41.246972,75.93687391304348,0
R08_sun,exp_today,28,0.0,48.916439,42.415645,0.0,6.500729,96.19097391304348,0
R08_sun,exp_today,29,13.459505,47.851786,33.487112,0.350917,1.256078,99.38311086956521,1
R08_sun,exp_today,30,10.638045,44.786977,34.148925999999996,0.130763,0.0,99.99989999999998,1
R08_sun,exp_today,31,0.0,40.571179,64.683557,0.0,-24.332064,99.99989999999998,1
R08_sun,exp_today,32,0.0,36.833141,50.564603,0.0,-13.73146,86.72464347826086,1
R08_sun,exp_today,33,0.0,30.750399,0.281156,0.0,30.313961,79.2216695652174,0
R08_sun,exp_today,34,14.477605,25.197287,5.679435,7.074273,12.017562999999999,94.09873043478261,1
R08_sun,exp_today,35,15.024524,19.552742,4.528223,0.7179070000000001,0.0,99.99989999999998,1
R08_sun,exp_today,36,0.0,15.354055,15.353885,0.0,-3.245565,99.99989999999998,0
R08_sun,exp_today,37,0.0,10.109599,10.06771,0.0,-3.592853,98.22916086956522,0
R08_sun,exp_today,38,0.0,5.217196,4.99377,0.0,-4.002387,96.26666739130434,0
R08_sun,exp_today,39,0.0,1.977009,1.538074,0.0,-2.576301,94.07084347826087,0
R08_sun,exp_today,40,0.0,0.072297,0.06156300000000001,0.0,-8.036585,92.6413043478261,0
R08_sun,exp_today,41,0.0,0.0,0.0,0.0,-11.003148,88.25605652173913,0
R08_sun,exp_today,42,0.0,0.0,0.0,0.678797,-11.177209,82.25287826086955,0
R08_sun,exp_today,43,0.0,0.0,0.0,1.979022,-10.708392,76.15474347826087,0
R08_sun,exp_today,44,0.0,0.0,0.0,1.1542540000000001,-9.522848,70.31238260869566,0
R08_sun,exp_today,45,0.0,0.0,0.0,1.468565,-9.764677,65.1168347826087,0
R08_sun,exp_today,46,0.0,0.0,0.0,1.156504,-9.979101,59.789360869565215,0
R08_sun,exp_today,47,0.0,0.0,0.0,2.793792,-7.390817,54.34489130434783,0
R08_sun,exp_today,48,0.0,0.0,0.0,1.717967,-5.161781,50.312567391304356,0
R08_sun,noexp_coord,1,0.0,0.0,0.003425,0.0,-4.936752,40.0,0
R08_sun,noexp_coord,2,0.0,0.0,0.003771,0.0,-4.441102,37.30657391304348,0
R08_sun,noexp_coord,3,0.0,0.0,0.004177,0.0,-2.988973,34.88355,0
R08_sun,noexp_coord,4,0.0,0.0,0.004894,0.0,-3.321459,33.252804347826086,0
R08_sun,noexp_coord,5,0.0,0.0,0.00576,0.1402,-2.857519,31.440645652173917,0
R08_sun,noexp_coord,6,0.0,0.0,0.006691,0.032259,-3.121104,29.88161739130435,0
R08_sun,noexp_coord,7,0.0,0.0,0.007859,0.112898,-3.253432,28.178778260869564,0
R08_sun,noexp_coord,8,0.0,0.0,0.00862,0.34418400000000005,-3.028931,26.403745652173917,0
R08_sun,noexp_coord,9,0.012528000000000001,0.013017,0.009563,0.05265,-1.666803,24.751195652173912,0
R08_sun,noexp_coord,10,1.623587,1.633509,0.018485,0.077515,-0.371309,23.841808695652173,0
R08_sun,noexp_coord,11,5.4048,5.420167,0.022985000000000002,0.0,-0.007491,23.639226086956523,0
R08_sun,noexp_coord,12,10.062834,10.091891,0.022,0.0,-0.024567,23.635139130434784,0
R08_sun,noexp_coord,13,14.896664,15.179446,0.022999000000000002,0.0,0.259867,23.621097826086956,0
R08_sun,noexp_coord,14,20.251168,20.385686,0.022,0.0,-0.878072,23.74862173913043,0
R08_sun,noexp_coord,15,23.56794,23.970019,0.054855,4.313289,4.106813,23.263417391304348,1
R08_sun,noexp_coord,16,29.068237,29.860074,0.022,0.0,0.06435200000000005,25.28004130434783,0
R08_sun,noexp_coord,17,33.474481,34.703726,0.0,53.940005,55.019333,25.273165217391302,1
R08_sun,noexp_coord,18,37.093268,37.994566,0.0,22.987056,23.50414,52.29016956521739,1
R08_sun,noexp_coord,19,41.011029,41.779102,0.021471,0.0,0.409691,63.83176739130435,0
R08_sun,noexp_coord,20,43.478721,46.468638,0.0225,0.0,2.700856,64.01457173913043,0
R08_sun,noexp_coord,21,43.685718,48.365948,17.352968,0.0,-13.530789,65.32627391304348,1
R08_sun,noexp_coord,22,43.07326,53.075649,11.022502,0.0,-1.2015179999999999,57.944065217391305,1
R08_sun,noexp_coord,23,40.380499,52.543371,84.813795,0.0,-72.650927,57.243373913043484,1
R08_sun,noexp_coord,24,33.158109,52.493056,0.021999,0.0,18.990233,17.605978260869566,0
R08_sun,noexp_coord,25,34.38905,56.244226,14.416819,0.0,7.438333,26.913441304347828,1
R08_sun,noexp_coord,26,30.912372,54.672591000000004,32.747289,0.0,-8.987075,30.562284782608696,1
R08_sun,noexp_coord,27,26.28956,52.105801,0.022494,0.0,25.793749,25.617421739130435,0
R08_sun,noexp_coord,28,25.000731000000002,48.916439,0.021992,0.0,23.893719,38.28332826086957,0
R08_sun,noexp_coord,29,24.612603,47.851786,0.0,17.560641,40.799827,50.016226086956515,1
R08_sun,noexp_coord,30,26.802235,44.786977,11.498171,0.0,6.355806,70.0508,1
R08_sun,noexp_coord,31,21.835348,40.571179,31.797522999999998,0.0,-13.28138,73.14464565217392,1
R08_sun,noexp_coord,32,13.253658,36.833141,29.630439,0.0,-6.050953,65.86074130434783,1
R08_sun,noexp_coord,33,7.337992,30.750399,0.018966,0.0,23.238166,62.45111086956522,0
R08_sun,noexp_coord,34,7.231556,25.197287,0.000504,12.817729,30.686003,73.85365217391303,1
R08_sun,noexp_coord,35,10.024237,19.552742,0.003021,10.437718,19.245294,88.92187391304348,1
R08_sun,noexp_coord,36,12.959537,15.354055,0.019999,0.0,-0.8710469999999999,98.3652608695652,0
R08_sun,noexp_coord,37,9.632104,10.109599,0.019497,0.0,-3.1766710000000002,97.76046304347827,0
R08_sun,noexp_coord,38,4.901163,5.217196,0.015956,0.0,-3.9257210000000002,96.00231521739131,0
R08_sun,noexp_coord,39,1.4991430000000001,1.977009,0.012474,0.0,-2.549823,93.84413478260869,0
R08_sun,noexp_coord,40,0.059566999999999995,0.072297,0.001996,0.0,-8.036578,92.42759999999998,0
R08_sun,noexp_coord,41,0.0,0.0,0.0,0.0,-11.00314,88.04235434782608,0
R08_sun,noexp_coord,42,0.0,0.0,8.3e-05,0.805924,-11.050173,82.03916739130435,0
R08_sun,noexp_coord,43,0.0,0.0,8.8e-05,1.979019,-10.708486,76.01034782608696,0
R08_sun,noexp_coord,44,0.0,0.0,9.4e-05,1.154242,-9.522952,70.16793260869565,0
R08_sun,noexp_coord,45,0.0,0.0,0.000101,1.468555,-9.764783,64.9723304347826,0
R08_sun,noexp_coord,46,0.0,0.0,0.000143,1.156491,-9.97925,59.64479565217392,0
R08_sun,noexp_coord,47,0.0,0.0,0.000154,2.793776,-7.390982,54.20023043478261,0
R08_sun,noexp_coord,48,0.0,0.0,0.000167,1.717982,-5.161954,50.16780652173913,0
R08_sun,noexp_today,1,0.0,0.0,0.0,0.0,-4.9332460000000005,40.0,0
R08_sun,noexp_today,2,0.0,0.0,0.0,0.0,-4.43725,37.30848695652174,0
R08_sun,noexp_today,3,0.0,0.0,0.0,0.0,-2.984695,34.887580434782606,0
R08_sun,noexp_today,4,0.0,0.0,0.0,0.0,-3.316553,33.259173913043476,0
R08_sun,noexp_today,5,0.0,0.0,0.0,0.140199,-2.851748,31.449702173913042,0
R08_sun,noexp_today,6,0.0,0.0,0.0,0.032259,-3.114402,29.893828260869565,0
R08_sun,noexp_today,7,0.0,0.0,0.0,0.112896,-3.245559,28.19465,0
R08_sun,noexp_today,8,0.0,0.0,0.0,0.34418400000000005,-3.020291,26.42391956521739,0
R08_sun,noexp_today,9,0.0,0.013017,0.0,0.05265,-1.6446779999999999,24.77608913043478,0
R08_sun,noexp_today,10,0.0,1.633509,0.0,0.077515,1.27072,23.878060869565214,0
R08_sun,noexp_today,11,0.0,5.420167,0.0,0.0,5.420166,24.4822652173913,0
R08_sun,noexp_today,12,0.0,10.091891,0.0,0.0,10.06016,27.143806521739126,0
R08_sun,noexp_today,13,0.0,15.179446,0.0,0.0,15.179446,32.082071739130434,0
R08_sun,noexp_today,14,0.0,20.385686,0.0,0.0,19.395043,39.53587826086956,0
R08_sun,noexp_today,15,2.15617,23.970019,70.745585,0.0,-49.485433,49.00569130434783,1
R08_sun,noexp_today,16,0.0,29.860074,0.0,0.0,29.154577,22.00708260869565,0
R08_sun,noexp_today,17,6.196675,34.703726,0.0,31.265608999999998,59.622743,36.28483478260869,1
R08_sun,noexp_today,18,19.05079,37.994566,0.0,12.790952,31.350524,65.56231304347826,1
R08_sun,noexp_today,19,18.455753,41.779102,0.006946,0.0,22.979517,80.95684130434783,0
R08_sun,noexp_today,20,39.242902,46.468638,0.011716,0.0,6.947352,92.22241086956522,0
R08_sun,noexp_today,21,46.427246,48.365948,16.686355,0.0,-15.605703,95.61932391304346,1
R08_sun,noexp_today,22,44.491889,53.075649,18.407747,0.0,-10.005391,87.10161304347825,1
R08_sun,noexp_today,23,38.063438,52.543371,88.682179,0.0,-74.202243,81.61762391304347,1
R08_sun,noexp_today,24,0.325583,52.493056,0.000258,0.0,51.844495,41.13385,0
R08_sun,noexp_today,25,35.182079,56.244226,27.044883,0.0,-5.982733,66.57424782608696,1
R08_sun,noexp_today,26,27.356392,54.672591000000004,64.505371,0.0,-37.189172,63.24013478260869,1
R08_sun,noexp_today,27,0.07631,52.105801,0.00048499999999999997,0.0,52.029003,42.908760869565214,0
R08_sun,noexp_today,28,13.341227,48.916439,0.005199,0.0,35.569996,68.45737608695653,0
R08_sun,noexp_today,29,38.492432,47.851786,0.006877,4.329651,13.682129,85.92384347826088,1
R08_sun,noexp_today,30,39.660109,44.786977,16.658767,0.0,-11.662671,92.64238913043478,1
R08_sun,noexp_today,31,29.689466,40.571179,41.657328,0.0,-30.995306,86.22838043478261,1
R08_sun,noexp_today,32,9.17487,36.833141,32.750185,0.0,-5.09191,69.28532826086958,1
R08_sun,noexp_today,33,0.0,30.750399,0.0,0.0,30.595116,66.4038304347826,0
R08_sun,noexp_today,34,11.342102,25.197287,1.6518329999999999,1.474987,13.58138,81.41896086956521,1
R08_sun,noexp_today,35,10.239709,19.552742,0.001081,11.649719000000001,20.243762,88.08803260869564,1
R08_sun,noexp_today,36,12.526216999999999,15.354055,0.00941,0.0,-0.42713699999999977,98.02171086956521,0
R08_sun,noexp_today,37,9.852418,10.109599,0.012003999999999999,0.0,-3.389547,97.63487826086957,0
R08_sun,noexp_today,38,4.862661,5.217196,0.009889,0.0,-3.88116,95.77221739130435,0
R08_sun,noexp_today,39,1.521315,1.977009,0.008053,0.0,-2.567586,93.63591956521738,0
R08_sun,noexp_today,40,0.060319,0.072297,0.001243,0.0,-8.036589,92.21066304347826,0
R08_sun,noexp_today,41,0.0,0.0,0.0,0.0,-11.003147,87.82541304347826,0
R08_sun,noexp_today,42,0.0,0.0,0.0,0.805921,-11.050085,81.82223913043478,0
R08_sun,noexp_today,43,0.0,0.0,0.0,1.979009,-10.708398,75.79345869565218,0
R08_sun,noexp_today,44,0.0,0.0,0.0,1.154242,-9.522849,69.9510956521739,0
R08_sun,noexp_today,45,0.0,0.0,0.0,1.468556,-9.764675,64.75555434782609,0
R08_sun,noexp_today,46,0.0,0.0,0.0,1.1564889999999999,-9.979101,59.42807608695653,0
R08_sun,noexp_today,47,0.0,0.0,0.0,2.793785,-7.390817,53.983606521739134,0
R08_sun,noexp_today,48,0.0,0.0,0.0,1.717972,-5.16178,49.951284782608695,0
R09_day,exp_coord,1,0.0,0.0,0.0,0.0,-4.933271,40.0,0
R09_day,exp_coord,2,0.0,0.0,0.0,0.0,-4.4372679999999995,37.30847608695652,0
R09_day,exp_coord,3,0.0,0.0,0.0,0.0,-2.984724,34.887558695652174,0
R09_day,exp_coord,4,0.0,0.0,0.0,0.0,-3.31658,33.259130434782605,0
R09_day,exp_coord,5,0.0,0.0,0.0,0.140201,-2.851785,31.44965652173913,0
R09_day,exp_coord,6,0.0,0.0,0.0,0.032261,-3.114471,29.89376304347826,0
R09_day,exp_coord,7,0.0,0.0,0.0,72.62892,69.270463,28.19455217391304,1
R09_day,exp_coord,8,0.0,0.0,0.0,0.0,-3.364632,62.209502173913044,0
R09_day,exp_coord,9,0.0,0.013017,0.013029,0.0,-1.71053,60.373815217391304,0
R09_day,exp_coord,10,0.0,1.633509,0.0,45.015731,46.208931,59.44057391304348,1
R09_day,exp_coord,11,0.0,5.420167,5.420526,0.0,0.0,82.13126521739132,0
R09_day,exp_coord,12,0.0,10.091891,10.092234,0.0,-0.031729,82.13126521739132,0
R09_day,exp_coord,13,0.0,15.179446,15.179755,0.0,0.0,82.11395652173913,0
R09_day,exp_coord,14,0.0,20.385686,20.385931,0.0,-0.9906409999999999,82.11395652173913,0
R09_day,exp_coord,15,0.0,23.970019,28.734734,0.338895,-4.979517,81.57347608695652,1
R09_day,exp_coord,16,0.0,29.860074,29.825246,0.0,-0.670547,78.85670652173913,0
R09_day,exp_coord,17,0.0,34.703726,34.62084,0.0,-0.066943,78.48895652173913,0
R09_day,exp_coord,18,0.0,37.994566,37.67998,0.0,-0.06955499999999998,78.44790869565217,0
R09_day,exp_coord,19,0.0,41.779102,41.591149,0.0,-0.14893199999999998,78.39279782608696,0
R09_day,exp_coord,20,0.0,46.468638,45.421354,0.0,0.780721,78.3012891304348,0
R09_day,exp_coord,21,0.0,48.365948,46.036368,0.0,1.4715310000000001,78.67012391304348,0
R09_day,exp_coord,22,0.0,53.075649,48.223711,0.0,4.670527,79.34591956521739,0
R09_day,exp_coord,23,0.0,52.543371,46.55876,0.0,5.984612,81.62947391304347,0
R09_day,exp_coord,24,0.0,52.493056,46.358554,0.0,5.81179,84.56819565217391,0
R09_day,exp_coord,25,0.0,56.244226,100.970592,0.0,-44.726365,87.40445,1
R09_day,exp_coord,26,0.0,54.672591000000004,36.831151,0.0,17.841437,63.002330434782614,0
R09_day,exp_coord,27,0.0,52.105801,36.300899,0.0,15.804903,71.76329565217392,0
R09_day,exp_coord,28,4.796415,48.916439,11.19615,7.914721,40.838596,79.52423478260869,1
R09_day,exp_coord,29,19.69687,47.851786,27.535942,0.240542,0.859509,99.57784130434783,1
R09_day,exp_coord,30,0.0,44.786977,44.786853,0.0,-0.130766,99.99989999999998,0
R09_day,exp_coord,31,0.0,40.571179,40.494999,0.0,-0.143625,99.92855652173913,0
R09_day,exp_coord,32,0.0,36.833141,36.519693,0.0,0.313322,99.84604782608695,0
R09_day,exp_coord,33,0.0,30.750399,30.750246999999998,0.0,-0.155273,99.99989999999998,0
R09_day,exp_coord,34,0.0,25.197287,25.141533,0.0,-0.041348,99.9151847826087,0
R09_day,exp_coord,35,0.0,19.552742,19.424133,0.7187830000000001,0.129486,99.88959347826088,1
R09_day,exp_coord,36,0.0,15.354055,15.262893,0.0,-3.1545549999999998,99.9531760869565,0
R09_day,exp_coord,37,0.0,10.109599,10.067738,0.0,-3.592853,98.22712826086956,0
R09_day,exp_coord,38,0.0,5.217196,5.011545,0.0,-4.020148,96.26463260869565,0
R09_day,exp_coord,39,0.0,1.977009,32.987345,0.050366999999999995,-33.975199,94.06008695652174,1
R09_day,exp_coord,40,0.0,0.072297,0.0,0.0,-7.97502,75.50701739130434,0
R09_day,exp_coord,41,0.0,0.0,0.0,0.009775,-10.993409,71.15201304347826,0
R09_day,exp_coord,42,0.0,0.0,0.611215,0.664767,-11.802488,65.15415652173913,0
R09_day,exp_coord,43,0.0,0.0,0.0,73.355837,60.668417,58.71487608695652,1
R09_day,exp_coord,44,0.0,0.0,4.439463,0.548752,-14.567823,88.50584347826087,1
R09_day,exp_coord,45,0.0,0.0,0.0,0.0,-11.23327,80.55781739130434,0
R09_day,exp_coord,46,0.0,0.0,0.0,0.0,-11.135641,74.42909347826088,0
R09_day,exp_coord,47,0.0,0.0,0.0,0.363586,-9.821064,68.35365217391303,0
R09_day,exp_coord,48,0.0,0.0,0.0,33.640115,26.760342,62.99540217391304,1
R09_day,exp_today,1,0.0,0.0,0.0,0.0,-4.933247,40.0,0
R09_day,exp_today,2,0.0,0.0,0.0,0.0,-4.437252,37.30848695652174,0
R09_day,exp_today,3,0.0,0.0,0.0,0.0,-2.984695,34.887580434782606,0
R09_day,exp_today,4,0.0,0.0,0.0,0.0,-3.316554,33.259173913043476,0
R09_day,exp_today,5,0.0,0.0,0.0,0.1402,-2.851747,31.449702173913042,0
R09_day,exp_today,6,0.0,0.0,0.0,0.032262,-3.114402,29.893828260869565,0
R09_day,exp_today,7,0.0,0.0,0.0,72.62892,69.270463,28.194652173913042,1
R09_day,exp_today,8,0.0,0.0,0.0,0.0,-3.364483,62.20960652173913,0
R09_day,exp_today,9,0.0,0.013017,0.0,0.0,-1.697336,60.3739956521739,0
R09_day,exp_today,10,0.0,1.633509,0.0,45.143507,46.336711,59.447241304347834,1
R09_day,exp_today,11,0.0,5.420167,0.0,0.0,5.420157,82.20067391304347,0
R09_day,exp_today,12,0.0,10.091891,0.184192,0.0,9.875951,84.86221739130436,0
R09_day,exp_today,13,0.0,15.179446,4.8082530000000006,0.0,10.371171,89.71003043478261,0
R09_day,exp_today,14,0.0,20.385686,14.54272,0.0,4.852317,94.80275652173913,0
R09_day,exp_today,15,0.0,23.970019,56.960768,0.0,-33.544446,97.13142391304348,1
R09_day,exp_today,16,0.0,29.860074,1.472569,0.0,27.68199,78.83002173913043,0
R09_day,exp_today,17,0.0,34.703726,26.212532,0.0,8.341197,92.38465434782609,0
R09_day,exp_today,18,0.0,37.994566,34.599189,0.0,3.0110360000000003,96.47236086956521,0
R09_day,exp_today,19,0.0,41.779102,40.323036,0.0,1.119127,97.92994999999999,0
R09_day,exp_today,20,0.0,46.468638,44.18728,0.0,2.014677,98.46111956521739,0
R09_day,exp_today,21,0.0,48.365948,47.872341999999996,0.0,-0.364498,99.43587173913045,0
R09_day,exp_today,22,0.0,53.075649,51.822333,0.0,1.071801,99.21008695652174,0
R09_day,exp_today,23,0.0,52.543371,51.98653,0.0,0.556778,99.72649565217391,0
R09_day,exp_today,24,0.0,52.493056,52.492891,0.0,-0.32271,99.99989999999998,0
R09_day,exp_today,25,0.0,56.244226,103.147316,0.0,-46.90309,99.82383260869565,1
R09_day,exp_today,26,0.0,54.672591000000004,9.615668,0.0,45.056912,74.23410869565217,0
R09_day,exp_today,27,0.0,52.105801,46.047933,0.0,6.057816,96.3590804347826,0
R09_day,exp_today,28,20.399388,48.916439,27.601053,0.440625,1.356622,99.33373913043478,1
R09_day,exp_today,29,19.978875,47.851786,27.872913,0.0,0.0,99.99989999999998,1
R09_day,exp_today,30,0.0,44.786977,44.78682,0.0,-0.130763,99.99989999999998,0
R09_day,exp_today,31,0.0,40.571179,40.425745,0.0,-0.07439799999999999,99.92855652173913,0
R09_day,exp_today,32,0.0,36.833141,36.588882,0.0,0.244092,99.88004130434781,0
R09_day,exp_today,33,0.0,30.750399,30.750223,0.0,-0.155272,99.99989999999998,0
R09_day,exp_today,34,0.0,25.197287,25.141502,0.0,-0.041342,99.9151847826087,0
R09_day,exp_today,35,0.0,19.552742,19.436225,0.7181730000000001,0.116784,99.88959782608696,1
R09_day,exp_today,36,0.0,15.354055,15.250793999999999,0.0,-3.142469,99.94694347826088,0
R09_day,exp_today,37,0.0,10.109599,10.06771,0.0,-3.592853,98.22682826086955,0
R09_day,exp_today,38,0.0,5.217196,4.993771,0.0,-4.002387,96.2643347826087,0
R09_day,exp_today,39,0.0,1.977009,33.005051,0.050381999999999996,-33.992749,94.06850869565217,1
R09_day,exp_today,40,0.0,0.072297,0.0,0.0,-7.97501,75.50677826086955,0
R09_day,exp_today,41,0.0,0.0,0.0,0.0,-11.003146,71.15177173913044,0
R09_day,exp_today,42,0.0,0.0,0.0,0.665229,-11.19078,65.14860217391305,0
R09_day,exp_today,43,0.0,0.0,0.0,73.372382,60.684964,59.04305869565217,1
R09_day,exp_today,44,0.0,0.0,4.439349,0.549073,-14.567382,88.84214130434782,1
R09_day,exp_today,45,0.0,0.0,0.0,0.0,-11.233246,80.89436739130436,0
R09_day,exp_today,46,0.0,0.0,0.0,0.0,-11.135608,74.76565,0
R09_day,exp_today,47,0.0,0.0,0.0,0.364029,-9.820587,68.69021304347827,0
R09_day,exp_today,48,0.0,0.0,0.0,33.380104,26.500332,63.332226086956524,1
R09_day,noexp_coord,1,0.0,0.0,0.003425,0.0,-4.936752,40.0,0
R09_day,noexp_coord,2,0.0,0.0,0.003771,0.0,-4.441102,37.30657391304348,0
R09_day,noexp_coord,3,0.0,0.0,0.004177,0.0,-2.988973,34.88355,0
R09_day,noexp_coord,4,0.0,0.0,0.004894,0.0,-3.321459,33.252804347826086,0
R09_day,noexp_coord,5,0.0,0.0,0.00576,0.1402,-2.857519,31.440645652173917,0
R09_day,noexp_coord,6,0.0,0.0,0.006691,0.032259,-3.121104,29.88161739130435,0
R09_day,noexp_coord,7,0.0,0.0,0.0,72.628525,69.270066,28.178778260869564,1
R09_day,noexp_coord,8,0.0,0.0,0.002997,0.0,-3.367538,62.193539130434786,0
R09_day,noexp_coord,9,0.012052,0.013017,0.003972,0.0,-1.713446,60.35625652173913,0
R09_day,noexp_coord,10,1.619077,1.633509,0.0,45.131745,44.705867,59.42140217391304,1
R09_day,noexp_coord,11,5.397424,5.420167,0.02297,0.0,0.0,81.37402608695652,0
R09_day,noexp_coord,12,10.070071,10.091891,0.021998,0.0,-0.031728,81.37402608695652,0
R09_day,noexp_coord,13,15.156574,15.179446,0.023,0.0,0.0,81.35671304347825,0
R09_day,noexp_coord,14,20.363823,20.385686,0.022,0.0,-0.990638,81.35671304347825,0
R09_day,noexp_coord,15,23.948083,23.970019,33.013586000000004,0.0,-33.545342,80.81623260869564,1
R09_day,noexp_coord,16,29.660212,29.860074,0.022,0.0,-0.527563,62.51432826086957,0
R09_day,noexp_coord,17,34.424328,34.703726,0.0225,0.0,0.107002,62.21679347826087,0
R09_day,noexp_coord,18,37.339396,37.994566,0.022,0.0,0.248965,62.26116304347826,0
R09_day,noexp_coord,19,40.925952,41.779102,0.021483000000000002,0.0,0.494768,62.36245434782609,0
R09_day,noexp_coord,20,43.278493,46.468638,0.0225,0.0,2.901081,62.58703260869565,0
R09_day,noexp_coord,21,43.502558,48.365948,0.022,0.0,3.983338,63.997067391304356,0
R09_day,noexp_coord,22,44.923378,53.075649,0.0225,0.0,7.94837,65.90627173913043,0
R09_day,noexp_coord,23,43.267553,52.543371,0.023,0.0,9.252826,69.79938695652173,0
R09_day,noexp_coord,24,43.306267,52.493056,0.0225,0.0,8.84158,74.34294347826088,0
R09_day,noexp_coord,25,45.36198,56.244226,56.921348,0.0,-46.039092,78.66695869565218,1
R09_day,noexp_coord,26,34.52975,54.672591000000004,0.022999000000000002,0.0,20.119847,53.548639130434786,0
R09_day,noexp_coord,27,33.714437,52.105801,0.023,0.0,18.368365,63.42840000000001,0
R09_day,noexp_coord,28,33.782329,48.916439,0.0,16.71835,31.85246,72.44809565217392,1
R09_day,noexp_coord,29,37.40728,47.851786,5.071357,0.0,5.373147,88.08910652173914,1
R09_day,noexp_coord,30,35.618462,44.786977,0.022489000000000002,0.0,9.015261,90.72503260869564,0
R09_day,noexp_coord,31,34.671843,40.571179,0.0225,0.0,5.657147,95.14479565217393,0
R09_day,noexp_coord,32,33.771287,36.833141,0.023,0.0,3.038818,97.91071304347825,0
R09_day,noexp_coord,33,29.812809,30.750399,0.0225,0.0,0.759689,99.40288695652173,0
R09_day,noexp_coord,34,24.877949,25.197287,0.021999,0.0,0.200236,99.76744782608695,0
R09_day,noexp_coord,35,19.260736,19.552742,15.142086,0.009565,-15.558437,99.86048260869566,1
R09_day,noexp_coord,36,5.196978,15.354055,0.016998,0.0,6.894519,91.36465217391304,0
R09_day,noexp_coord,37,5.100473,10.109599,0.016496,0.0,1.3580649999999999,94.57315434782608,0
R09_day,noexp_coord,38,3.882424,5.217196,0.014933,0.0,-2.905884,95.04176304347827,0
R09_day,noexp_coord,39,1.466392,1.977009,30.954741000000002,0.050306000000000003,-33.409031999999996,93.38435,1
R09_day,noexp_coord,40,0.001212,0.072297,0.001028,0.009435,-7.967817,75.14017173913044,0
R09_day,noexp_coord,41,0.0,0.0,0.0,0.0,-11.00314,70.78921086956522,0
R09_day,noexp_coord,42,0.0,0.0,0.001749,1.227,-10.630792,64.78603260869565,0
R09_day,noexp_coord,43,0.0,0.0,0.0,73.368571,60.681156,58.986015217391305,1
R09_day,noexp_coord,44,0.0,0.0,4.441533,0.548661,-14.569984,88.78322173913044,1
R09_day,noexp_coord,45,0.0,0.0,0.000725,0.0,-11.233979,80.83403260869567,0
R09_day,noexp_coord,46,0.0,0.0,0.000821,0.0,-11.136437,74.70491304347826,0
R09_day,noexp_coord,47,0.0,0.0,0.000913,0.363769,-9.821768,68.62900652173913,0
R09_day,noexp_coord,48,0.0,0.0,0.0,33.415662,26.535892,63.27036739130435,1
R09_day,noexp_today,1,0.0,0.0,0.0,0.0,-4.9332460000000005,40.0,0
R09_day,noexp_today,2,0.0,0.0,0.0,0.0,-4.43725,37.30848695652174,0
R09_day,noexp_today,3,0.0,0.0,0.0,0.0,-2.984695,34.887580434782606,0
R09_day,noexp_today,4,0.0,0.0,0.0,0.0,-3.316553,33.259173913043476,0
R09_day,noexp_today,5,0.0,0.0,0.0,0.140199,-2.851748,31.449702173913042,0
R09_day,noexp_today,6,0.0,0.0,0.0,0.032259,-3.114402,29.893828260869565,0
R09_day,noexp_today,7,0.0,0.0,0.0,72.628525,69.270066,28.19465,1
R09_day,noexp_today,8,0.0,0.0,0.0,0.0,-3.364483,62.209404347826094,0
R09_day,noexp_today,9,0.0,0.013017,0.0,0.0,-1.697336,60.373786956521734,0
R09_day,noexp_today,10,0.0,1.633509,0.0,43.640688,44.833896,59.44704130434783,1
R09_day,noexp_today,11,0.0,5.420167,0.0,0.0,5.4201429999999995,81.46252608695653,0
R09_day,noexp_today,12,0.134563,10.091891,0.000261,0.0,9.925335,84.12406521739129,0
R09_day,noexp_today,13,4.335831,15.179446,0.004504,0.0,10.839075,88.99612608695652,0
R09_day,noexp_today,14,14.066404,20.385686,0.009029,0.0,5.319576,94.31859782608696,0
R09_day,noexp_today,15,22.093891,23.970019,34.867237,0.0,-33.544806,96.87672608695652,1
R09_day,noexp_today,16,1.4634369999999999,29.860074,0.0041329999999999995,0.0,27.686983,78.57511086956521,0
R09_day,noexp_today,17,26.025532,34.703726,0.010321,0.0,8.517903,92.13219782608697,0
R09_day,noexp_today,18,34.465487,37.994566,0.01317,0.0,3.131567,96.30668913043479,0
R09_day,noexp_today,19,40.270892,41.779102,0.012749,0.0,1.158441,97.82346304347826,0
R09_day,noexp_today,20,44.067264,46.468638,0.014343999999999999,0.0,2.120329,98.37393913043478,0
R09_day,noexp_today,21,47.844374,48.365948,0.014307,0.0,-0.35095600000000005,99.40057173913044,0
R09_day,noexp_today,22,51.808151,53.075649,0.014206,0.0,1.0717999999999999,99.1814304347826,0
R09_day,noexp_today,23,51.91305,52.543371,0.015056,0.0,0.6151409999999999,99.69783913043477,0
R09_day,noexp_today,24,52.477767,52.493056,0.01523,0.0,-0.32271,99.99989999999998,0
R09_day,noexp_today,25,56.074163,56.244226,49.683875,0.0,-49.513806,99.82383260869565,1
R09_day,noexp_today,26,8.056271,54.672591000000004,0.006198,0.0,46.610115,72.80975000000001,0
R09_day,noexp_today,27,44.912012,52.105801,0.012482,0.0,7.181207,95.6973956521739,0
R09_day,noexp_today,28,48.256747,48.916439,0.013373,0.09772399999999999,0.744047,99.22366304347825,1
R09_day,noexp_today,29,47.37773,47.851786,12.176895,0.0,-11.70284,99.58902608695652,1
R09_day,noexp_today,30,31.421289,44.786977,0.01142,0.0,13.223497,93.20410434782609,0
R09_day,noexp_today,31,39.953006,40.571179,0.014166,0.0,0.38416900000000004,99.69025652173913,0
R09_day,noexp_today,32,36.54706,36.833141,0.01508,0.0,0.270824,99.86691956521739,0
R09_day,noexp_today,33,30.735409999999998,30.750399,0.014795,0.0,-0.155272,99.99989999999998,0
R09_day,noexp_today,34,25.126899,25.197287,0.014614,0.0,-0.041342,99.9151847826087,0
R09_day,noexp_today,35,19.382222,19.552742,15.087742,0.009792,-15.625357,99.88959782608696,1
R09_day,noexp_today,36,1.838758,15.354055,0.0047480000000000005,0.0,10.264983,91.35849999999999,0
R09_day,noexp_today,37,7.744102,10.109599,0.008648,0.0,-1.277795,96.22202608695652,0
R09_day,noexp_today,38,4.559598,5.217196,0.009254,0.0,-3.577437,95.39630434782609,0
R09_day,noexp_today,39,1.513663,1.977009,30.952943,0.050341,-33.45446,93.40914130434783,1
R09_day,noexp_today,40,0.0,0.072297,0.0,0.0,-7.97501,75.14114347826087,0
R09_day,noexp_today,41,0.0,0.0,0.0,0.0,-11.003147,70.78614565217391,0
R09_day,noexp_today,42,0.0,0.0,0.0,1.227234,-10.628769,64.78297608695652,0
R09_day,noexp_today,43,0.0,0.0,0.0,73.370922,60.683503,58.98405869565217,1
R09_day,noexp_today,44,0.0,0.0,4.440233,0.54877,-14.568571,88.7824152173913,1
R09_day,noexp_today,45,0.0,0.0,0.0,0.0,-11.233243,80.83399782608696,0
R09_day,noexp_today,46,0.0,0.0,0.0,0.0,-11.135608,74.70528043478261,0
R09_day,noexp_today,47,0.0,0.0,0.0,0.364183,-9.820432,68.6298347826087,0
R09_day,noexp_today,48,0.0,0.0,0.0,33.413904,26.534133,63.27192826086957,1
R10_sun,exp_coord,1,0.0,0.0,0.0,0.0,-4.933271,40.0,0
R10_sun,exp_coord,2,0.0,0.0,0.0,0.0,-4.4372679999999995,37.30847608695652,0
R10_sun,exp_coord,3,0.0,0.0,0.0,0.0,-2.984724,34.887558695652174,0
R10_sun,exp_coord,4,0.0,0.0,0.0,0.0,-3.31658,33.259130434782605,0
R10_sun,exp_coord,5,0.0,0.0,0.0,0.140201,-2.851785,31.44965652173913,0
R10_sun,exp_coord,6,0.0,0.0,0.0,0.032261,-3.114471,29.89376304347826,0
R10_sun,exp_coord,7,0.0,0.0,0.0,0.112901,-3.245636,28.19455217391304,0
R10_sun,exp_coord,8,0.0,0.0,0.0,0.344187,-3.020388,26.42378260869565,0
R10_sun,exp_coord,9,0.0,0.013017,0.013029,0.05265,-1.657869,24.775891304347827,0
R10_sun,exp_coord,10,0.0,1.633509,1.633642,0.077515,-0.362825,23.871378260869562,0
R10_sun,exp_coord,11,0.0,5.420167,5.420364,0.0,0.0,23.67343043478261,0
R10_sun,exp_coord,12,0.0,10.091891,10.080304,0.0,-0.019985,23.67343043478261,0
R10_sun,exp_coord,13,0.0,15.179446,14.918245,0.0,0.261366,23.661886956521737,0
R10_sun,exp_coord,14,0.0,20.385686,20.263721,0.0,-0.868546,23.790230434782607,0
R10_sun,exp_coord,15,16.005754,23.970019,0.0,57.682301,65.092872,23.309702173913042,1
R10_sun,exp_coord,16,29.007696,29.860074,0.0,66.086613,66.233498,55.27328043478261,1
R10_sun,exp_coord,17,0.0,34.703726,34.685479,0.0,-0.131527,87.79693695652175,0
R10_sun,exp_coord,18,0.0,37.994566,37.815737999999996,0.0,-0.20524699999999999,87.72417391304347,0
R10_sun,exp_coord,19,0.0,41.779102,41.696331,0.0,-0.254098,87.60243260869565,0
R10_sun,exp_coord,20,0.0,46.468638,46.132411,0.0,0.06968299999999995,87.45928695652174,0
R10_sun,exp_coord,21,0.0,48.365948,47.350249,0.0,0.15764600000000006,87.47896086956521,0
R10_sun,exp_coord,22,0.0,53.075649,55.438316,0.0,-2.544068,87.50956956521739,1
R10_sun,exp_coord,23,0.0,52.543371,48.012504,0.0,4.530869,86.10454782608696,0
R10_sun,exp_coord,24,50.186071,52.493056,0.0,21.770187,23.754459,88.32940869565218,1
R10_sun,exp_coord,25,8.351636000000001,56.244226,47.880442,0.0,0.012151,99.99393260869564,1
R10_sun,exp_coord,26,0.0,54.672591000000004,54.672526,0.0,0.0,99.99989999999998,0
R10_sun,exp_coord,27,0.0,52.105801,52.105711,0.0,0.0,99.99989999999998,0
R10_sun,exp_coord,28,0.0,48.916439,48.916353,0.0,0.0,99.99989999999998,0
R10_sun,exp_coord,29,0.0,47.851786,47.851664,0.0,0.0,99.99989999999998,0
R10_sun,exp_coord,30,0.0,44.786977,44.786853,0.0,-0.130766,99.99989999999998,0
R10_sun,exp_coord,31,0.0,40.571179,40.494999,0.0,-0.143625,99.92855652173913,0
R10_sun,exp_coord,32,0.0,36.833141,36.519693,0.0,0.313322,99.84604782608695,0
R10_sun,exp_coord,33,0.0,30.750399,90.588143,0.0,-59.993045,99.99989999999998,1
R10_sun,exp_coord,34,0.0,25.197287,3.317796,0.0,21.782485,67.26847608695653,0
R10_sun,exp_coord,35,0.0,19.552742,3.14391,0.001,15.691923,77.95942391304347,0
R10_sun,exp_coord,36,0.0,15.354055,3.098327,0.0,9.010154,85.62578043478261,0
R10_sun,exp_coord,37,0.0,10.109599,3.118759,0.0,3.3562589999999997,89.87316086956521,0
R10_sun,exp_coord,38,0.0,5.217196,2.606531,0.0,-1.61504,91.32300217391304,0
R10_sun,exp_coord,39,0.0,1.977009,1.110341,0.0,-2.148523,90.29945434782609,0
R10_sun,exp_coord,40,0.0,0.072297,0.06156400000000001,0.0,-8.036593,89.07997608695652,0
R10_sun,exp_coord,41,0.0,0.0,0.0,0.0,-11.003152,84.6947391304348,0
R10_sun,exp_coord,42,0.0,0.0,0.029859,1.25082,-10.635058,78.69156304347825,0
R10_sun,exp_coord,43,0.0,0.0,0.0,1.987838,-10.699591999999999,72.88922173913043,0
R10_sun,exp_coord,44,0.0,0.0,0.0,1.154244,-9.52287,67.0516652173913,0
R10_sun,exp_coord,45,0.0,0.0,0.0,1.471606,-9.761648,61.856110869565214,0
R10_sun,exp_coord,46,0.0,0.0,0.0,1.1564889999999999,-9.979109,56.530297826086965,0
R10_sun,exp_coord,47,0.0,0.0,0.0,2.794192,-7.39042,51.08581739130435,0
R10_sun,exp_coord,48,0.0,0.0,0.0,1.717971,-5.161804,47.05370652173914,0
R10_sun,exp_today,1,0.0,0.0,0.0,0.0,-4.933247,40.0,0
R10_sun,exp_today,2,0.0,0.0,0.0,0.0,-4.437252,37.30848695652174,0
R10_sun,exp_today,3,0.0,0.0,0.0,0.0,-2.984695,34.887580434782606,0
R10_sun,exp_today,4,0.0,0.0,0.0,0.0,-3.316554,33.259173913043476,0
R10_sun,exp_today,5,0.0,0.0,0.0,0.1402,-2.851747,31.449702173913042,0
R10_sun,exp_today,6,0.0,0.0,0.0,0.032262,-3.114402,29.893828260869565,0
R10_sun,exp_today,7,0.0,0.0,0.0,0.1129,-3.245558,28.194652173913042,0
R10_sun,exp_today,8,0.0,0.0,0.0,0.344187,-3.020291,26.42391956521739,0
R10_sun,exp_today,9,0.0,0.013017,0.0,0.05265,-1.6446779999999999,24.77608913043478,0
R10_sun,exp_today,10,0.0,1.633509,0.0,0.077515,1.27072,23.878060869565214,0
R10_sun,exp_today,11,0.0,5.420167,0.0,0.0,5.420166,24.4822652173913,0
R10_sun,exp_today,12,0.0,10.091891,0.0,0.0,10.060165,27.143806521739126,0
R10_sun,exp_today,13,0.0,15.179446,0.0,0.0,15.179443,32.082071739130434,0
R10_sun,exp_today,14,0.0,20.385686,0.0,0.0,19.39505,39.53588043478261,0
R10_sun,exp_today,15,11.714409999999999,23.970019,0.0,20.060936,31.762851,49.00569565217391,1
R10_sun,exp_today,16,28.543684,29.860074,0.0,28.567262,29.178155,64.60270217391304,1
R10_sun,exp_today,17,0.0,34.703726,11.793173,0.0,22.76062,78.93050217391304,0
R10_sun,exp_today,18,0.0,37.994566,27.089123999999998,0.0,10.521178,90.09883043478261,0
R10_sun,exp_today,19,0.0,41.779102,38.742357,0.0,2.699722,95.24426086956521,0
R10_sun,exp_today,20,0.0,46.468638,43.700148,0.0,2.501774,96.55156304347827,0
R10_sun,exp_today,21,0.0,48.365948,47.095038,0.0,0.412706,97.7655043478261,0
R10_sun,exp_today,22,0.0,53.075649,56.621942,0.0,-3.727693,97.9213608695652,1
R10_sun,exp_today,23,0.0,52.543371,45.38934,0.0,7.154032,95.83965652173913,0
R10_sun,exp_today,24,50.765399,52.493056,1.669192,1.582563,1.318314,99.35254782608695,1
R10_sun,exp_today,25,8.361963,56.244226,47.882263,0.0,0.0,99.99989999999998,1
R10_sun,exp_today,26,0.0,54.672591000000004,54.672520999999996,0.0,0.0,99.99989999999998,0
R10_sun,exp_today,27,0.0,52.105801,52.10574,0.0,0.0,99.99989999999998,0
R10_sun,exp_today,28,0.0,48.916439,48.91637,0.0,0.0,99.99989999999998,0
R10_sun,exp_today,29,0.0,47.851786,47.851626,0.0,0.0,99.99989999999998,0
R10_sun,exp_today,30,0.0,44.786977,44.78682,0.0,-0.130763,99.99989999999998,0
R10_sun,exp_today,31,0.0,40.571179,40.425745,0.0,-0.07439799999999999,99.92855652173913,0
R10_sun,exp_today,32,0.0,36.833141,36.588882,0.0,0.244092,99.88004130434781,0
R10_sun,exp_today,33,0.0,30.750399,90.588532,0.0,-59.993433,99.99989999999998,1
R10_sun,exp_today,34,0.0,25.197287,0.0,0.0,25.100324,67.26826304347826,0
R10_sun,exp_today,35,0.0,19.552742,0.0,0.0,18.834834,79.58837608695653,0
R10_sun,exp_today,36,0.0,15.354055,5.218787,0.0,6.889704,88.79797826086957,0
R10_sun,exp_today,37,0.0,10.109599,6.250319,0.0,0.22464199999999976,92.00409565217392,0
R10_sun,exp_today,38,0.0,5.217196,3.771286,0.0,-2.779832,91.91616304347826,0
R10_sun,exp_today,39,0.0,1.977009,1.139713,0.0,-2.177901,90.32065869565217,0
R10_sun,exp_today,40,0.0,0.072297,0.06156300000000001,0.0,-8.036587,89.08675652173913,0
R10_sun,exp_today,41,0.0,0.0,0.0,0.0,-11.003147,84.70150869565217,0
R10_sun,exp_today,42,0.0,0.0,0.0,1.250651,-10.605357999999999,78.69833260869565,0
R10_sun,exp_today,43,0.0,0.0,0.0,1.983585,-10.703825,72.9121891304348,0
R10_sun,exp_today,44,0.0,0.0,0.0,1.154246,-9.522849,67.07233043478261,0
R10_sun,exp_today,45,0.0,0.0,0.0,1.468599,-9.764633,61.876784782608695,0
R10_sun,exp_today,46,0.0,0.0,0.0,1.156491,-9.979101,56.549334782608696,0
R10_sun,exp_today,47,0.0,0.0,0.0,2.793816,-7.390778,51.10485869565217,0
R10_sun,exp_today,48,0.0,0.0,0.0,1.717974,-5.161778,47.07255869565217,0
R10_sun,noexp_coord,1,0.0,0.0,0.003425,0.0,-4.936752,40.0,0
R10_sun,noexp_coord,2,0.0,0.0,0.003771,0.0,-4.441102,37.30657391304348,0
R10_sun,noexp_coord,3,0.0,0.0,0.004177,0.0,-2.988973,34.88355,0
R10_sun,noexp_coord,4,0.0,0.0,0.004894,0.0,-3.321459,33.252804347826086,0
R10_sun,noexp_coord,5,0.0,0.0,0.00576,0.1402,-2.857519,31.440645652173917,0
R10_sun,noexp_coord,6,0.0,0.0,0.006691,0.032259,-3.121104,29.88161739130435,0
R10_sun,noexp_coord,7,0.0,0.0,0.007859,0.112898,-3.253432,28.178778260869564,0
R10_sun,noexp_coord,8,0.0,0.0,0.00862,0.34418400000000005,-3.028931,26.403745652173917,0
R10_sun,noexp_coord,9,0.012528000000000001,0.013017,0.009563,0.05265,-1.666803,24.751195652173912,0
R10_sun,noexp_coord,10,1.623587,1.633509,0.018485,0.077515,-0.371309,23.841808695652173,0
R10_sun,noexp_coord,11,5.4048,5.420167,0.022985000000000002,0.0,-0.007491,23.639226086956523,0
R10_sun,noexp_coord,12,10.062834,10.091891,0.022,0.0,-0.024567,23.635139130434784,0
R10_sun,noexp_coord,13,14.896664,15.179446,0.022999000000000002,0.0,0.259867,23.621097826086956,0
R10_sun,noexp_coord,14,20.251168,20.385686,0.022,0.0,-0.878072,23.74862173913043,0
R10_sun,noexp_coord,15,23.56794,23.970019,0.0,58.237959000000004,58.08634,23.263417391304348,1
R10_sun,noexp_coord,16,29.516887,29.860074,0.0,65.98999,65.627685,51.78646086956522,1
R10_sun,noexp_coord,17,34.641333,34.703726,0.0225,0.0,-0.109954,84.0126304347826,0
R10_sun,noexp_coord,18,37.739963,37.994566,0.022,0.0,-0.15152900000000002,83.95046304347827,0
R10_sun,noexp_coord,19,41.620553,41.779102,0.02148,0.0,-0.19980900000000001,83.85510000000001,0
R10_sun,noexp_coord,20,45.875672,46.468638,0.0225,0.0,0.303895,83.73860652173913,0
R10_sun,noexp_coord,21,46.873423,48.365948,0.022,0.0,0.612468,83.87329782608695,0
R10_sun,noexp_coord,22,49.457897,53.075649,5.404521,0.0,-1.968169,84.12724782608696,1
R10_sun,noexp_coord,23,47.00889,52.543371,0.023,0.0,5.511486,83.02968260869565,0
R10_sun,noexp_coord,24,46.725689,52.493056,0.0,22.842066,28.286714,85.73606956521739,1
R10_sun,noexp_coord,25,55.841101,56.244226,7.020786,0.0,-6.617659,99.62614565217392,1
R10_sun,noexp_coord,26,50.722563,54.672591000000004,0.023,0.0,3.927027,96.01563695652173,0
R10_sun,noexp_coord,27,49.527364999999996,52.105801,0.023,0.0,2.55544,97.94399130434783,0
R10_sun,noexp_coord,28,47.834203,48.916439,0.023,0.0,1.059222,99.19879999999999,0
R10_sun,noexp_coord,29,47.432383,47.851786,0.023,0.0,0.396306,99.71891086956522,0
R10_sun,noexp_coord,30,44.588404,44.786977,0.022486,0.0,0.045187,99.91349347826086,0
R10_sun,noexp_coord,31,40.472472,40.571179,0.0225,0.0,-0.14362399999999997,99.92854347826086,0
R10_sun,noexp_coord,32,36.49666,36.833141,0.023,0.0,0.313323,99.84603695652173,0
R10_sun,noexp_coord,33,30.72787,30.750399,59.860754,0.0,-59.993538,99.99988913043478,1
R10_sun,noexp_coord,34,3.49986,25.197287,0.006922,0.0,21.593554,67.26819130434782,0
R10_sun,noexp_coord,35,3.078702,19.552742,0.015007,0.001,15.741939,77.86635434782609,0
R10_sun,noexp_coord,36,3.036994,15.354055,0.010996,0.0,9.060504,85.55725869565217,0
R10_sun,noexp_coord,37,3.057208,10.109599,0.011495,0.0,3.406325,89.8293695652174,0
R10_sun,noexp_coord,38,2.569573,5.217196,0.010461,0.0,-1.588536,91.3037891304348,0
R10_sun,noexp_coord,39,1.090311,1.977009,0.00799,0.0,-2.1364769999999997,90.29324130434783,0
R10_sun,noexp_coord,40,0.059566999999999995,0.072297,0.001996,0.0,-8.036584,89.07967173913043,0
R10_sun,noexp_coord,41,0.0,0.0,0.0,0.0,-11.00314,84.69442826086957,0
R10_sun,noexp_coord,42,0.0,0.0,8.3e-05,1.2508219999999999,-10.605297,78.69125434782609,0
R10_sun,noexp_coord,43,0.0,0.0,8.8e-05,1.987861,-10.69966,72.90514130434784,0
R10_sun,noexp_coord,44,0.0,0.0,9.4e-05,1.154246,-9.522976,67.06754782608695,0
R10_sun,noexp_coord,45,0.0,0.0,0.000101,1.471619,-9.761747999999999,61.871930434782605,0
R10_sun,noexp_coord,46,0.0,0.0,0.000142,1.156491,-9.979278,56.54605,0
R10_sun,noexp_coord,47,0.0,0.0,0.000154,2.79421,-7.390582,51.101473913043485,0
R10_sun,noexp_coord,48,0.0,0.0,0.00023799999999999998,1.717978,-5.162027,47.06926304347826,0
R10_sun,noexp_today,1,0.0,0.0,0.0,0.0,-4.9332460000000005,40.0,0
R10_sun,noexp_today,2,0.0,0.0,0.0,0.0,-4.43725,37.30848695652174,0
R10_sun,noexp_today,3,0.0,0.0,0.0,0.0,-2.984695,34.887580434782606,0
R10_sun,noexp_today,4,0.0,0.0,0.0,0.0,-3.316553,33.259173913043476,0
R10_sun,noexp_today,5,0.0,0.0,0.0,0.140199,-2.851748,31.449702173913042,0
R10_sun,noexp_today,6,0.0,0.0,0.0,0.032259,-3.114402,29.893828260869565,0
R10_sun,noexp_today,7,0.0,0.0,0.0,0.112896,-3.245559,28.19465,0
R10_sun,noexp_today,8,0.0,0.0,0.0,0.34418400000000005,-3.020291,26.42391956521739,0
R10_sun,noexp_today,9,0.0,0.013017,0.0,0.05265,-1.6446779999999999,24.77608913043478,0
R10_sun,noexp_today,10,0.0,1.633509,0.0,0.077515,1.27072,23.878060869565214,0
R10_sun,noexp_today,11,0.0,5.420167,0.0,0.0,5.420166,24.4822652173913,0
R10_sun,noexp_today,12,0.0,10.091891,0.0,0.0,10.06016,27.143806521739126,0
R10_sun,noexp_today,13,0.0,15.179446,0.0,0.0,15.179446,32.082071739130434,0
R10_sun,noexp_today,14,0.0,20.385686,0.0,0.0,19.395043,39.53587826086956,0
R10_sun,noexp_today,15,2.15617,23.970019,2.968556,5.016482,23.308072,49.00569130434783,1
R10_sun,noexp_today,16,8.171907,29.860074,0.665931,8.046315,28.363053,60.451017391304354,1
R10_sun,noexp_today,17,7.998197,34.703726,0.005291,0.0,26.550319,74.3785652173913,0
R10_sun,noexp_today,18,24.7179,37.994566,0.009441,0.0,12.882929,87.40776739130433,0
R10_sun,noexp_today,19,37.437708,41.779102,0.011613,0.0,3.992812,93.71290217391304,0
R10_sun,noexp_today,20,43.231262,46.468638,0.012524,0.0,2.958139,95.6551847826087,0
R10_sun,noexp_today,21,46.987616,48.365948,0.013921,0.0,0.506217,97.09321739130435,0
R10_sun,noexp_today,22,51.409189,53.075649,5.14145,0.0,-3.65639,97.29499130434782,1
R10_sun,noexp_today,23,45.029247,52.543371,0.01147,0.0,7.502654,95.24678695652173,0
R10_sun,noexp_today,24,51.606883,52.493056,3.405775,0.255327,-2.586986,98.9308804347826,1
R10_sun,noexp_today,25,53.724571,56.244226,7.922661,0.0,-5.403004,97.51944999999999,1
R10_sun,noexp_today,26,44.420641,54.672591000000004,0.01101,0.0,10.24094,94.55532826086957,0
R10_sun,noexp_today,27,51.243736,52.105801,0.01501,0.0,0.846921,99.58402608695653,0
R10_sun,noexp_today,28,48.900491,48.916439,0.015767,0.0,0.0,99.99989999999998,0
R10_sun,noexp_today,29,47.835823,47.851786,0.015771,0.0,0.0,99.99989999999998,0
R10_sun,noexp_today,30,44.771986,44.786977,0.014805,0.0,-0.130763,99.99989999999998,0
R10_sun,noexp_today,31,40.41114,40.571179,0.01461,0.0,-0.07439599999999999,99.92855652173913,0
R10_sun,noexp_today,32,36.573601,36.833141,0.015264,0.0,0.244093,99.88004130434781,0
R10_sun,noexp_today,33,30.735423,30.750399,59.85319,0.0,-59.993517,99.99989999999998,1
R10_sun,noexp_today,34,0.0,25.197287,0.0,0.0,25.100321,67.2682152173913,0
R10_sun,noexp_today,35,0.0,19.552742,0.0,0.0,18.834820999999998,79.58833695652174,0
R10_sun,noexp_today,36,5.214784,15.354055,0.004007,0.0,6.8897010000000005,88.79793260869565,0
R10_sun,noexp_today,37,6.244063,10.109599,0.006266,0.0,0.22463499999999995,92.00403913043478,0
R10_sun,noexp_today,38,3.764631,5.217196,0.006696,0.0,-2.779884,91.91610434782609,0
R10_sun,noexp_today,39,1.134484,1.977009,0.00523,0.0,-2.177901,90.32057608695652,0
R10_sun,noexp_today,40,0.060321,0.072297,0.001242,0.0,-8.036585,89.08666956521738,0
R10_sun,noexp_today,41,0.0,0.0,0.0,0.0,-11.003148,84.7014304347826,0
R10_sun,noexp_today,42,0.0,0.0,0.0,1.250654,-10.605351,78.69824565217392,0
R10_sun,noexp_today,43,0.0,0.0,0.0,1.983597,-10.70381,72.91210652173913,0
R10_sun,noexp_today,44,0.0,0.0,0.0,1.154242,-9.522849,67.07225434782609,0
R10_sun,noexp_today,45,0.0,0.0,0.0,1.468611,-9.764618,61.87671304347826,0
R10_sun,noexp_today,46,0.0,0.0,0.0,1.15649,-9.979101,56.549260869565224,0
R10_sun,noexp_today,47,0.0,0.0,0.0,2.793828,-7.390767,51.10479130434783,0
R10_sun,noexp_today,48,0.0,0.0,0.0,1.717973,-5.161778,47.0725,0
R11_day,exp_coord,1,0.0,0.0,0.0,0.0,-4.933271,40.0,0
R11_day,exp_coord,2,0.0,0.0,0.0,0.0,-4.4372679999999995,37.30847608695652,0
R11_day,exp_coord,3,0.0,0.0,0.0,0.0,-2.984724,34.887558695652174,0
R11_day,exp_coord,4,0.0,0.0,0.0,0.0,-3.31658,33.259130434782605,0
R11_day,exp_coord,5,0.0,0.0,0.0,0.140201,-2.851785,31.44965652173913,0
R11_day,exp_coord,6,0.0,0.0,0.0,0.032261,-3.114471,29.89376304347826,0
R11_day,exp_coord,7,0.0,0.0,0.0,0.112901,-3.245636,28.19455217391304,0
R11_day,exp_coord,8,0.0,0.0,0.0,0.344187,-3.020388,26.42378260869565,0
R11_day,exp_coord,9,0.0,0.013017,0.013029,0.05265,-1.657869,24.775891304347827,0
R11_day,exp_coord,10,0.0,1.633509,1.633642,0.077515,-0.362825,23.871378260869562,0
R11_day,exp_coord,11,0.0,5.420167,5.420364,0.0,0.0,23.67343043478261,0
R11_day,exp_coord,12,0.0,10.091891,10.080304,0.0,-0.019985,23.67343043478261,0
R11_day,exp_coord,13,0.0,15.179446,14.918245,0.0,0.261366,23.661886956521737,0
R11_day,exp_coord,14,5.363493,20.385686,0.0,24.52287,38.554427,23.790230434782607,1
R11_day,exp_coord,15,0.0,23.970019,23.803491,0.0,-0.38709699999999997,42.722219565217394,0
R11_day,exp_coord,16,0.0,29.860074,29.410328,0.0,-0.255714,42.50193478260869,0
R11_day,exp_coord,17,0.0,34.703726,34.019046,0.0,0.534759,42.33789130434783,0
R11_day,exp_coord,18,0.0,37.994566,36.443706,0.0,1.166645,42.59230652173913,0
R11_day,exp_coord,19,0.0,41.779102,0.0,28.477327,69.919553,43.14423043478261,1
R11_day,exp_coord,20,0.0,46.468638,45.313842,0.0,0.888204,77.47791086956522,0
R11_day,exp_coord,21,0.0,48.365948,45.833593,0.0,1.674305,77.89952173913044,0
R11_day,exp_coord,22,0.0,53.075649,47.958534,0.0,4.935704,78.67489130434782,0
R11_day,exp_coord,23,0.0,52.543371,46.355362,0.0,6.188006,81.08865217391305,0
R11_day,exp_coord,24,0.0,52.493056,46.202821,0.0,5.967521,84.1269847826087,0
R11_day,exp_coord,25,0.0,56.244226,48.747009,0.0,7.49719,87.0397195652174,0
R11_day,exp_coord,26,0.0,54.672591000000004,115.960309,0.0,-61.287722,90.72118260869566,1
R11_day,exp_coord,27,0.0,52.105801,31.403718,0.0,20.702087,57.283395652173915,0
R11_day,exp_coord,28,0.0,48.916439,31.474404,0.0,17.442034,67.44906739130435,0
R11_day,exp_coord,29,0.0,47.851786,31.051118000000002,0.0,16.80067,76.01390434782608,0
R11_day,exp_coord,30,0.0,44.786977,31.477439,0.0,13.178775,84.26380217391305,0
R11_day,exp_coord,31,0.0,40.571179,30.793318,0.0,9.558173,90.72805652173913,0
R11_day,exp_coord,32,0.0,36.833141,30.822836,0.0,6.01027,95.40957826086958,0
R11_day,exp_coord,33,0.0,30.750399,28.192731,0.0005,2.402767,98.36089782608695,0
R11_day,exp_coord,34,0.0,25.197287,24.638368,0.0,0.461782,99.53231086956522,0
R11_day,exp_coord,35,0.0,19.552742,19.113915,0.0,-0.27923500000000007,99.75379130434783,0
R11_day,exp_coord,36,0.0,15.354055,15.172668999999999,0.0,-3.0643469999999997,99.57752173913043,0
R11_day,exp_coord,37,0.0,10.109599,10.040858,0.0,-3.566163,97.89578260869565,0
R11_day,exp_coord,38,0.0,5.217196,5.00412,0.0,-4.012871,95.9464195652174,0
R11_day,exp_coord,39,0.0,1.977009,1.515392,0.0,-2.5537509999999997,93.74546956521739,0
R11_day,exp_coord,40,0.0,0.072297,0.061431,0.0,-8.036491999999999,92.32697826086957,0
R11_day,exp_coord,41,0.0,0.0,0.0,0.0,-11.003150999999999,87.94177608695652,0
R11_day,exp_coord,42,0.0,0.0,0.0,1.25062,-10.6054,81.93860434782609,0
R11_day,exp_coord,43,0.0,0.0,0.0,1.983041,-10.704400999999999,76.15244565217391,0
R11_day,exp_coord,44,0.0,0.0,0.0,1.154252,-9.522874,70.31226521739131,0
R11_day,exp_coord,45,0.0,0.0,0.0,1.468565,-9.764698,65.1167152173913,0
R11_day,exp_coord,46,0.0,0.0,30.276747,1.663384,-39.749112000000004,59.78922391304348,1
R11_day,exp_coord,47,0.0,0.0,0.0,2.286901,-7.897712,38.102626086956526,0
R11_day,exp_coord,48,0.0,0.0,0.0,1.717975,-5.161818,33.793743478260865,0
R11_day,exp_today,1,0.0,0.0,0.0,0.0,-4.933247,40.0,0
R11_day,exp_today,2,0.0,0.0,0.0,0.0,-4.437252,37.30848695652174,0
R11_day,exp_today,3,0.0,0.0,0.0,0.0,-2.984695,34.887580434782606,0
R11_day,exp_today,4,0.0,0.0,0.0,0.0,-3.316554,33.259173913043476,0
R11_day,exp_today,5,0.0,0.0,0.0,0.1402,-2.851747,31.449702173913042,0
R11_day,exp_today,6,0.0,0.0,0.0,0.032262,-3.114402,29.893828260869565,0
R11_day,exp_today,7,0.0,0.0,0.0,0.1129,-3.245558,28.194652173913042,0
R11_day,exp_today,8,0.0,0.0,0.0,0.344187,-3.020291,26.42391956521739,0
R11_day,exp_today,9,0.0,0.013017,0.0,0.05265,-1.6446779999999999,24.77608913043478,0
R11_day,exp_today,10,0.0,1.633509,0.0,0.077515,1.27072,23.878060869565214,0
R11_day,exp_today,11,0.0,5.420167,0.0,0.0,5.420166,24.4822652173913,0
R11_day,exp_today,12,0.0,10.091891,0.0,0.0,10.060165,27.143806521739126,0
R11_day,exp_today,13,0.0,15.179446,0.0,0.0,15.179443,32.082071739130434,0
R11_day,exp_today,14,0.0,20.385686,18.493962,1.07828,1.979371,39.53588043478261,1
R11_day,exp_today,15,0.0,23.970019,0.0,0.0,23.41631,40.50783478260869,0
R11_day,exp_today,16,0.0,29.860074,0.034828,0.0,29.119742,51.9761152173913,0
R11_day,exp_today,17,0.0,34.703726,6.5115099999999995,0.0,28.042275,66.23675434782609,0
R11_day,exp_today,18,0.0,37.994566,22.3177,0.0,15.29258,79.99861739130434,0
R11_day,exp_today,19,10.73917,41.779102,24.023771,15.565338,22.244612,87.48700652173913,1
R11_day,exp_today,20,0.0,46.468638,44.659562,0.0,1.542408,98.41011739130434,0
R11_day,exp_today,21,0.0,48.365948,47.218825,0.0,0.28903200000000007,99.15296956521739,0
R11_day,exp_today,22,0.0,53.075649,51.88191,0.0,1.0122010000000001,99.2480956521739,0
R11_day,exp_today,23,0.0,52.543371,52.004349,0.0,0.5389809999999999,99.7352347826087,0
R11_day,exp_today,24,0.0,52.493056,52.49299,0.0,-0.32271,99.99989999999998,0
R11_day,exp_today,25,0.0,56.244226,55.885594,0.0,0.358554,99.82383260869565,0
R11_day,exp_today,26,0.0,54.672591000000004,116.374081,0.0,-61.701495,99.99989999999998,1
R11_day,exp_today,27,0.0,52.105801,2.60797,0.0,49.497808,66.33636739130434,0
R11_day,exp_today,28,0.0,48.916439,33.947534,0.0,14.968855999999999,90.64204347826087,0
R11_day,exp_today,29,0.0,47.851786,43.78903,0.0,4.062705,97.99238913043477,0
R11_day,exp_today,30,0.0,44.786977,44.761281,0.0,-0.105221,99.98735869565218,0
R11_day,exp_today,31,0.0,40.571179,40.425746,0.0,-0.07439799999999999,99.92855652173913,0
R11_day,exp_today,32,0.0,36.833141,36.588874,0.0,0.244092,99.88004130434781,0
R11_day,exp_today,33,0.0,30.750399,30.750223,0.0,-0.155272,99.99989999999998,0
R11_day,exp_today,34,0.0,25.197287,25.141502,0.0,-0.041342,99.9151847826087,0
R11_day,exp_today,35,0.0,19.552742,19.332959,0.0,-0.498294,99.88959782608696,0
R11_day,exp_today,36,0.0,15.354055,15.191544,0.0,-3.08322,99.60575434782608,0
R11_day,exp_today,37,0.0,10.109599,10.06771,0.0,-3.592853,97.91473260869566,0
R11_day,exp_today,38,0.0,5.217196,4.993774,0.0,-4.002388,95.95224130434782,0
R11_day,exp_today,39,0.0,1.977009,1.5380770000000001,0.0,-2.5763,93.7564152173913,0
R11_day,exp_today,40,0.0,0.072297,0.06156300000000001,0.0,-8.036585,92.32687826086956,0
R11_day,exp_today,41,0.0,0.0,0.0,0.0,-11.003148,87.94162608695652,0
R11_day,exp_today,42,0.0,0.0,0.0,1.250592,-10.605415,81.93845217391305,0
R11_day,exp_today,43,0.0,0.0,0.0,1.98354,-10.703874,76.15227608695653,0
R11_day,exp_today,44,0.0,0.0,0.0,1.1542530000000002,-9.52285,70.31238260869566,0
R11_day,exp_today,45,0.0,0.0,0.0,1.468564,-9.764677,65.1168347826087,0
R11_day,exp_today,46,0.0,0.0,30.276814,1.6632339999999999,-39.74933,59.78936304347826,1
R11_day,exp_today,47,0.0,0.0,0.0,2.287049,-7.897547,38.102643478260866,0
R11_day,exp_today,48,0.0,0.0,0.0,1.7179769999999999,-5.161791,33.79385217391304,0
R11_day,noexp_coord,1,0.0,0.0,0.003425,0.0,-4.936752,40.0,0
R11_day,noexp_coord,2,0.0,0.0,0.003771,0.0,-4.441102,37.30657391304348,0
R11_day,noexp_coord,3,0.0,0.0,0.004177,0.0,-2.988973,34.88355,0
R11_day,noexp_coord,4,0.0,0.0,0.004894,0.0,-3.321459,33.252804347826086,0
R11_day,noexp_coord,5,0.0,0.0,0.00576,0.1402,-2.857519,31.440645652173917,0
R11_day,noexp_coord,6,0.0,0.0,0.006691,0.032259,-3.121104,29.88161739130435,0
R11_day,noexp_coord,7,0.0,0.0,0.007859,0.112898,-3.253432,28.178778260869564,0
R11_day,noexp_coord,8,0.0,0.0,0.00862,0.34418400000000005,-3.028931,26.403745652173917,0
R11_day,noexp_coord,9,0.012528000000000001,0.013017,0.009563,0.05265,-1.666803,24.751195652173912,0
R11_day,noexp_coord,10,1.623587,1.633509,0.018485,0.077515,-0.371309,23.841808695652173,0
R11_day,noexp_coord,11,5.4048,5.420167,0.022985000000000002,0.0,-0.007491,23.639226086956523,0
R11_day,noexp_coord,12,10.062834,10.091891,0.022,0.0,-0.024567,23.635139130434784,0
R11_day,noexp_coord,13,14.896664,15.179446,0.022999000000000002,0.0,0.259867,23.621097826086956,0
R11_day,noexp_coord,14,20.251186999999998,20.385686,0.0,25.956148,25.100013,23.74862173913043,1
R11_day,noexp_coord,15,23.723529,23.970019,0.022,0.0,-0.32915300000000003,36.07386739130435,0
R11_day,noexp_coord,16,29.289767,29.860074,0.022,0.0,-0.15716799999999997,35.882039130434784,0
R11_day,noexp_coord,17,33.839264,34.703726,0.0225,0.0,0.6920459999999999,35.76638043478261,0
R11_day,noexp_coord,18,36.230382,37.994566,0.021987,0.0,1.357881,36.098030434782615,0
R11_day,noexp_coord,19,39.288295,41.779102,0.0,39.458829,41.612754,36.743863043478264,1
R11_day,noexp_coord,20,42.598237,46.468638,0.0225,0.0,3.581331,57.1776195652174,0
R11_day,noexp_coord,21,42.618269,48.365948,0.022,0.0,4.86763,58.92168043478261,0
R11_day,noexp_coord,22,43.923735,53.075649,0.0225,0.0,8.948015,61.265108695652174,0
R11_day,noexp_coord,23,42.302886,52.543371,0.023,0.0,10.217493,65.64909130434782,0
R11_day,noexp_coord,24,42.329246,52.493056,0.0225,0.0,9.8186,70.66635217391304,0
R11_day,noexp_coord,25,44.227221,56.244226,0.023,0.0,11.994009,75.47012826086956,0
R11_day,noexp_coord,26,43.500596,54.672591000000004,74.751659,0.0,-63.579663000000004,81.3597347826087,1
R11_day,noexp_coord,27,29.457163,52.105801,0.022997,0.0,22.625642,46.6715,0
R11_day,noexp_coord,28,28.935738999999998,48.916439,0.022998,0.0,19.957703,57.78172173913044,0
R11_day,noexp_coord,29,28.065457,47.851786,0.022998,0.0,19.763329,67.58185869565217,0
R11_day,noexp_coord,30,28.127982,44.786977,0.022494,0.0,16.505738,77.28655869565218,0
R11_day,noexp_coord,31,27.268071,40.571179,0.022499,0.0,13.060924,85.38450217391305,0
R11_day,noexp_coord,32,27.611071,36.833141,0.022997,0.0,9.199078,91.78602608695653,0
R11_day,noexp_coord,33,25.892464,30.750399,0.022499,0.0,4.680132,96.30318695652174,0
R11_day,noexp_coord,34,23.386893,25.197287,0.022,0.0,1.6913360000000002,98.59284347826087,0
R11_day,noexp_coord,35,18.565478,19.552742,0.021499,0.0,0.247761,99.4180652173913,0
R11_day,noexp_coord,36,14.970818,15.354055,0.0205,0.0,-2.882942,99.50056304347825,0
R11_day,noexp_coord,37,10.033791,10.109599,0.019999,0.0,-3.57891,97.90787826086957,0
R11_day,noexp_coord,38,4.995074,5.217196,0.01645,0.0,-4.020146,95.95223260869565,0
R11_day,noexp_coord,39,1.50733,1.977009,0.012983,0.0,-2.558537,93.74768478260869,0
R11_day,noexp_coord,40,0.05956500000000001,0.072297,0.001996,0.0,-8.036584,92.32687173913042,0
R11_day,noexp_coord,41,0.0,0.0,0.0,0.0,-11.003142,87.94162391304347,0
R11_day,noexp_coord,42,0.0,0.0,0.0,1.250593,-10.605421,81.93844347826087,0
R11_day,noexp_coord,43,0.0,0.0,0.0,1.9835289999999999,-10.703885,76.15226086956521,0
R11_day,noexp_coord,44,0.0,0.0,0.0,1.154249,-9.522858,70.31236086956521,0
R11_day,noexp_coord,45,0.0,0.0,0.0,1.468555,-9.764682,65.11681304347826,0
R11_day,noexp_coord,46,0.0,0.0,30.276788,1.6960549999999999,-39.716457,59.78933478260869,1
R11_day,noexp_coord,47,0.0,0.0,0.003139,2.254228,-7.933577,38.12054347826087,0
R11_day,noexp_coord,48,0.0,0.0,0.003545,1.717947,-5.165352,33.79209782608696,0
R11_day,noexp_today,1,0.0,0.0,0.0,0.0,-4.9332460000000005,40.0,0
R11_day,noexp_today,2,0.0,0.0,0.0,0.0,-4.43725,37.30848695652174,0
R11_day,noexp_today,3,0.0,0.0,0.0,0.0,-2.984695,34.887580434782606,0
R11_day,noexp_today,4,0.0,0.0,0.0,0.0,-3.316553,33.259173913043476,0
R11_day,noexp_today,5,0.0,0.0,0.0,0.140199,-2.851748,31.449702173913042,0
R11_day,noexp_today,6,0.0,0.0,0.0,0.032259,-3.114402,29.893828260869565,0
R11_day,noexp_today,7,0.0,0.0,0.0,0.112896,-3.245559,28.19465,0
R11_day,noexp_today,8,0.0,0.0,0.0,0.34418400000000005,-3.020291,26.42391956521739,0
R11_day,noexp_today,9,0.0,0.013017,0.0,0.05265,-1.6446779999999999,24.77608913043478,0
R11_day,noexp_today,10,0.0,1.633509,0.0,0.077515,1.27072,23.878060869565214,0
R11_day,noexp_today,11,0.0,5.420167,0.0,0.0,5.420166,24.4822652173913,0
R11_day,noexp_today,12,0.0,10.091891,0.0,0.0,10.06016,27.143806521739126,0
R11_day,noexp_today,13,0.0,15.179446,0.0,0.0,15.179446,32.082071739130434,0
R11_day,noexp_today,14,0.399677,20.385686,40.768289,0.052848,-21.720064,39.53587826086956,1
R11_day,noexp_today,15,0.0,23.970019,0.0,0.0,23.41632,27.685680434782604,0
R11_day,noexp_today,16,0.0,29.860074,0.0,0.0,29.154573,39.15396739130435,0
R11_day,noexp_today,17,0.914221,34.703726,0.001056,0.0,33.638525,53.431717391304346,0
R11_day,noexp_today,18,16.197295,37.994566,0.0056170000000000005,0.0,21.407426,69.94157608695652,0
R11_day,noexp_today,19,32.439391,41.779102,8.157947,0.112223,0.9571069999999999,80.43261304347826,1
R11_day,noexp_today,20,29.026072,46.468638,0.007743,0.0,17.168258,80.84001304347825,0
R11_day,noexp_today,21,41.899589,48.365948,0.011504,0.0,5.596682,89.2558152173913,0
R11_day,noexp_today,22,48.641385,53.075649,0.012744,0.0,4.240001,91.95722826086957,0
R11_day,noexp_today,23,48.248553,52.543371,0.012933,0.0,4.281766,94.0293695652174,0
R11_day,noexp_today,24,49.854085,52.493056,0.01382,0.0,2.302273,96.1319108695652,0
R11_day,noexp_today,25,53.680378,56.244226,0.014199,0.0,2.549483,97.24482608695652,0
R11_day,noexp_today,26,53.46076,54.672591000000004,65.379659,0.0,-64.167829,98.49673695652173,1
R11_day,noexp_today,27,0.602302,52.105801,0.003088,0.0,51.500402,63.487617391304354,0
R11_day,noexp_today,28,33.281258,48.916439,0.009296,0.0,15.625842,88.77662608695653,0
R11_day,noexp_today,29,43.269004,47.851786,0.013185,0.0,4.569454,96.44960869565217,0
R11_day,noexp_today,30,43.963599,44.786977,0.013999,0.0,0.678441,98.69340434782609,0
R11_day,noexp_today,31,39.563628,40.571179,0.013958,0.0,0.773731,99.01941304347825,0
R11_day,noexp_today,32,35.881121,36.833141,0.014786,0.0,0.937064,99.38736739130434,0
R11_day,noexp_today,33,30.516274,30.750399,0.014475,0.0,0.064189,99.84750217391304,0
R11_day,noexp_today,34,25.036077,25.197287,0.014543,0.0,0.04955300000000001,99.87055217391303,0
R11_day,noexp_today,35,19.318848,19.552742,0.014123,0.0,-0.49829500000000004,99.88959782608696,0
R11_day,noexp_today,36,15.178114,15.354055,0.013444,0.0,-3.08322,99.60575434782608,0
R11_day,noexp_today,37,10.054657,10.109599,0.013056,0.0,-3.592853,97.91473260869566,0
R11_day,noexp_today,38,4.9832469999999995,5.217196,0.010528,0.0,-4.002388,95.95224130434782,0
R11_day,noexp_today,39,1.529707,1.977009,0.00837,0.0,-2.5763,93.7564152173913,0
R11_day,noexp_today,40,0.060319,0.072297,0.0012439999999999999,0.0,-8.03659,92.32687608695652,0
R11_day,noexp_today,41,0.0,0.0,0.0,0.0,-11.003148,87.94162826086958,0
R11_day,noexp_today,42,0.0,0.0,0.0,1.250593,-10.605411,81.93845217391305,0
R11_day,noexp_today,43,0.0,0.0,0.0,1.983527,-10.70388,76.15227826086956,0
R11_day,noexp_today,44,0.0,0.0,0.0,1.154247,-9.522849,70.31238043478261,0
R11_day,noexp_today,45,0.0,0.0,0.0,1.468553,-9.764676,65.11683913043478,0
R11_day,noexp_today,46,0.0,0.0,30.276837,1.696052,-39.716505,59.789360869565215,1
R11_day,noexp_today,47,0.0,0.0,0.0,2.25423,-7.930366,38.12055,0
R11_day,noexp_today,48,0.0,0.0,0.0,1.717945,-5.161804,33.793852173913045,0
REF,exp_coord,1,0.0,0.0,0.0,0.0,-4.933271,40.0,0
REF,exp_coord,2,0.0,0.0,0.0,0.0,-4.4372679999999995,37.30847608695652,0
REF,exp_coord,3,0.0,0.0,0.0,0.0,-2.984724,34.887558695652174,0
REF,exp_coord,4,0.0,0.0,0.0,0.0,-3.31658,33.259130434782605,0
REF,exp_coord,5,0.0,0.0,0.0,0.140201,-2.851785,31.44965652173913,0
REF,exp_coord,6,0.0,0.0,0.0,0.032261,-3.114471,29.89376304347826,0
REF,exp_coord,7,0.0,0.0,0.0,0.112901,-3.245636,28.19455217391304,0
REF,exp_coord,8,0.0,0.0,0.0,0.344187,-3.020388,26.42378260869565,0
REF,exp_coord,9,0.0,0.013017,0.013029,0.05265,-1.657869,24.775891304347827,0
REF,exp_coord,10,0.0,1.633509,1.633642,0.077515,-0.362825,23.871378260869562,0
REF,exp_coord,11,0.0,5.420167,5.420364,0.0,0.0,23.67343043478261,0
REF,exp_coord,12,0.0,10.091891,10.080304,0.0,-0.019985,23.67343043478261,0
REF,exp_coord,13,0.0,15.179446,14.918245,0.0,0.261366,23.661886956521737,0
REF,exp_coord,14,0.0,20.385686,20.263721,0.0,-0.868546,23.790230434782607,0
REF,exp_coord,15,0.0,23.970019,23.579967,0.0,-0.16357600000000003,23.309702173913042,0
REF,exp_coord,16,0.0,29.860074,29.064494,0.0,0.09009400000000006,23.19918043478261,0
REF,exp_coord,17,0.0,34.703726,33.283707,0.0,1.2701,23.204947826086958,0
REF,exp_coord,18,0.0,37.994566,34.90702,0.0,2.7033329999999998,23.820452173913043,0
REF,exp_coord,19,0.0,41.779102,36.872283,0.0,4.569934,25.1269652173913,0
REF,exp_coord,20,0.0,46.468638,37.453339,0.0,8.748737,27.352634782608696,0
REF,exp_coord,21,0.0,48.365948,37.607429,0.0,9.900468,31.634141304347825,0
REF,exp_coord,22,0.0,53.075649,38.448771,0.0,14.445473,36.448926086956526,0
REF,exp_coord,23,0.0,52.543371,37.125209,0.0,15.41817,43.53241086956522,0
REF,exp_coord,24,0.0,52.493056,37.352507,0.0,14.817833,51.10344347826087,0
REF,exp_coord,25,0.0,56.244226,38.691154,0.0,17.553077,58.362078260869566,0
REF,exp_coord,26,0.0,54.672591000000004,38.213391,0.0,16.459201,66.98144347826087,0
REF,exp_coord,27,0.0,52.105801,37.489049,0.0,14.616757,75.06367391304349,0
REF,exp_coord,28,0.0,48.916439,37.410586,0.0,11.505857,82.24117391304347,0
REF,exp_coord,29,0.0,47.851786,37.148428,0.0,10.703357,87.89107391304347,0
REF,exp_coord,30,0.0,44.786977,37.623822,0.0,7.032386,93.14691956521739,0
REF,exp_coord,31,0.0,40.571179,36.351446,0.0,4.000017,96.59299565217391,0
REF,exp_coord,32,0.0,36.833141,34.589705,0.0,2.243419,98.54518913043478,0
REF,exp_coord,33,0.0,30.750399,30.234981,0.0,0.35991700000000004,99.64680652173912,0
REF,exp_coord,34,0.0,25.197287,25.005899,0.0,0.09412800000000002,99.81507826086956,0
REF,exp_coord,35,0.0,19.552742,19.279305,0.0,-0.44474,99.85601739130435,0
REF,exp_coord,36,0.0,15.354055,15.191954,0.0,-3.083703,99.59847608695651,0
REF,exp_coord,37,0.0,10.109599,10.054139,0.0,-3.579475,97.90724782608696,0
REF,exp_coord,38,0.0,5.217196,5.010586,0.0,-4.019215,95.95132391304347,0
REF,exp_coord,39,0.0,1.977009,1.519593,0.0,-2.557928,93.74722826086956,0
REF,exp_coord,40,0.0,0.072297,0.061545,0.0,-8.036596,92.32670869565219,0
REF,exp_coord,41,0.0,0.0,0.0,0.0,-11.003150999999999,87.9414652173913,0
REF,exp_coord,42,0.0,0.0,0.0,1.250655,-10.605364999999999,81.93828695652174,0
REF,exp_coord,43,0.0,0.0,0.0,1.983541,-10.703901,76.15214347826087,0
REF,exp_coord,44,0.0,0.0,0.0,1.154252,-9.522873,70.3122347826087,0
REF,exp_coord,45,0.0,0.0,0.0,1.468565,-9.764694,65.11668913043478,0
REF,exp_coord,46,0.0,0.0,0.0,1.156503,-9.979122,59.78921304347826,0
REF,exp_coord,47,0.0,0.0,0.0,2.793794,-7.39084,54.344728260869566,0
REF,exp_coord,48,0.0,0.0,0.0,1.717968,-5.161797,50.312378260869565,0
REF,exp_today,1,0.0,0.0,0.0,0.0,-4.933247,40.0,0
REF,exp_today,2,0.0,0.0,0.0,0.0,-4.437252,37.30848695652174,0
REF,exp_today,3,0.0,0.0,0.0,0.0,-2.984695,34.887580434782606,0
REF,exp_today,4,0.0,0.0,0.0,0.0,-3.316554,33.259173913043476,0
REF,exp_today,5,0.0,0.0,0.0,0.1402,-2.851747,31.449702173913042,0
REF,exp_today,6,0.0,0.0,0.0,0.032262,-3.114402,29.893828260869565,0
REF,exp_today,7,0.0,0.0,0.0,0.1129,-3.245558,28.194652173913042,0
REF,exp_today,8,0.0,0.0,0.0,0.344187,-3.020291,26.42391956521739,0
REF,exp_today,9,0.0,0.013017,0.0,0.05265,-1.6446779999999999,24.77608913043478,0
REF,exp_today,10,0.0,1.633509,0.0,0.077515,1.27072,23.878060869565214,0
REF,exp_today,11,0.0,5.420167,0.0,0.0,5.420166,24.4822652173913,0
REF,exp_today,12,0.0,10.091891,0.0,0.0,10.060165,27.143806521739126,0
REF,exp_today,13,0.0,15.179446,0.0,0.0,15.179443,32.082071739130434,0
REF,exp_today,14,0.0,20.385686,0.0,0.0,19.39505,39.53588043478261,0
REF,exp_today,15,0.0,23.970019,0.0,0.0,23.416301,49.00569565217391,0
REF,exp_today,16,0.0,29.860074,1.393483,0.0,27.761084,60.47396956521739,0
REF,exp_today,17,0.0,34.703726,15.698508,0.0,18.85527,74.06744347826087,0
REF,exp_today,18,0.0,37.994566,25.030948,0.0,12.579321,83.31806521739131,0
REF,exp_today,19,0.0,41.779102,34.92462,0.0,6.517481,89.4741195652174,0
REF,exp_today,20,0.0,46.468638,41.930555,0.0,4.271399,92.6561152173913,0
REF,exp_today,21,0.0,48.365948,46.146167,0.0,1.361591,94.73901956521739,0
REF,exp_today,22,0.0,53.075649,49.841276,0.0,3.052838,95.36082173913043,0
REF,exp_today,23,0.0,52.543371,49.780472,0.0,2.762742,96.85001086956521,0
REF,exp_today,24,0.0,52.493056,50.939149,0.0,1.231051,98.20663695652173,0
REF,exp_today,25,0.0,56.244226,54.716824,0.0,1.5272620000000001,98.79353695652173,0
REF,exp_today,26,0.0,54.672591000000004,54.025742,0.0,0.646701,99.54349130434782,0
REF,exp_today,27,0.0,52.105801,51.822951,0.0,0.282766,99.86104999999999,0
REF,exp_today,28,0.0,48.916439,48.916364,0.0,0.0,99.99989999999998,0
REF,exp_today,29,0.0,47.851786,47.851631,0.0,0.0,99.99989999999998,0
REF,exp_today,30,0.0,44.786977,44.786822,0.0,-0.130763,99.99989999999998,0
REF,exp_today,31,0.0,40.571179,40.425742,0.0,-0.07439799999999999,99.92855652173913,0
REF,exp_today,32,0.0,36.833141,36.588887,0.0,0.244092,99.88004130434781,0
REF,exp_today,33,0.0,30.750399,30.750236,0.0,-0.155272,99.99989999999998,0
REF,exp_today,34,0.0,25.197287,25.141498,0.0,-0.041342,99.9151847826087,0
REF,exp_today,35,0.0,19.552742,19.332952,0.0,-0.498294,99.88959782608696,0
REF,exp_today,36,0.0,15.354055,15.191537,0.0,-3.08322,99.60575434782608,0
REF,exp_today,37,0.0,10.109599,10.067718,0.0,-3.592853,97.91473260869566,0
REF,exp_today,38,0.0,5.217196,4.993766,0.0,-4.002388,95.95224130434782,0
REF,exp_today,39,0.0,1.977009,1.538074,0.0,-2.5763,93.7564152173913,0
REF,exp_today,40,0.0,0.072297,0.061560000000000004,0.0,-8.036584,92.32687608695652,0
REF,exp_today,41,0.0,0.0,0.0,0.0,-11.003148,87.94162826086958,0
REF,exp_today,42,0.0,0.0,0.0,1.250592,-10.605415,81.93845,0
REF,exp_today,43,0.0,0.0,0.0,1.98354,-10.703874,76.15227608695653,0
REF,exp_today,44,0.0,0.0,0.0,1.1542530000000002,-9.52285,70.31238260869566,0
REF,exp_today,45,0.0,0.0,0.0,1.468564,-9.764677,65.11683260869565,0
REF,exp_today,46,0.0,0.0,0.0,1.156504,-9.979101,59.78936304347826,0
REF,exp_today,47,0.0,0.0,0.0,2.793792,-7.390816,54.34489347826087,0
REF,exp_today,48,0.0,0.0,0.0,1.717967,-5.161781,50.3125652173913,0
REF,noexp_coord,1,0.0,0.0,0.003425,0.0,-4.936752,40.0,0
REF,noexp_coord,2,0.0,0.0,0.003771,0.0,-4.441102,37.30657391304348,0
REF,noexp_coord,3,0.0,0.0,0.004177,0.0,-2.988973,34.88355,0
REF,noexp_coord,4,0.0,0.0,0.004894,0.0,-3.321459,33.252804347826086,0
REF,noexp_coord,5,0.0,0.0,0.00576,0.1402,-2.857519,31.440645652173917,0
REF,noexp_coord,6,0.0,0.0,0.006691,0.032259,-3.121104,29.88161739130435,0
REF,noexp_coord,7,0.0,0.0,0.007859,0.112898,-3.253432,28.178778260869564,0
REF,noexp_coord,8,0.0,0.0,0.00862,0.34418400000000005,-3.028931,26.403745652173917,0
REF,noexp_coord,9,0.012528000000000001,0.013017,0.009563,0.05265,-1.666803,24.751195652173912,0
REF,noexp_coord,10,1.623587,1.633509,0.018485,0.077515,-0.371309,23.841808695652173,0
REF,noexp_coord,11,5.4048,5.420167,0.022985000000000002,0.0,-0.007491,23.639226086956523,0
REF,noexp_coord,12,10.062834,10.091891,0.022,0.0,-0.024567,23.635139130434784,0
REF,noexp_coord,13,14.896664,15.179446,0.022999000000000002,0.0,0.259867,23.621097826086956,0
REF,noexp_coord,14,20.251168,20.385686,0.022,0.0,-0.878072,23.74862173913043,0
REF,noexp_coord,15,23.566838,23.970019,0.022,0.0,-0.172476,23.263417391304348,0
REF,noexp_coord,16,29.062247,29.860074,0.022,0.0,0.07034100000000004,23.148528260869565,0
REF,noexp_coord,17,33.436122,34.703726,0.0225,0.0,1.095188,23.144589130434785,0
REF,noexp_coord,18,35.624767,37.994566,0.022,0.0,1.963586,23.674197826086957,0
REF,noexp_coord,19,38.387112,41.779102,0.021495,0.0,3.033611,24.61745869565217,0
REF,noexp_coord,20,39.395658,46.468638,0.0225,0.0,6.783919,26.08872608695652,0
REF,noexp_coord,21,39.343227999999996,48.365948,0.022,0.0,8.142669,29.40539782608696,0
REF,noexp_coord,22,39.866669,53.075649,0.0225,0.0,13.005086,33.357017391304346,0
REF,noexp_coord,23,37.909698,52.543371,0.023,0.0,14.610685,39.73321739130435,0
REF,noexp_coord,24,37.521281,52.493056,0.0225,0.0,14.626561,46.90772608695652,0
REF,noexp_coord,25,38.565063,56.244226,0.023,0.0,17.656169,54.07243260869565,0
REF,noexp_coord,26,37.650667999999996,54.672591000000004,0.022999000000000002,0.0,16.998928,62.742421739130435,0
REF,noexp_coord,27,36.648858000000004,52.105801,0.023,0.0,15.43395,71.08966956521739,0
REF,noexp_coord,28,36.213163,48.916439,0.023,0.0,12.680285,78.66844782608695,0
REF,noexp_coord,29,35.833413,47.851786,0.023,0.0,11.995369,84.89504347826087,0
REF,noexp_coord,30,36.196843,44.786977,0.022491,0.0,8.436874,90.78530869565218,0
REF,noexp_coord,31,34.909147,40.571179,0.0225,0.0,5.4198189999999995,94.92106521739132,0
REF,noexp_coord,32,33.481237,36.833141,0.023,0.0,3.328828,97.57043695652175,0
REF,noexp_coord,33,29.625284999999998,30.750399,0.0225,0.0,0.947214,99.20502608695652,0
REF,noexp_coord,34,24.729605,25.197287,0.021999,0.0,0.348583,99.66167173913043,0
REF,noexp_coord,35,19.238111,19.552742,0.021500000000000002,0.0,-0.42491900000000005,99.82755,0
REF,noexp_coord,36,15.132017,15.354055,0.0205,0.0,-3.0441849999999997,99.57973478260868,0
REF,noexp_coord,37,10.03379,10.109599,0.019999,0.0,-3.578908,97.90787608695652,0
REF,noexp_coord,38,4.99508,5.217196,0.016443,0.0,-4.020145,95.9522304347826,0
REF,noexp_coord,39,1.5073320000000001,1.977009,0.012982,0.0,-2.558537,93.74768260869565,0
REF,noexp_coord,40,0.059556,0.072297,0.001996,0.0,-8.036578,92.3268695652174,0
REF,noexp_coord,41,0.0,0.0,0.0,0.0,-11.003142,87.94162391304347,0
REF,noexp_coord,42,0.0,0.0,0.0,1.250593,-10.605421,81.93844130434782,0
REF,noexp_coord,43,0.0,0.0,0.0,1.9835289999999999,-10.703886,76.15225652173912,0
REF,noexp_coord,44,0.0,0.0,0.0,1.154249,-9.522857,70.31235869565218,0
REF,noexp_coord,45,0.0,0.0,0.0,1.468556,-9.764681,65.11680869565217,0
REF,noexp_coord,46,0.0,0.0,0.0,1.156491,-9.979105,59.78933478260869,0
REF,noexp_coord,47,0.0,0.0,0.0,2.793777,-7.390827,54.344854347826086,0
REF,noexp_coord,48,0.0,0.0,0.0,1.717978,-5.161783,50.312510869565216,0
REF,noexp_today,1,0.0,0.0,0.0,0.0,-4.9332460000000005,40.0,0
REF,noexp_today,2,0.0,0.0,0.0,0.0,-4.43725,37.30848695652174,0
REF,noexp_today,3,0.0,0.0,0.0,0.0,-2.984695,34.887580434782606,0
REF,noexp_today,4,0.0,0.0,0.0,0.0,-3.316553,33.259173913043476,0
REF,noexp_today,5,0.0,0.0,0.0,0.140199,-2.851748,31.449702173913042,0
REF,noexp_today,6,0.0,0.0,0.0,0.032259,-3.114402,29.893828260869565,0
REF,noexp_today,7,0.0,0.0,0.0,0.112896,-3.245559,28.19465,0
REF,noexp_today,8,0.0,0.0,0.0,0.34418400000000005,-3.020291,26.42391956521739,0
REF,noexp_today,9,0.0,0.013017,0.0,0.05265,-1.6446779999999999,24.77608913043478,0
REF,noexp_today,10,0.0,1.633509,0.0,0.077515,1.27072,23.878060869565214,0
REF,noexp_today,11,0.0,5.420167,0.0,0.0,5.420166,24.4822652173913,0
REF,noexp_today,12,0.0,10.091891,0.0,0.0,10.06016,27.143806521739126,0
REF,noexp_today,13,0.0,15.179446,0.0,0.0,15.179446,32.082071739130434,0
REF,noexp_today,14,0.0,20.385686,0.0,0.0,19.395043,39.53587826086956,0
REF,noexp_today,15,0.0,23.970019,0.0,0.0,23.416311,49.00569130434783,0
REF,noexp_today,16,1.391394,29.860074,0.002079,0.0,27.761102,60.47397173913044,0
REF,noexp_today,17,15.692311,34.703726,0.006132,0.0,18.855332,74.06745000000001,0
REF,noexp_today,18,25.021906,37.994566,0.009051,0.0,12.579312,83.31807173913043,0
REF,noexp_today,19,34.913257,41.779102,0.011385,0.0,6.5174769999999995,89.47412173913044,0
REF,noexp_today,20,41.917586,46.468638,0.012946000000000001,0.0,4.2714,92.65611304347826,0
REF,noexp_today,21,46.132956,48.365948,0.013233,0.0,1.361586,94.73901739130434,0
REF,noexp_today,22,49.827931,53.075649,0.013358,0.0,3.052834,95.3608195652174,0
REF,noexp_today,23,49.766731,52.543371,0.013763000000000001,0.0,2.762746,96.85000652173913,0
REF,noexp_today,24,50.924061,52.493056,0.015054,0.0,1.231053,98.20663695652173,0
REF,noexp_today,25,54.701852,56.244226,0.01494,0.0,1.5272620000000001,98.79353695652173,0
REF,noexp_today,26,54.010896,54.672591000000004,0.01484,0.0,0.646704,99.54349130434782,0
REF,noexp_today,27,51.807111,52.105801,0.015747,0.0,0.28277,99.86104999999999,0
REF,noexp_today,28,48.900491,48.916439,0.015767,0.0,0.0,99.99989999999998,0
REF,noexp_today,29,47.835823,47.851786,0.015771,0.0,0.0,99.99989999999998,0
REF,noexp_today,30,44.771986,44.786977,0.014805,0.0,-0.130763,99.99989999999998,0
REF,noexp_today,31,40.41114,40.571179,0.01461,0.0,-0.07439599999999999,99.92855652173913,0
REF,noexp_today,32,36.573601,36.833141,0.015264,0.0,0.244093,99.88004130434781,0
REF,noexp_today,33,30.735409999999998,30.750399,0.014795,0.0,-0.155272,99.99989999999998,0
REF,noexp_today,34,25.126899,25.197287,0.014614,0.0,-0.041342,99.9151847826087,0
REF,noexp_today,35,19.318848,19.552742,0.014123,0.0,-0.49829500000000004,99.88959782608696,0
REF,noexp_today,36,15.178114,15.354055,0.013444,0.0,-3.08322,99.60575434782608,0
REF,noexp_today,37,10.054657,10.109599,0.013056,0.0,-3.592853,97.91473260869566,0
REF,noexp_today,38,4.9832469999999995,5.217196,0.010528,0.0,-4.002388,95.95224130434782,0
REF,noexp_today,39,1.529707,1.977009,0.00837,0.0,-2.5763,93.7564152173913,0
REF,noexp_today,40,0.060319,0.072297,0.0012439999999999999,0.0,-8.03659,92.32687608695652,0
REF,noexp_today,41,0.0,0.0,0.0,0.0,-11.003148,87.94162826086958,0
REF,noexp_today,42,0.0,0.0,0.0,1.250593,-10.605411,81.93845217391305,0
REF,noexp_today,43,0.0,0.0,0.0,1.983527,-10.70388,76.15227826086956,0
REF,noexp_today,44,0.0,0.0,0.0,1.154247,-9.522849,70.31238043478261,0
REF,noexp_today,45,0.0,0.0,0.0,1.468553,-9.764676,65.11683913043478,0
REF,noexp_today,46,0.0,0.0,0.0,1.1564889999999999,-9.979101,59.789360869565215,0
REF,noexp_today,47,0.0,0.0,0.0,2.7937749999999997,-7.390822,54.34489130434783,0
REF,noexp_today,48,0.0,0.0,0.0,1.717975,-5.161779,50.312567391304356,0
SMOKE,exp_coord,1,0.0,0.0,0.0,0.0,-4.933271,40.0,0
SMOKE,exp_coord,2,0.0,0.0,0.0,0.0,-4.4372679999999995,37.30847608695652,0
SMOKE,exp_coord,3,0.0,0.0,0.0,0.0,-2.984724,34.887558695652174,0
SMOKE,exp_coord,4,0.0,0.0,0.0,0.0,-3.31658,33.259130434782605,0
SMOKE,exp_coord,5,0.0,0.0,0.0,0.140201,-2.851785,31.44965652173913,0
SMOKE,exp_coord,6,0.0,0.0,0.0,0.032261,-3.114471,29.89376304347826,0
SMOKE,exp_coord,7,0.0,0.0,0.0,0.112901,-3.245636,28.19455217391304,0
SMOKE,exp_coord,8,0.0,0.0,0.0,0.344187,-3.020388,26.42378260869565,0
SMOKE,exp_coord,9,0.0,0.013017,0.013029,0.05265,-1.657869,24.775891304347827,0
SMOKE,exp_coord,10,0.0,1.633509,1.633642,0.077515,-0.362825,23.871378260869562,0
SMOKE,exp_coord,11,0.0,5.420167,5.420364,0.0,0.0,23.67343043478261,0
SMOKE,exp_coord,12,0.0,10.091891,26.880949,0.0,-16.820787,23.67343043478261,1
SMOKE,exp_coord,13,0.0,15.179446,14.680377,0.0,0.49917500000000004,14.496230434782609,0
SMOKE,exp_coord,14,0.0,20.385686,19.937541,0.0,-0.542412,14.74135,0
SMOKE,exp_coord,15,0.0,23.970019,23.447519,0.0,-0.031166,14.420973913043477,0
SMOKE,exp_coord,16,0.0,29.860074,28.892741,0.0,0.261847,14.375471739130436,0
SMOKE,exp_coord,17,0.0,34.703726,42.185172,0.0,-7.631357,14.46558043478261,1
SMOKE,exp_coord,18,0.0,37.994566,33.128679,0.0005,4.482188,10.29139347826087,0
SMOKE,exp_coord,19,0.0,41.779102,35.053294,0.0,6.388932,12.471432608695652,0
SMOKE,exp_coord,20,46.468642,46.468638,0.0,49.719089,49.452524,15.590334782608698,1
SMOKE,exp_coord,21,0.0,48.365948,38.969031,0.0,8.538866,39.87377391304348,0
SMOKE,exp_coord,22,0.0,53.075649,114.918006,0.0,-62.023756,44.019954347826086,1
SMOKE,exp_coord,23,0.0,52.543371,30.387258,0.0,22.156117000000002,10.180600000000002,0
SMOKE,exp_coord,24,52.4931,52.493056,0.0,83.102019,82.779266,21.060271739130435,1
SMOKE,exp_coord,25,0.0,56.244226,39.548235,0.0,16.695994,61.70866086956522,0
SMOKE,exp_coord,26,39.950922,54.672591000000004,0.0,36.408035,51.129706,69.90716304347826,1
SMOKE,exp_coord,27,0.0,52.105801,47.220514,0.0,4.885288,95.01417391304348,0
SMOKE,exp_coord,28,0.0,48.916439,46.223719,0.0,2.692704,97.41307391304348,0
SMOKE,exp_coord,29,0.0,47.851786,46.024525,0.0,1.82724,98.73530652173913,0
SMOKE,exp_coord,30,0.0,44.786977,44.104559,0.0,0.5515680000000001,99.63254130434782,0
SMOKE,noexp_coord,1,0.0,0.0,0.003425,0.0,-4.936752,40.0,0
SMOKE,noexp_coord,2,0.0,0.0,0.003771,0.0,-4.441102,37.30657391304348,0
SMOKE,noexp_coord,3,0.0,0.0,0.004177,0.0,-2.988973,34.88355,0
SMOKE,noexp_coord,4,0.0,0.0,0.004894,0.0,-3.321459,33.252804347826086,0
SMOKE,noexp_coord,5,0.0,0.0,0.00576,0.1402,-2.857519,31.440645652173917,0
SMOKE,noexp_coord,6,0.0,0.0,0.006691,0.032259,-3.121104,29.88161739130435,0
SMOKE,noexp_coord,7,0.0,0.0,0.007859,0.112898,-3.253432,28.178778260869564,0
SMOKE,noexp_coord,8,0.0,0.0,0.00862,0.34418400000000005,-3.028931,26.403745652173917,0
SMOKE,noexp_coord,9,0.012528000000000001,0.013017,0.009563,0.05265,-1.666803,24.751195652173912,0
SMOKE,noexp_coord,10,1.623587,1.633509,0.018485,0.077515,-0.371309,23.841808695652173,0
SMOKE,noexp_coord,11,5.4048,5.420167,0.022985000000000002,0.0,-0.007491,23.639226086956523,0
SMOKE,noexp_coord,12,10.060694999999999,10.091891,16.771356,0.0,-16.771888,23.635139130434784,1
SMOKE,noexp_coord,13,14.658819,15.179446,0.022999000000000002,0.0,0.497678,14.484608695652174,0
SMOKE,noexp_coord,14,19.943304,20.385686,0.022,0.0,-0.5702170000000001,14.728915217391304,0
SMOKE,noexp_coord,15,23.452692,23.970019,0.022,0.0,-0.05834700000000001,14.394884782608697,0
SMOKE,noexp_coord,16,28.949122,29.860074,0.022,0.0,0.18346400000000004,14.336034782608694,0
SMOKE,noexp_coord,17,33.047774,34.703726,8.994567,0.0,-7.488527,14.387647826086958,1
SMOKE,noexp_coord,18,34.568877,37.994566,0.022,0.000652,3.0201379999999998,10.29139347826087,0
SMOKE,noexp_coord,19,37.566436,41.779102,0.021490000000000002,0.0,3.854287,11.753465217391303,0
SMOKE,noexp_coord,20,38.406006,46.468638,0.0,41.656271000000004,49.452341,13.62772391304348,1
SMOKE,noexp_coord,21,40.070051,48.365948,0.022,0.0,7.415839,37.911078260869566,0
SMOKE,noexp_coord,22,41.148027,53.075649,69.161769,0.0,-57.415548,41.505791304347824,1
SMOKE,noexp_coord,23,34.267355,52.543371,0.021995,0.0,18.254024,10.180615217391304,0
SMOKE,noexp_coord,24,34.513688,52.493056,0.0,65.122695,82.779355,19.144176086956524,1
SMOKE,noexp_coord,25,39.464351,56.244226,0.023,0.0,16.756878,59.79261086956522,0
SMOKE,noexp_coord,26,38.894614,54.672591000000004,2.43345,1.41433,14.758857,68.02101304347826,1
SMOKE,noexp_coord,27,37.631472,52.105801,0.023,0.0,14.451336,75.26827173913043,0
SMOKE,noexp_coord,28,37.378799,48.916439,0.023,0.0,11.514643,82.3645456521739,0
SMOKE,noexp_coord,29,37.111101,47.851786,0.022999000000000002,0.0,10.717687,88.01875217391306,0
SMOKE,noexp_coord,30,37.4217,44.786977,0.022492,0.0,7.2120239999999995,93.28162826086957,0
WC_EXPORT,exp_coord,1,0.0,0.0,0.0,0.0,-4.933271,40.0,0
WC_EXPORT,exp_coord,2,0.0,0.0,0.0,0.0,-4.4372679999999995,37.30847608695652,0
WC_EXPORT,exp_coord,3,0.0,0.0,0.0,0.0,-2.984724,34.887558695652174,0
WC_EXPORT,exp_coord,4,0.0,0.0,0.0,0.0,-3.31658,33.259130434782605,0
WC_EXPORT,exp_coord,5,0.0,0.0,0.0,0.140201,-2.851785,31.44965652173913,0
WC_EXPORT,exp_coord,6,0.0,0.0,0.0,0.032261,-3.114471,29.89376304347826,0
WC_EXPORT,exp_coord,7,0.0,0.0,0.0,0.112901,-3.245636,28.19455217391304,0
WC_EXPORT,exp_coord,8,0.0,0.0,0.0,0.344187,-3.020388,26.42378260869565,0
WC_EXPORT,exp_coord,9,0.0,0.013017,0.013029,0.05265,-1.657869,24.775891304347827,0
WC_EXPORT,exp_coord,10,0.0,1.633509,1.633642,0.077515,-0.362825,23.871378260869562,0
WC_EXPORT,exp_coord,11,0.0,5.420167,5.420364,0.0,0.0,23.67343043478261,0
WC_EXPORT,exp_coord,12,0.0,10.091891,10.080304,0.0,-0.019985,23.67343043478261,0
WC_EXPORT,exp_coord,13,0.0,15.179446,38.370219,0.0,-23.190777,23.661886956521737,1
WC_EXPORT,exp_coord,14,0.0,20.385686,20.078853,0.0,-0.683784,10.996432608695653,1
WC_EXPORT,exp_coord,15,0.0,23.970019,23.641858,0.0,-0.225543,10.606634782608698,1
WC_EXPORT,exp_coord,16,0.0,29.860074,29.860074,0.001291,-0.7042029999999999,10.465682608695653,1
WC_EXPORT,exp_coord,17,0.0,34.703726,34.110515,0.000756,0.44405000000000006,10.081480434782609,1
WC_EXPORT,exp_coord,18,0.0,37.994566,37.096935,0.0,0.513429,10.29139347826087,1
WC_EXPORT,exp_coord,19,0.0,41.779102,41.72191,0.0,-0.279667,10.522554347826087,1
WC_EXPORT,exp_coord,20,0.0,46.468638,45.765539000000004,0.000509,0.437043,10.366826086956522,1
WC_EXPORT,exp_coord,21,0.0,48.365948,48.319583,0.000518,-0.811171,10.566921739130436,1
WC_EXPORT,exp_coord,22,0.0,53.075649,52.754437,0.0,0.13983,10.12183043478261,1
WC_EXPORT,exp_coord,23,0.0,52.543371,51.763694,0.0,0.779683,10.180602173913043,1
WC_EXPORT,exp_coord,24,0.0,52.493056,51.732396,0.0,0.43795699999999993,10.563460869565217,1
WC_EXPORT,exp_coord,25,0.0,56.244226,55.151426,0.0,1.0928010000000001,10.76091739130435,1
WC_EXPORT,exp_coord,26,0.0,54.672591000000004,53.574145,0.0,1.098446,11.29753043478261,1
WC_EXPORT,exp_coord,27,0.0,52.105801,50.333419,0.0,1.772382,11.836917391304349,1
WC_EXPORT,exp_coord,28,0.0,48.916439,46.46248,0.0,2.4539590000000002,12.707239130434782,1
WC_EXPORT,exp_coord,29,0.0,47.851786,41.521635,0.0,6.330148,13.912243478260871,1
WC_EXPORT,exp_coord,30,0.0,44.786977,36.119018,0.0,8.537194,17.02063695652174,1
WC_EXPORT,exp_coord,31,0.0,40.571179,28.640081,0.0,11.711363,21.20565217391304,1
WC_EXPORT,exp_coord,32,0.0,36.833141,20.798678,0.0,16.034382,26.944473913043478,1
WC_EXPORT,exp_coord,33,0.0,30.750399,13.915877,0.0,16.679119,34.81808260869565,1
WC_EXPORT,exp_coord,34,0.0,25.197287,6.9387609999999995,0.0,18.161438,42.99982391304348,1
WC_EXPORT,exp_coord,35,0.0,19.552742,2.3271,0.0,16.507575,51.91262826086957,1
WC_EXPORT,exp_coord,36,0.0,15.354055,0.13275299999999998,0.0,11.975569,59.979432608695646,1
WC_EXPORT,exp_coord,37,0.0,10.109599,0.004868,0.0,6.470055,65.68294782608696,1
WC_EXPORT,exp_coord,38,0.0,5.217196,0.004093,0.0,0.9871989999999998,68.66179347826088,1
WC_EXPORT,exp_coord,39,0.0,1.977009,0.004054,0.0,-1.042338,68.91603913043478,1
WC_EXPORT,exp_coord,40,0.0,0.072297,0.003275,0.0,-7.978472,68.23970217391305,1
WC_EXPORT,exp_coord,41,0.0,0.0,0.0,0.0,-11.003175,63.88284130434783,0
WC_EXPORT,exp_coord,42,0.0,0.0,0.0,1.2600669999999998,-10.595494,57.879630434782605,0
WC_EXPORT,exp_coord,43,0.0,0.0,0.0,1.9832670000000001,-10.704153,52.098860869565215,0
WC_EXPORT,exp_coord,44,0.0,0.0,0.0,1.154242,-9.52285,46.258826086956525,0
WC_EXPORT,exp_coord,45,0.0,0.0,0.0,1.469176,-9.764058,41.0632847826087,0
WC_EXPORT,exp_coord,46,0.0,0.0,0.0,1.1564889999999999,-9.979103,35.73614130434783,0
WC_EXPORT,exp_coord,47,0.0,0.0,0.0,2.794317,-7.39029,30.29167608695652,0
WC_EXPORT,exp_coord,48,0.0,0.0,0.0,1.724407,-5.155316,26.2596347826087,0
WC_EXPORT,exp_today,1,0.0,0.0,0.0,0.0,-4.933247,40.0,0
WC_EXPORT,exp_today,2,0.0,0.0,0.0,0.0,-4.437252,37.30848695652174,0
WC_EXPORT,exp_today,3,0.0,0.0,0.0,0.0,-2.984695,34.887580434782606,0
WC_EXPORT,exp_today,4,0.0,0.0,0.0,0.0,-3.316554,33.259173913043476,0
WC_EXPORT,exp_today,5,0.0,0.0,0.0,0.1402,-2.851747,31.449702173913042,0
WC_EXPORT,exp_today,6,0.0,0.0,0.0,0.032262,-3.114402,29.893828260869565,0
WC_EXPORT,exp_today,7,0.0,0.0,0.0,0.1129,-3.245558,28.194652173913042,0
WC_EXPORT,exp_today,8,0.0,0.0,0.0,0.344187,-3.020291,26.42391956521739,0
WC_EXPORT,exp_today,9,0.0,0.013017,0.0,0.05265,-1.6446779999999999,24.77608913043478,0
WC_EXPORT,exp_today,10,0.0,1.633509,0.0,0.077515,1.27072,23.878060869565214,0
WC_EXPORT,exp_today,11,0.0,5.420167,0.0,0.0,5.420166,24.4822652173913,0
WC_EXPORT,exp_today,12,0.0,10.091891,0.0,0.0,10.060165,27.143806521739126,0
WC_EXPORT,exp_today,13,0.0,15.179446,53.812782,0.0,-38.633339,32.082071739130434,1
WC_EXPORT,exp_today,14,0.0,20.385686,20.076636,0.0,-0.6815629999999999,10.996432608695653,1
WC_EXPORT,exp_today,15,0.0,23.970019,23.641858,0.0,-0.225518,10.607728260869564,1
WC_EXPORT,exp_today,16,0.0,29.860074,29.860074,0.0,-0.705479,10.46678695652174,1
WC_EXPORT,exp_today,17,0.0,34.703726,34.110515,0.0,0.443303,10.08188695652174,1
WC_EXPORT,exp_today,18,0.0,37.994566,37.096935,0.0,0.513429,10.29139347826087,1
WC_EXPORT,exp_today,19,0.0,41.779102,41.720865,0.0,-0.27861199999999997,10.522554347826087,1
WC_EXPORT,exp_today,20,0.0,46.468638,45.765539000000004,0.0,0.436553,10.367371739130435,1
WC_EXPORT,exp_today,21,0.0,48.365948,48.319583,0.0,-0.81168,10.5672,1
WC_EXPORT,exp_today,22,0.0,53.075649,52.754438,0.0,0.139829,10.12183043478261,1
WC_EXPORT,exp_today,23,0.0,52.543371,51.763694,0.0,0.779683,10.180600000000002,1
WC_EXPORT,exp_today,24,0.0,52.493056,51.732396,0.0,0.43795699999999993,10.563460869565217,1
WC_EXPORT,exp_today,25,0.0,56.244226,55.151427,0.0,1.0928010000000001,10.76091739130435,1
WC_EXPORT,exp_today,26,0.0,54.672591000000004,53.574145,0.0,1.098447,11.29753043478261,1
WC_EXPORT,exp_today,27,0.0,52.105801,50.333418,0.0,1.7723820000000001,11.836917391304349,1
WC_EXPORT,exp_today,28,0.0,48.916439,46.46248,0.0,2.453961,12.70723695652174,1
WC_EXPORT,exp_today,29,0.0,47.851786,41.521625,0.0,6.3301620000000005,13.912245652173914,1
WC_EXPORT,exp_today,30,0.0,44.786977,36.119026,0.0,8.537187,17.02064565217391,1
WC_EXPORT,exp_today,31,0.0,40.571179,28.640106,0.0,11.711338,21.20565652173913,1
WC_EXPORT,exp_today,32,0.0,36.833141,20.798707,0.0,16.034352,26.944465217391304,1
WC_EXPORT,exp_today,33,0.0,30.750399,13.91584,0.0,16.679236,34.81806521739131,1
WC_EXPORT,exp_today,34,0.0,25.197287,6.938772,0.0,18.16144,42.99985652173913,1
WC_EXPORT,exp_today,35,0.0,19.552742,2.327103,0.0,16.507572,51.91265869565218,1
WC_EXPORT,exp_today,36,0.0,15.354055,0.132765,0.0,11.975548999999999,59.97946956521739,1
WC_EXPORT,exp_today,37,0.0,10.109599,0.004671,0.0,6.4702020000000005,65.68297391304348,1
WC_EXPORT,exp_today,38,0.0,5.217196,0.004169,0.0,0.9871679999999997,68.66189347826086,1
WC_EXPORT,exp_today,39,0.0,1.977009,0.004053,0.0,-1.042336,68.91611521739131,1
WC_EXPORT,exp_today,40,0.0,0.072297,0.003255,0.0,-7.978455,68.23978260869565,1
WC_EXPORT,exp_today,41,0.0,0.0,0.0,0.0,-11.003147,63.88292391304348,0
WC_EXPORT,exp_today,42,0.0,0.0,0.0,1.2515800000000001,-10.604424,57.87974347826087,0
WC_EXPORT,exp_today,43,0.0,0.0,0.0,1.985224,-10.702182,52.094108695652174,0
WC_EXPORT,exp_today,44,0.0,0.0,0.0,1.154242,-9.522849,46.25514130434782,0
WC_EXPORT,exp_today,45,0.0,0.0,0.0,1.469696,-9.76353,41.05959782608696,0
WC_EXPORT,exp_today,46,0.0,0.0,0.0,1.156493,-9.979094,35.732741304347826,0
WC_EXPORT,exp_today,47,0.0,0.0,0.0,2.795147,-7.389457,30.288278260869568,0
WC_EXPORT,exp_today,48,0.0,0.0,0.0,1.7186219999999999,-5.161128,26.256686956521737,0
WC_EXPORT,noexp_coord,1,0.0,0.0,0.003425,0.0,-4.936752,40.0,0
WC_EXPORT,noexp_coord,2,0.0,0.0,0.003771,0.0,-4.441102,37.30657391304348,0
WC_EXPORT,noexp_coord,3,0.0,0.0,0.004177,0.0,-2.988973,34.88355,0
WC_EXPORT,noexp_coord,4,0.0,0.0,0.004894,0.0,-3.321459,33.252804347826086,0
WC_EXPORT,noexp_coord,5,0.0,0.0,0.00576,0.1402,-2.857519,31.440645652173917,0
WC_EXPORT,noexp_coord,6,0.0,0.0,0.006691,0.032259,-3.121104,29.88161739130435,0
WC_EXPORT,noexp_coord,7,0.0,0.0,0.007859,0.112898,-3.253432,28.178778260869564,0
WC_EXPORT,noexp_coord,8,0.0,0.0,0.00862,0.34418400000000005,-3.028931,26.403745652173917,0
WC_EXPORT,noexp_coord,9,0.012528000000000001,0.013017,0.009563,0.05265,-1.666803,24.751195652173912,0
WC_EXPORT,noexp_coord,10,1.623587,1.633509,0.018485,0.077515,-0.371309,23.841808695652173,0
WC_EXPORT,noexp_coord,11,5.4048,5.420167,0.022985000000000002,0.0,-0.007491,23.639226086956523,0
WC_EXPORT,noexp_coord,12,10.062834,10.091891,0.022,0.0,-0.024567,23.635139130434784,0
WC_EXPORT,noexp_coord,13,14.895611,15.179446,23.399833,0.0,-23.115998,23.621097826086956,1
WC_EXPORT,noexp_coord,14,19.543598,20.385686,0.533032,0.0,-0.6815629999999999,10.996432608695653,1
WC_EXPORT,noexp_coord,15,23.157614,23.970019,0.484794,0.0,-0.22607300000000002,10.607726086956523,1
WC_EXPORT,noexp_coord,16,28.778285,29.860074,1.081788,0.000509,-0.704979,10.466515217391304,1
WC_EXPORT,noexp_coord,17,32.519665,34.703726,1.590848,0.0,0.443303,10.08188695652174,1
WC_EXPORT,noexp_coord,18,34.569218,37.994566,2.530061,0.0,0.5110859999999999,10.29139347826087,1
WC_EXPORT,noexp_coord,19,37.414015,41.779102,4.306846999999999,0.00114,-0.27751000000000003,10.521395652173913,1
WC_EXPORT,noexp_coord,20,37.910971,46.468638,7.854569,0.000511,0.43704400000000004,10.366815217391306,1
WC_EXPORT,noexp_coord,21,37.889183,48.365948,10.431459,0.000534,-0.812211,10.566915217391305,1
WC_EXPORT,noexp_coord,22,37.405427,53.075649,15.349019,0.000509,0.14029800000000003,10.121282608695653,1
WC_EXPORT,noexp_coord,23,34.268136,52.543371,17.495588,0.0,0.779643,10.180310869565217,1
WC_EXPORT,noexp_coord,24,32.546878,52.493056,19.18555,0.000531,0.43844799999999995,10.563152173913043,1
WC_EXPORT,noexp_coord,25,31.381847,56.244226,23.769551,0.0,1.092834,10.760878260869566,1
WC_EXPORT,noexp_coord,26,28.197195,54.672591000000004,25.377094,0.0,1.0983,11.297508695652175,1
WC_EXPORT,noexp_coord,27,24.400558,52.105801,25.932887,0.0,1.772362,11.836826086956522,1
WC_EXPORT,noexp_coord,28,20.862904,48.916439,25.599874,0.0,2.4536640000000003,12.707134782608694,1
WC_EXPORT,noexp_coord,29,16.730278,47.851786,24.791663,0.0,6.329838,13.911997826086958,1
WC_EXPORT,noexp_coord,30,12.969571,44.786977,23.149754,0.0,8.536846,17.02023260869565,1
WC_EXPORT,noexp_coord,31,9.16843,40.571179,19.472203,0.0,11.710852,21.20508043478261,1
WC_EXPORT,noexp_coord,32,5.8526679999999995,36.833141,14.946785,0.0,16.033691,26.943654347826083,1
WC_EXPORT,noexp_coord,33,3.213305,30.750399,10.703039,0.0,16.678708,34.81692391304348,1
WC_EXPORT,noexp_coord,34,1.260893,25.197287,5.678351,0.0,18.160991,42.99846086956522,1
WC_EXPORT,noexp_coord,35,0.275856,19.552742,2.051556,0.0,16.507247,51.911043478260865,1
WC_EXPORT,noexp_coord,36,0.0,15.354055,0.13294,0.0,11.975363999999999,59.97769130434782,1
WC_EXPORT,noexp_coord,37,0.0,10.109599,0.004697,0.0,6.470173,65.68111304347826,1
WC_EXPORT,noexp_coord,38,0.0,5.217196,0.004671,0.0,0.986707,68.66000869565218,1
WC_EXPORT,noexp_coord,39,0.0,1.977009,0.004202,0.0,-1.042491,68.91401086956522,1
WC_EXPORT,noexp_coord,40,0.001206,0.072297,0.035091000000000004,0.011701,-7.99961,68.23760434782609,1
WC_EXPORT,noexp_coord,41,0.0,0.0,0.0,0.0,-11.003134,63.86916956521739,0
WC_EXPORT,noexp_coord,42,0.0,0.0,0.0,1.251089,-10.604916,57.86599999999999,0
WC_EXPORT,noexp_coord,43,0.0,0.0,0.0,1.98466,-10.702746,52.080099999999995,0
WC_EXPORT,noexp_coord,44,0.0,0.0,0.0,1.1542430000000001,-9.522848,46.240813043478255,0
WC_EXPORT,noexp_coord,45,0.0,0.0,0.0,1.472338,-9.760885,41.045280434782605,0
WC_EXPORT,noexp_coord,46,0.0,0.0,0.0,1.156491,-9.979095,35.71986304347826,0
WC_EXPORT,noexp_coord,47,0.0,0.0,0.0,2.794604,-7.389986,30.27538695652174,0
WC_EXPORT,noexp_coord,48,0.0,0.0,0.0,1.718311,-5.1614320000000005,26.243515217391305,0
WC_EXPORT,noexp_today,1,0.0,0.0,0.0,0.0,-4.9332460000000005,40.0,0
WC_EXPORT,noexp_today,2,0.0,0.0,0.0,0.0,-4.43725,37.30848695652174,0
WC_EXPORT,noexp_today,3,0.0,0.0,0.0,0.0,-2.984695,34.887580434782606,0
WC_EXPORT,noexp_today,4,0.0,0.0,0.0,0.0,-3.316553,33.259173913043476,0
WC_EXPORT,noexp_today,5,0.0,0.0,0.0,0.140199,-2.851748,31.449702173913042,0
WC_EXPORT,noexp_today,6,0.0,0.0,0.0,0.032259,-3.114402,29.893828260869565,0
WC_EXPORT,noexp_today,7,0.0,0.0,0.0,0.112896,-3.245559,28.19465,0
WC_EXPORT,noexp_today,8,0.0,0.0,0.0,0.34418400000000005,-3.020291,26.42391956521739,0
WC_EXPORT,noexp_today,9,0.0,0.013017,0.0,0.05265,-1.6446779999999999,24.77608913043478,0
WC_EXPORT,noexp_today,10,0.0,1.633509,0.0,0.077515,1.27072,23.878060869565214,0
WC_EXPORT,noexp_today,11,0.0,5.420167,0.0,0.0,5.420166,24.4822652173913,0
WC_EXPORT,noexp_today,12,0.0,10.091891,0.0,0.0,10.06016,27.143806521739126,0
WC_EXPORT,noexp_today,13,0.015183,15.179446,53.797598,0.0,-38.633337000000004,32.082071739130434,1
WC_EXPORT,noexp_today,14,0.0,20.385686,20.076636,0.0,-0.681564,10.996432608695653,1
WC_EXPORT,noexp_today,15,0.209396,23.970019,23.432461,0.0,-0.22551600000000005,10.607726086956523,1
WC_EXPORT,noexp_today,16,0.6419900000000001,29.860074,29.218083,0.0,-0.705479,10.46678695652174,1
WC_EXPORT,noexp_today,17,1.318359,34.703726,32.792155,0.0,0.443303,10.08188695652174,1
WC_EXPORT,noexp_today,18,2.505042,37.994566,34.591895,0.0,0.513428,10.29139347826087,1
WC_EXPORT,noexp_today,19,3.843754,41.779102,37.877112,0.0,-0.278611,10.522554347826087,1
WC_EXPORT,noexp_today,20,5.257121,46.468638,40.508416,0.0,0.436553,10.367371739130435,1
WC_EXPORT,noexp_today,21,6.273936,48.365948,42.045652,0.0,-0.81168,10.5672,1
WC_EXPORT,noexp_today,22,6.2291,53.075649,46.525352,0.0,0.13981200000000002,10.12183043478261,1
WC_EXPORT,noexp_today,23,6.001074,52.543371,45.762641,0.0,0.779663,10.180591304347827,1
WC_EXPORT,noexp_today,24,6.433651,52.493056,45.298775,0.0,0.437929,10.563441304347826,1
WC_EXPORT,noexp_today,25,7.616594,56.244226,47.534857,0.0,1.092773,10.760882608695653,1
WC_EXPORT,noexp_today,26,7.02805,54.672591000000004,46.546055,0.0,1.0984859999999999,11.297484782608697,1
WC_EXPORT,noexp_today,27,6.259532999999999,52.105801,44.073978,0.0,1.772291,11.836891304347827,1
WC_EXPORT,noexp_today,28,5.606975,48.916439,40.855789,0.0,2.453677,12.707167391304349,1
WC_EXPORT,noexp_today,29,4.484258,47.851786,37.037651,0.0,6.329875,13.912034782608696,1
WC_EXPORT,noexp_today,30,3.128017,44.786977,32.991253,0.0,8.536901,17.020289130434783,1
WC_EXPORT,noexp_today,31,2.218262,40.571179,26.422586,0.0,11.710643,21.205165217391304,1
WC_EXPORT,noexp_today,32,1.256346,36.833141,19.543262,0.0,16.033536,26.94363260869565,1
WC_EXPORT,noexp_today,33,0.633005,30.750399,13.283305,0.0,16.678705,34.816834782608694,1
WC_EXPORT,noexp_today,34,0.081687,25.197287,6.85748,0.0,18.160983,42.998363043478264,1
WC_EXPORT,noexp_today,35,0.0,19.552742,2.327366,0.0,16.507299,51.910947826086954,1
WC_EXPORT,noexp_today,36,0.0,15.354055,0.132933,0.0,11.975387,59.97762391304347,1
WC_EXPORT,noexp_today,37,0.0,10.109599,0.004678,0.0,6.470195,65.68103913043478,1
WC_EXPORT,noexp_today,38,0.0,5.217196,0.004655,0.0,0.986719,68.65993695652173,1
WC_EXPORT,noexp_today,39,0.0,1.977009,0.003941,0.0,-1.042258,68.91395869565217,1
WC_EXPORT,noexp_today,40,0.0,0.072297,0.003182,0.0,-7.978399,68.23765434782608,1
WC_EXPORT,noexp_today,41,0.0,0.0,0.0,0.0,-11.003148,63.880826086956525,0
WC_EXPORT,noexp_today,42,0.0,0.0,0.0,1.2518189999999998,-10.604187,57.87765652173913,0
WC_EXPORT,noexp_today,43,0.0,0.0,0.0,1.98537,-10.702038,52.09214565217392,0
WC_EXPORT,noexp_today,44,0.0,0.0,0.0,1.154242,-9.522849,46.25325869565218,0
WC_EXPORT,noexp_today,45,0.0,0.0,0.0,1.4698229999999999,-9.763404,41.05771304347826,0
WC_EXPORT,noexp_today,46,0.0,0.0,0.0,1.1564889999999999,-9.979097,35.73092826086956,0
WC_EXPORT,noexp_today,47,0.0,0.0,0.0,2.795334,-7.38926,30.286460869565218,0
WC_EXPORT,noexp_today,48,0.0,0.0,0.0,1.718671,-5.161075,26.25497608695652,0
WC_IMPORT,exp_coord,1,0.0,0.0,0.0,0.0,-4.933271,40.0,0
WC_IMPORT,exp_coord,2,0.0,0.0,0.0,87.23619,82.798945,37.30847608695652,1
WC_IMPORT,exp_coord,3,0.0,0.0,0.0,47.855017000000004,44.870321,77.96652826086957,1
WC_IMPORT,exp_coord,4,0.0,0.0,0.0,3.316554,0.0,99.99989999999998,1
WC_IMPORT,exp_coord,5,0.0,0.0,0.0,2.991943,0.0,99.99989999999998,1
WC_IMPORT,exp_coord,6,0.0,0.0,0.0,3.146662,0.0,99.99989999999998,1
WC_IMPORT,exp_coord,7,0.0,0.0,0.0,3.358456,0.0,99.99989999999998,1
WC_IMPORT,exp_coord,8,0.0,0.0,0.0,3.364483,0.0,99.99989999999998,1
WC_IMPORT,exp_coord,9,0.013017,0.013017,0.0,1.710353,0.0,99.99989999999998,1
WC_IMPORT,exp_coord,10,1.633514,1.633509,0.0,0.44030800000000003,0.0,99.99989999999998,1
WC_IMPORT,exp_coord,11,5.42017,5.420167,0.0,0.0,0.0,99.99989999999998,1
WC_IMPORT,exp_coord,12,10.091893,10.091891,0.0,0.031724999999999996,0.0,99.99989999999998,1
WC_IMPORT,exp_coord,13,15.179449,15.179446,0.0,0.0,0.0,99.99989999999998,1
WC_IMPORT,exp_coord,14,20.385689,20.385686,0.0,0.990632,0.0,99.99989999999998,1
WC_IMPORT,exp_coord,15,23.970021,23.970019,0.0,0.553697,0.0,99.99989999999998,1
WC_IMPORT,exp_coord,16,29.86008,29.860074,0.0,0.7054929999999999,0.0,99.99989999999998,1
WC_IMPORT,exp_coord,17,34.703726,34.703726,0.0,0.149916,0.0,99.99989999999998,1
WC_IMPORT,exp_coord,18,37.994573,37.994566,0.0,0.384215,0.0,99.99989999999998,1
WC_IMPORT,exp_coord,19,41.779108,41.779102,0.0,0.336876,0.0,99.99989999999998,1
WC_IMPORT,exp_coord,20,46.468641,46.468638,0.0,0.26656,0.0,99.99989999999998,1
WC_IMPORT,exp_coord,21,48.365961,48.365948,0.0,0.858059,0.0,99.99989999999998,1
WC_IMPORT,exp_coord,22,53.075653,53.075649,0.0,0.181397,0.0,99.99989999999998,1
WC_IMPORT,exp_coord,23,52.543374,52.543371,0.0,0.0,0.0,99.99989999999998,1
WC_IMPORT,exp_coord,24,52.493058,52.493056,0.0,0.32271,0.0,99.99989999999998,1
WC_IMPORT,exp_coord,25,56.244231,56.244226,0.0,0.0,0.0,99.99989999999998,1
WC_IMPORT,exp_coord,26,54.672592,54.672591000000004,0.0,0.0,0.0,99.99989999999998,1
WC_IMPORT,exp_coord,27,52.105826,52.105801,0.0,0.0,0.0,99.99989999999998,1
WC_IMPORT,exp_coord,28,48.916453000000004,48.916439,0.0,0.0,0.0,99.99989999999998,1
WC_IMPORT,exp_coord,29,47.851786,47.851786,0.0,0.0,0.0,99.99989999999998,1
WC_IMPORT,exp_coord,30,44.786988,44.786977,0.0,0.130763,0.0,99.99989999999998,1
WC_IMPORT,exp_coord,31,40.571196,40.571179,0.0,0.219687,0.0,99.99989999999998,1
WC_IMPORT,exp_coord,32,36.833155,36.833141,0.0,0.0,0.0,99.99989999999998,1
WC_IMPORT,exp_coord,33,30.7504,30.750399,0.0,0.155272,0.0,99.99989999999998,1
WC_IMPORT,exp_coord,34,25.197291,25.197287,0.0,0.096952,0.0,99.99989999999998,1
WC_IMPORT,exp_coord,35,0.0,19.552742,19.552605,0.0,-0.7179070000000001,99.99989999999998,0
WC_IMPORT,exp_coord,36,0.0,15.354055,15.205499,0.0,-3.097162,99.6082195652174,0
WC_IMPORT,exp_coord,37,0.0,10.109599,10.053799,0.0,-3.578911,97.91035217391304,0
WC_IMPORT,exp_coord,38,0.0,5.217196,5.011543,0.0,-4.020148,95.9547043478261,0
WC_IMPORT,exp_coord,39,0.0,1.977009,1.520326,0.0,-2.558544,93.75015869565217,0
WC_IMPORT,exp_coord,40,0.0,0.072297,0.06156400000000001,0.0,-8.036592,92.32934130434782,0
WC_IMPORT,exp_coord,41,0.0,0.0,0.0,0.0,-11.003152,87.94409565217391,0
WC_IMPORT,exp_coord,42,0.0,0.0,0.0,1.250593,-10.605427,81.94091739130435,0
WC_IMPORT,exp_coord,43,0.0,0.0,0.0,1.979023,-10.708414,76.15474130434782,0
WC_IMPORT,exp_coord,44,0.0,0.0,0.0,1.154252,-9.522876,70.31237826086956,0
WC_IMPORT,exp_coord,45,0.0,0.0,0.0,1.468565,-9.764687,65.11682391304348,0
WC_IMPORT,exp_coord,46,0.0,0.0,0.0,1.156502,-9.979125,59.78934565217391,0
WC_IMPORT,exp_coord,47,0.0,0.0,0.0,2.793794,-7.390839,54.3448652173913,0
WC_IMPORT,exp_coord,48,0.0,0.0,0.0,1.717968,-5.161796,50.31251739130435,0
WC_IMPORT,exp_today,1,0.0,0.0,0.0,0.0,-4.933247,40.0,0
WC_IMPORT,exp_today,2,0.0,0.0,0.0,87.23619,82.798945,37.30848695652174,1
WC_IMPORT,exp_today,3,0.0,0.0,0.0,47.854991,44.870301,77.96654130434783,1
WC_IMPORT,exp_today,4,0.0,0.0,0.0,3.316554,0.0,99.99989999999998,1
WC_IMPORT,exp_today,5,0.0,0.0,0.0,2.991943,0.0,99.99989999999998,1
WC_IMPORT,exp_today,6,0.0,0.0,0.0,3.146662,0.0,99.99989999999998,1
WC_IMPORT,exp_today,7,0.0,0.0,0.0,3.358456,0.0,99.99989999999998,1
WC_IMPORT,exp_today,8,0.0,0.0,0.0,3.364483,0.0,99.99989999999998,1
WC_IMPORT,exp_today,9,0.013017,0.013017,0.0,1.710353,0.0,99.99989999999998,1
WC_IMPORT,exp_today,10,1.633514,1.633509,0.0,0.44030800000000003,0.0,99.99989999999998,1
WC_IMPORT,exp_today,11,5.42017,5.420167,0.0,0.0,0.0,99.99989999999998,1
WC_IMPORT,exp_today,12,10.091894,10.091891,0.0,0.031724999999999996,0.0,99.99989999999998,1
WC_IMPORT,exp_today,13,15.17945,15.179446,0.0,0.0,0.0,99.99989999999998,1
WC_IMPORT,exp_today,14,20.385689,20.385686,0.0,0.990632,0.0,99.99989999999998,1
WC_IMPORT,exp_today,15,23.970026999999998,23.970019,0.0,0.553697,0.0,99.99989999999998,1
WC_IMPORT,exp_today,16,29.86008,29.860074,0.0,0.7054929999999999,0.0,99.99989999999998,1
WC_IMPORT,exp_today,17,34.703726,34.703726,0.0,0.149916,0.0,99.99989999999998,1
WC_IMPORT,exp_today,18,37.994573,37.994566,0.0,0.384215,0.0,99.99989999999998,1
WC_IMPORT,exp_today,19,41.779108,41.779102,0.0,0.336876,0.0,99.99989999999998,1
WC_IMPORT,exp_today,20,46.468641,46.468638,0.0,0.26656,0.0,99.99989999999998,1
WC_IMPORT,exp_today,21,48.365961,48.365948,0.0,0.858059,0.0,99.99989999999998,1
WC_IMPORT,exp_today,22,53.075653,53.075649,0.0,0.181397,0.0,99.99989999999998,1
WC_IMPORT,exp_today,23,52.543374,52.543371,0.0,0.0,0.0,99.99989999999998,1
WC_IMPORT,exp_today,24,52.493058,52.493056,0.0,0.32271,0.0,99.99989999999998,1
WC_IMPORT,exp_today,25,56.244231,56.244226,0.0,0.0,0.0,99.99989999999998,1
WC_IMPORT,exp_today,26,54.672592,54.672591000000004,0.0,0.0,0.0,99.99989999999998,1
WC_IMPORT,exp_today,27,52.105826,52.105801,0.0,0.0,0.0,99.99989999999998,1
WC_IMPORT,exp_today,28,48.916453000000004,48.916439,0.0,0.0,0.0,99.99989999999998,1
WC_IMPORT,exp_today,29,47.851786,47.851786,0.0,0.0,0.0,99.99989999999998,1
WC_IMPORT,exp_today,30,44.786988,44.786977,0.0,0.130763,0.0,99.99989999999998,1
WC_IMPORT,exp_today,31,40.571196,40.571179,0.0,0.219687,0.0,99.99989999999998,1
WC_IMPORT,exp_today,32,36.833155,36.833141,0.0,0.0,0.0,99.99989999999998,1
WC_IMPORT,exp_today,33,30.7504,30.750399,0.0,0.155272,0.0,99.99989999999998,1
WC_IMPORT,exp_today,34,25.197291,25.197287,0.0,0.096952,0.0,99.99989999999998,1
WC_IMPORT,exp_today,35,0.0,19.552742,19.552563,0.0,-0.7179070000000001,99.99989999999998,0
WC_IMPORT,exp_today,36,0.0,15.354055,15.191544,0.0,-3.08322,99.6082195652174,0
WC_IMPORT,exp_today,37,0.0,10.109599,10.06771,0.0,-3.592853,97.91719565217392,0
WC_IMPORT,exp_today,38,0.0,5.217196,4.993774,0.0,-4.002388,95.9547043478261,0
WC_IMPORT,exp_today,39,0.0,1.977009,1.538076,0.0,-2.576301,93.7588804347826,0
WC_IMPORT,exp_today,40,0.0,0.072297,0.06156300000000001,0.0,-8.036585,92.32934130434782,0
WC_IMPORT,exp_today,41,0.0,0.0,0.0,0.0,-11.003148,87.94409130434782,0
WC_IMPORT,exp_today,42,0.0,0.0,0.0,1.250593,-10.605414,81.94091521739131,0
WC_IMPORT,exp_today,43,0.0,0.0,0.0,1.979022,-10.708392,76.15474347826087,0
WC_IMPORT,exp_today,44,0.0,0.0,0.0,1.1542530000000002,-9.52285,70.31238260869566,0
WC_IMPORT,exp_today,45,0.0,0.0,0.0,1.468565,-9.764677,65.1168347826087,0
WC_IMPORT,exp_today,46,0.0,0.0,0.0,1.156504,-9.979101,59.789360869565215,0
WC_IMPORT,exp_today,47,0.0,0.0,0.0,2.793792,-7.390816,54.34489347826087,0
WC_IMPORT,exp_today,48,0.0,0.0,0.0,1.717967,-5.161781,50.312567391304356,0
WC_IMPORT,noexp_coord,1,0.0,0.0,0.003425,0.0,-4.936752,40.0,0
WC_IMPORT,noexp_coord,2,0.0,0.0,0.0,87.236187,82.798939,37.30657391304348,1
WC_IMPORT,noexp_coord,3,0.0,0.0,0.0,47.858903,44.874208,77.96461739130434,1
WC_IMPORT,noexp_coord,4,0.0,0.0,0.0,3.316554,0.0,99.99989999999998,1
WC_IMPORT,noexp_coord,5,0.0,0.0,0.0,2.991943,0.0,99.99989999999998,1
WC_IMPORT,noexp_coord,6,0.0,0.0,0.0,3.146662,0.0,99.99989999999998,1
WC_IMPORT,noexp_coord,7,0.0,0.0,0.0,3.358456,0.0,99.99989999999998,1
WC_IMPORT,noexp_coord,8,0.0,0.0,0.0,3.364483,0.0,99.99989999999998,1
WC_IMPORT,noexp_coord,9,0.013016,0.013017,0.0,1.710353,0.0,99.99989999999998,1
WC_IMPORT,noexp_coord,10,1.630505,1.633509,0.002811,0.44030800000000003,0.0,99.99989999999998,1
WC_IMPORT,noexp_coord,11,5.4171439999999995,5.420167,0.002801,0.0,0.0,99.99989999999998,1
WC_IMPORT,noexp_coord,12,10.089562,10.091891,0.002277,0.031724999999999996,0.0,99.99989999999998,1
WC_IMPORT,noexp_coord,13,15.177137,15.179446,0.002307,0.0,0.0,99.99989999999998,1
WC_IMPORT,noexp_coord,14,20.36383,20.385686,0.021854,0.990632,0.0,99.99989999999998,1
WC_IMPORT,noexp_coord,15,23.948184,23.970019,0.021837,0.553697,0.0,99.99989999999998,1
WC_IMPORT,noexp_coord,16,29.838203,29.860074,0.021867,0.7054929999999999,0.0,99.99989999999998,1
WC_IMPORT,noexp_coord,17,34.681328,34.703726,0.022401,0.149916,0.0,99.99989999999998,1
WC_IMPORT,noexp_coord,18,37.972641,37.994566,0.021933,0.384215,0.0,99.99989999999998,1
WC_IMPORT,noexp_coord,19,41.757734,41.779102,0.021366,0.336876,0.0,99.99989999999998,1
WC_IMPORT,noexp_coord,20,46.446177,46.468638,0.022463,0.26656,0.0,99.99989999999998,1
WC_IMPORT,noexp_coord,21,48.343984999999996,48.365948,0.021975,0.858059,0.0,99.99989999999998,1
WC_IMPORT,noexp_coord,22,53.053149,53.075649,0.022495,0.181397,0.0,99.99989999999998,1
WC_IMPORT,noexp_coord,23,52.520353,52.543371,0.023015,0.0,0.0,99.99989999999998,1
WC_IMPORT,noexp_coord,24,52.47055,52.493056,0.022507,0.32271,0.0,99.99989999999998,1
WC_IMPORT,noexp_coord,25,56.221146,56.244226,0.023083,0.0,0.0,99.99989999999998,1
WC_IMPORT,noexp_coord,26,54.649501,54.672591000000004,0.023089,0.0,0.0,99.99989999999998,1
WC_IMPORT,noexp_coord,27,52.082701,52.105801,0.023105,0.0,0.0,99.99989999999998,1
WC_IMPORT,noexp_coord,28,48.893345000000004,48.916439,0.023096,0.0,0.0,99.99989999999998,1
WC_IMPORT,noexp_coord,29,47.828656,47.851786,0.023125,0.0,0.0,99.99989999999998,1
WC_IMPORT,noexp_coord,30,44.764378,44.786977,0.022594,0.130763,0.0,99.99989999999998,1
WC_IMPORT,noexp_coord,31,40.548552,40.571179,0.022628,0.219687,0.0,99.99989999999998,1
WC_IMPORT,noexp_coord,32,36.809994,36.833141,0.023149,0.0,0.0,99.99989999999998,1
WC_IMPORT,noexp_coord,33,30.72774,30.750399,0.022655,0.155272,0.0,99.99989999999998,1
WC_IMPORT,noexp_coord,34,25.174636,25.197287,0.022652,0.096952,0.0,99.99989999999998,1
WC_IMPORT,noexp_coord,35,19.530603,19.552742,0.022,0.0,-0.717906,99.99989999999998,0
WC_IMPORT,noexp_coord,36,15.185003,15.354055,0.0205,0.0,-3.0971599999999997,99.6082195652174,0
WC_IMPORT,noexp_coord,37,10.033806,10.109599,0.019999,0.0,-3.578908,97.91035000000001,0
WC_IMPORT,noexp_coord,38,4.995087,5.217196,0.016453,0.0,-4.020148,95.9547043478261,0
WC_IMPORT,noexp_coord,39,1.507338,1.977009,0.012983,0.0,-2.558538,93.75015869565217,0
WC_IMPORT,noexp_coord,40,0.059566999999999995,0.072297,0.001996,0.0,-8.036578,92.32934347826087,0
WC_IMPORT,noexp_coord,41,0.0,0.0,0.0,0.0,-11.003136,87.94409565217391,0
WC_IMPORT,noexp_coord,42,0.0,0.0,0.0,1.250593,-10.60542,81.94091739130435,0
WC_IMPORT,noexp_coord,43,0.0,0.0,0.0,1.9790109999999999,-10.708402,76.15473913043478,0
WC_IMPORT,noexp_coord,44,0.0,0.0,0.0,1.154249,-9.522857,70.31237173913043,0
WC_IMPORT,noexp_coord,45,0.0,0.0,0.0,1.468555,-9.764682,65.11682391304348,0
WC_IMPORT,noexp_coord,46,0.0,0.0,0.0,1.156491,-9.979105,59.78934565217391,0
WC_IMPORT,noexp_coord,47,0.0,0.0,0.0,2.793778,-7.390827,54.3448652173913,0
WC_IMPORT,noexp_coord,48,0.0,0.0,0.0,1.717978,-5.161783,50.31251956521739,0
WC_IMPORT,noexp_today,1,0.0,0.0,0.0,0.0,-4.9332460000000005,40.0,0
WC_IMPORT,noexp_today,2,0.0,0.0,0.0,87.236187,82.798939,37.30848695652174,1
WC_IMPORT,noexp_today,3,0.0,0.0,0.0,47.854991,44.870301,77.96653913043478,1
WC_IMPORT,noexp_today,4,0.0,0.0,0.0,3.316554,0.0,99.99989999999998,1
WC_IMPORT,noexp_today,5,0.0,0.0,0.0,2.991943,0.0,99.99989999999998,1
WC_IMPORT,noexp_today,6,0.0,0.0,0.0,3.146662,0.0,99.99989999999998,1
WC_IMPORT,noexp_today,7,0.0,0.0,0.0,3.358456,0.0,99.99989999999998,1
WC_IMPORT,noexp_today,8,0.0,0.0,0.0,3.364483,0.0,99.99989999999998,1
WC_IMPORT,noexp_today,9,0.012369999999999999,0.013017,0.0006479999999999999,1.710353,0.0,99.99989999999998,1
WC_IMPORT,noexp_today,10,1.621967,1.633509,0.011543,0.44030800000000003,0.0,99.99989999999998,1
WC_IMPORT,noexp_today,11,5.404587,5.420167,0.015583,0.0,0.0,99.99989999999998,1
WC_IMPORT,noexp_today,12,10.076941,10.091891,0.01495,0.031724999999999996,0.0,99.99989999999998,1
WC_IMPORT,noexp_today,13,15.16359,15.179446,0.015858,0.0,0.0,99.99989999999998,1
WC_IMPORT,noexp_today,14,20.370587,20.385686,0.015094,0.990632,0.0,99.99989999999998,1
WC_IMPORT,noexp_today,15,23.954727,23.970019,0.015298,0.553697,0.0,99.99989999999998,1
WC_IMPORT,noexp_today,16,29.845129,29.860074,0.014939000000000001,0.7054929999999999,0.0,99.99989999999998,1
WC_IMPORT,noexp_today,17,34.688029,34.703726,0.015695,0.149916,0.0,99.99989999999998,1
WC_IMPORT,noexp_today,18,37.979773,37.994566,0.014797,0.384215,0.0,99.99989999999998,1
WC_IMPORT,noexp_today,19,41.763738000000004,41.779102,0.015365,0.336876,0.0,99.99989999999998,1
WC_IMPORT,noexp_today,20,46.453353,46.468638,0.015287,0.26656,0.0,99.99989999999998,1
WC_IMPORT,noexp_today,21,48.351266,48.365948,0.014684,0.858059,0.0,99.99989999999998,1
WC_IMPORT,noexp_today,22,53.060498,53.075649,0.015147,0.181397,0.0,99.99989999999998,1
WC_IMPORT,noexp_today,23,52.526958,52.543371,0.016413,0.0,0.0,99.99989999999998,1
WC_IMPORT,noexp_today,24,52.477423,52.493056,0.015634,0.32271,0.0,99.99989999999998,1
WC_IMPORT,noexp_today,25,56.227926,56.244226,0.016304,0.0,0.0,99.99989999999998,1
WC_IMPORT,noexp_today,26,54.657247,54.672591000000004,0.015339,0.0,0.0,99.99989999999998,1
WC_IMPORT,noexp_today,27,52.089442,52.105801,0.016363,0.0,0.0,99.99989999999998,1
WC_IMPORT,noexp_today,28,48.900326,48.916439,0.016118,0.0,0.0,99.99989999999998,1
WC_IMPORT,noexp_today,29,47.835911,47.851786,0.01587,0.0,0.0,99.99989999999998,1
WC_IMPORT,noexp_today,30,44.771868,44.786977,0.015109,0.130763,0.0,99.99989999999998,1
WC_IMPORT,noexp_today,31,40.555549,40.571179,0.015635,0.219687,0.0,99.99989999999998,1
WC_IMPORT,noexp_today,32,36.817676,36.833141,0.015469,0.0,0.0,99.99989999999998,1
WC_IMPORT,noexp_today,33,30.735136,30.750399,0.015260000000000001,0.155272,0.0,99.99989999999998,1
WC_IMPORT,noexp_today,34,25.182196,25.197287,0.015087,0.096952,0.0,99.99989999999998,1
WC_IMPORT,noexp_today,35,19.538015,19.552742,0.014559,0.0,-0.7179070000000001,99.99989999999998,0
WC_IMPORT,noexp_today,36,15.178114,15.354055,0.013444,0.0,-3.08322,99.6082195652174,0
WC_IMPORT,noexp_today,37,10.054657,10.109599,0.013056,0.0,-3.592853,97.91719565217392,0
WC_IMPORT,noexp_today,38,4.9832469999999995,5.217196,0.010528,0.0,-4.002388,95.9547043478261,0
WC_IMPORT,noexp_today,39,1.529707,1.977009,0.00837,0.0,-2.5763,93.7588804347826,0
WC_IMPORT,noexp_today,40,0.060319,0.072297,0.0012439999999999999,0.0,-8.03659,92.32934130434782,0
WC_IMPORT,noexp_today,41,0.0,0.0,0.0,0.0,-11.003148,87.94409347826087,0
WC_IMPORT,noexp_today,42,0.0,0.0,0.0,1.250593,-10.605411,81.94091521739131,0
WC_IMPORT,noexp_today,43,0.0,0.0,0.0,1.979009,-10.708398,76.15474347826087,0
WC_IMPORT,noexp_today,44,0.0,0.0,0.0,1.154247,-9.522849,70.31238043478261,0
WC_IMPORT,noexp_today,45,0.0,0.0,0.0,1.468553,-9.764676,65.11683913043478,0
WC_IMPORT,noexp_today,46,0.0,0.0,0.0,1.1564889999999999,-9.979101,59.789360869565215,0
WC_IMPORT,noexp_today,47,0.0,0.0,0.0,2.7937749999999997,-7.390822,54.34489130434783,0
WC_IMPORT,noexp_today,48,0.0,0.0,0.0,1.717975,-5.161779,50.312567391304356,0
